date,open,high,low,close,volume
2011-01-04,4858.5,4875.7001953125,4836.2001953125,4849.5,1032423100
2011-01-05,4846.10009765625,4854.39990234375,4811.2001953125,4820.89990234375,1075484200
2011-01-06,4823.2001953125,4836.2998046875,4803.7001953125,4831.10009765625,938336800
2011-01-07,4824.39990234375,4825.39990234375,4798.89990234375,4812.0,1012783900
2011-01-10,4809.5,4820.7001953125,4794.60009765625,4818.7001953125,746296200
2011-01-11,4816.0,4818.0,4798.7998046875,4814.89990234375,1059187000
2011-01-12,4822.10009765625,4831.89990234375,4815.5,4831.89990234375,1120727700
2011-01-13,4843.0,4901.5,4842.7998046875,4901.5,1194404600
2011-01-14,4896.39990234375,4909.2998046875,4891.2998046875,4908.60009765625,881335600
2011-01-17,4909.7998046875,4913.5,4864.7998046875,4872.60009765625,849583800
2011-01-18,4872.0,4916.60009765625,4870.7998046875,4911.60009765625,1024114100
2011-01-19,4914.10009765625,4948.2998046875,4901.2001953125,4944.2001953125,1176352400
2011-01-20,4933.2001953125,4933.60009765625,4889.39990234375,4892.0,1195226300
2011-01-21,4886.39990234375,4901.10009765625,4847.10009765625,4860.89990234375,1339715500
2011-01-24,4860.7998046875,4893.39990234375,4857.2998046875,4888.10009765625,1065290700
2011-01-25,4891.10009765625,4925.0,4891.10009765625,4909.0,1092876800
2011-01-27,4912.89990234375,4916.0,4899.2001953125,4907.0,1197531800
2011-01-28,4904.7998046875,4905.0,4854.89990234375,4872.5,1176393500
2011-01-31,4857.60009765625,4857.60009765625,4816.10009765625,4850.0,990059600
2011-02-01,4854.2998046875,4864.39990234375,4849.7001953125,4852.0,1218983100
2011-02-02,4866.89990234375,4907.89990234375,4866.89990234375,4897.89990234375,1388297300
2011-02-03,4903.2998046875,4922.10009765625,4892.5,4919.2998046875,1158561200
2011-02-04,4924.2001953125,4965.60009765625,4923.5,4958.7998046875,1357542400
2011-02-07,4956.7001953125,4966.10009765625,4955.7998046875,4964.2998046875,969420800
2011-02-08,4971.0,4985.60009765625,4968.60009765625,4983.10009765625,1243248300
2011-02-09,4991.5,5020.7998046875,4990.89990234375,4995.10009765625,1437053100
2011-02-10,4992.60009765625,5002.60009765625,4992.5,5001.7001953125,1180706000
2011-02-11,4997.2001953125,4997.2001953125,4970.60009765625,4970.60009765625,1082816100
2011-02-14,4980.10009765625,5025.2001953125,4975.5,5023.39990234375,1097278400
2011-02-15,5023.89990234375,5026.7998046875,5008.39990234375,5019.39990234375,0
2011-02-16,5013.2001953125,5027.0,5007.5,5018.60009765625,1075033800
2011-02-17,5022.10009765625,5032.2001953125,5021.0,5026.0,1366372600
2011-02-18,5018.2001953125,5028.0,5015.2001953125,5026.10009765625,1108210800
2011-02-21,5014.7001953125,5015.5,4973.5,4990.89990234375,1196569900
2011-02-22,5002.89990234375,5006.39990234375,4945.2998046875,4947.2998046875,1148415700
2011-02-23,4939.7998046875,4943.2998046875,4921.2998046875,4935.60009765625,1382828600
2011-02-24,4929.7998046875,4930.39990234375,4896.7001953125,4901.10009765625,1305370200
2011-02-25,4896.2998046875,4933.39990234375,4889.89990234375,4924.89990234375,1254648100
2011-02-28,4927.89990234375,4930.5,4908.5,4923.60009765625,725809400
2011-03-01,4930.89990234375,4948.0,4920.39990234375,4920.39990234375,1464687500
2011-03-02,4912.7998046875,4913.0,4876.60009765625,4898.2998046875,1617137000
2011-03-03,4901.0,4909.2998046875,4888.10009765625,4902.7998046875,1804419800
2011-03-04,4916.0,4958.60009765625,4915.7998046875,4958.60009765625,1513753500
2011-03-07,4946.7998046875,4948.2998046875,4891.7998046875,4895.89990234375,1419082700
2011-03-08,4893.5,4907.60009765625,4871.39990234375,4902.5,1312428400
2011-03-09,4901.5,4904.10009765625,4854.89990234375,4863.2001953125,1211416500
2011-03-10,4858.0,4867.2001953125,4790.2001953125,4791.2998046875,1597768000
2011-03-11,4778.7001953125,4779.39990234375,4721.39990234375,4734.7998046875,1661477400
2011-03-15,4707.5,4708.89990234375,4563.7998046875,4609.89990234375,1864631000
2011-03-16,4612.5,4664.39990234375,4609.2998046875,4644.0,1971024600
2011-03-17,4633.0,4642.7998046875,4559.2001953125,4638.39990234375,2063064400
2011-03-18,4652.60009765625,4722.2998046875,4651.7998046875,4715.7998046875,2653211200
2011-03-21,4715.10009765625,4734.10009765625,4699.10009765625,4734.10009765625,1745673000
2011-03-22,4739.60009765625,4769.7998046875,4731.7998046875,4737.7001953125,1413237600
2011-03-23,4735.60009765625,4760.5,4732.7001953125,4746.5,1233310700
2011-03-24,4753.5,4794.2001953125,4753.5,4794.2001953125,1138010300
2011-03-25,4799.60009765625,4858.7998046875,4799.60009765625,4840.2998046875,1404132800
2011-03-28,4832.60009765625,4841.39990234375,4822.2998046875,4831.89990234375,905306800
2011-03-29,4828.89990234375,4852.10009765625,4818.2001953125,4851.2001953125,1194911200
2011-03-30,4857.7998046875,4928.5,4857.7998046875,4912.7001953125,1390819400
2011-03-31,4918.60009765625,4935.5,4903.60009765625,4928.60009765625,1461228800
2011-04-01,4927.89990234375,4969.60009765625,4927.89990234375,4954.60009765625,1155366300
2011-04-04,4961.2001953125,4997.89990234375,4961.2001953125,4984.7001953125,1268259900
2011-04-05,4989.7998046875,5004.10009765625,4989.7998046875,4998.60009765625,1297423300
2011-04-06,4997.7998046875,5011.7001953125,4988.89990234375,5011.39990234375,1432737200
2011-04-07,5013.0,5022.7998046875,4998.2998046875,5005.5,1283753300
2011-04-08,5002.2998046875,5037.10009765625,5000.60009765625,5036.5,1128777300
2011-04-11,5039.10009765625,5069.5,5036.7998046875,5064.89990234375,1204453200
2011-04-12,5055.89990234375,5058.89990234375,4982.7998046875,4990.2001953125,1388768100
2011-04-13,4979.5,5005.7998046875,4964.2998046875,4999.60009765625,1354843400
2011-04-14,4988.39990234375,4989.2998046875,4948.89990234375,4972.39990234375,1138219600
2011-04-15,4969.5,4976.5,4939.2998046875,4939.2998046875,1021922600
2011-04-18,4939.7998046875,4965.60009765625,4927.5,4945.39990234375,1023736000
2011-04-19,4930.2001953125,4930.2001953125,4869.2998046875,4874.2998046875,1153262400
2011-04-20,4882.5,4940.2001953125,4882.5,4940.2001953125,1063603900
2011-04-21,4951.5,4996.5,4950.5,4995.7001953125,942252600
2011-04-27,5001.10009765625,5012.2998046875,4951.2998046875,4954.0,1218091500
2011-04-28,4958.7998046875,4990.89990234375,4951.2998046875,4952.2998046875,1258338900
2011-04-29,4954.10009765625,4954.10009765625,4872.7001953125,4899.0,1484296500
2011-05-02,4901.39990234375,4909.89990234375,4838.10009765625,4896.2001953125,1172871800
2011-05-03,4883.5,4883.5,4840.5,4854.7001953125,1291495100
2011-05-04,4850.10009765625,4850.2001953125,4805.0,4813.7998046875,1411258000
2011-05-05,4810.0,4831.0,4790.0,4828.89990234375,1407824800
2011-05-06,4810.7001953125,4832.60009765625,4786.7998046875,4816.10009765625,1427948900
2011-05-09,4824.7001953125,4867.89990234375,4824.7001953125,4831.7001953125,1003853500
2011-05-10,4835.5,4857.60009765625,4803.60009765625,4803.60009765625,1220271800
2011-05-11,4816.39990234375,4861.2001953125,4816.39990234375,4858.2001953125,1213593900
2011-05-12,4836.10009765625,4836.2001953125,4776.60009765625,4776.60009765625,1512026300
2011-05-13,4779.10009765625,4792.5,4754.7001953125,4787.2998046875,1110034800
2011-05-16,4770.10009765625,4770.7001953125,4718.10009765625,4724.2001953125,1049508400
2011-05-17,4731.10009765625,4753.7998046875,4721.39990234375,4753.0,1112584900
2011-05-18,4750.10009765625,4774.60009765625,4747.2998046875,4765.2998046875,1165716500
2011-05-19,4775.89990234375,4833.89990234375,4775.89990234375,4828.2001953125,1415495100
2011-05-20,4818.2998046875,4818.5,4802.89990234375,4807.7001953125,1058084400
2011-05-23,4797.7001953125,4797.7001953125,4722.89990234375,4722.89990234375,1022502600
2011-05-24,4718.2998046875,4720.0,4676.2001953125,4708.2998046875,1214564800
2011-05-25,4712.10009765625,4713.2001953125,4661.10009765625,4661.60009765625,1224193200
2011-05-26,4676.10009765625,4735.10009765625,4675.5,4735.10009765625,1337711400
2011-05-27,4734.7998046875,4764.2001953125,4727.2001953125,4760.2998046875,1058675000
2011-05-30,4760.89990234375,4761.39990234375,4739.60009765625,4746.10009765625,882819400
2011-05-31,4750.5,4796.0,4749.7001953125,4788.89990234375,1506238800
2011-06-01,4791.60009765625,4804.10009765625,4776.5,4788.60009765625,1172898300
2011-06-02,4769.39990234375,4770.0,4675.10009765625,4683.2001953125,1225446500
2011-06-03,4685.0,4696.10009765625,4661.7998046875,4666.60009765625,1032485200
2011-06-06,4661.5,4661.5,4635.7998046875,4648.7001953125,938867000
2011-06-07,4641.10009765625,4648.7001953125,4609.5,4641.10009765625,1229318300
2011-06-08,4646.2001953125,4648.7998046875,4591.7998046875,4608.7001953125,1220747400
2011-06-09,4607.0,4629.0,4592.7998046875,4621.7001953125,1353062600
2011-06-10,4628.7001953125,4660.5,4625.39990234375,4634.89990234375,1062709200
2011-06-14,4623.7998046875,4657.2998046875,4582.2998046875,4651.10009765625,1244515900
2011-06-15,4650.7001953125,4656.7001953125,4624.89990234375,4635.39990234375,1286111800
2011-06-16,4617.7001953125,4619.10009765625,4546.7001953125,4546.7001953125,1725467000
2011-06-17,4553.39990234375,4589.60009765625,4532.89990234375,4551.10009765625,1921973600
2011-06-20,4553.39990234375,4583.60009765625,4512.5,4512.5,1309021200
2011-06-21,4524.60009765625,4565.7001953125,4523.7998046875,4565.2001953125,1276560100
2011-06-22,4579.2998046875,4622.0,4579.10009765625,4590.7998046875,1405206700
2011-06-23,4585.60009765625,4599.39990234375,4560.5,4561.39990234375,1376307300
2011-06-24,4562.60009765625,4576.7998046875,4549.10009765625,4565.0,1404596100
2011-06-27,4559.2998046875,4559.5,4508.0,4513.7998046875,1254267100
2011-06-28,4527.39990234375,4553.5,4513.2998046875,4523.2001953125,1225724700
2011-06-29,4538.2001953125,4582.2998046875,4538.2001953125,4579.7998046875,1185189700
2011-06-30,4586.5,4660.60009765625,4586.39990234375,4659.7998046875,1411231700
2011-07-01,4664.0,4675.7998046875,4634.39990234375,4647.89990234375,1211545400
2011-07-04,4658.60009765625,4695.7998046875,4658.60009765625,4670.39990234375,1066313900
2011-07-05,4676.89990234375,4686.5,4652.2001953125,4656.89990234375,924218000
2011-07-06,4659.89990234375,4671.39990234375,4640.60009765625,4663.60009765625,1024282100
2011-07-07,4660.7001953125,4676.7998046875,4645.60009765625,4666.10009765625,855405200
2011-07-08,4675.10009765625,4717.5,4675.0,4716.0,1214604300
2011-07-11,4703.89990234375,4703.89990234375,4644.7001953125,4646.7998046875,1265247100
2011-07-12,4636.2998046875,4636.2998046875,4560.5,4563.5,1961546000
2011-07-13,4567.10009765625,4595.7001953125,4556.0,4583.2001953125,1339244900
2011-07-14,4583.7001953125,4583.7001953125,4537.89990234375,4561.2998046875,1540286500
2011-07-15,4547.2998046875,4555.2001953125,4525.10009765625,4542.7001953125,1044752900
2011-07-18,4542.2998046875,4544.89990234375,4520.10009765625,4539.89990234375,1025761000
2011-07-19,4530.5,4550.7001953125,4515.2998046875,4539.39990234375,1125987700
2011-07-20,4555.5,4618.39990234375,4554.7998046875,4618.39990234375,1250187700
2011-07-21,4620.0,4644.7001953125,4620.0,4626.2001953125,1136018800
2011-07-22,4634.89990234375,4681.0,4634.89990234375,4674.10009765625,1255075500
2011-07-25,4667.39990234375,4667.5,4603.2998046875,4603.7998046875,1313963100
2011-07-26,4609.2001953125,4653.5,4609.10009765625,4646.2998046875,1215422000
2011-07-27,4638.7001953125,4643.2001953125,4611.7998046875,4612.60009765625,1192609800
2011-07-28,4594.7998046875,4595.0,4539.10009765625,4539.2001953125,1259202700
2011-07-29,4541.7001953125,4543.60009765625,4496.7001953125,4500.5,1325159800
2011-08-02,4556.5,4556.7001953125,4506.89990234375,4510.2998046875,986185200
2011-08-03,4484.5,4484.5,4404.2001953125,4408.2998046875,1378977800
2011-08-04,4412.7998046875,4433.2001953125,4352.5,4352.89990234375,1412524100
2011-08-05,4302.39990234375,4302.39990234375,4150.7001953125,4169.7001953125,2376222800
2011-08-08,4144.2998046875,4151.7001953125,4053.300048828125,4056.699951171875,1909732800
2011-08-09,4021.699951171875,4103.2998046875,3829.39990234375,4096.7001953125,2557758400
2011-08-10,4132.60009765625,4227.7998046875,4132.60009765625,4207.39990234375,1876116800
2011-08-11,4176.5,4229.0,4123.89990234375,4203.5,1674917300
2011-08-12,4217.89990234375,4280.5,4217.5,4237.89990234375,1463056100
2011-08-15,4256.7998046875,4346.7998046875,4254.7001953125,4346.7998046875,1172996200
2011-08-16,4349.10009765625,4364.7998046875,4309.10009765625,4317.2998046875,1257496800
2011-08-17,4320.10009765625,4390.5,4317.5,4371.7998046875,1158775700
2011-08-18,4369.7001953125,4374.0,4313.7001953125,4319.39990234375,1373065800
2011-08-19,4281.7998046875,4283.10009765625,4169.7001953125,4171.89990234375,1435394000
2011-08-22,4169.5,4229.39990234375,4145.2998046875,4150.7998046875,1393793100
2011-08-23,4154.2998046875,4239.89990234375,4154.2998046875,4239.7998046875,1467679900
2011-08-24,4252.10009765625,4304.89990234375,4230.2001953125,4235.7001953125,1212711300
2011-08-25,4248.39990234375,4299.0,4248.39990234375,4280.5,1368300800
2011-08-26,4274.89990234375,4297.10009765625,4267.2001953125,4271.0,1237122500
2011-08-29,4279.7998046875,4352.60009765625,4279.7998046875,4333.7001953125,1044239000
2011-08-30,4344.5,4378.2001953125,4335.60009765625,4341.39990234375,1169958900
2011-08-31,4341.7998046875,4369.89990234375,4328.2001953125,4369.89990234375,1249338000
2011-09-01,4371.60009765625,4425.39990234375,4371.60009765625,4382.7001953125,1471553800
2011-09-02,4371.2998046875,4371.2998046875,4305.5,4321.5,1030563000
2011-09-05,4302.10009765625,4303.0,4218.39990234375,4224.2001953125,1031859200
2011-09-06,4206.7001953125,4206.7001953125,4157.2998046875,4160.7001953125,1165443200
2011-09-07,4180.39990234375,4262.89990234375,4180.39990234375,4262.89990234375,1182384000
2011-09-08,4274.7001953125,4297.89990234375,4243.7998046875,4269.7998046875,1218056200
2011-09-09,4268.0,4311.39990234375,4264.39990234375,4277.39990234375,958563400
2011-09-12,4254.5,4255.10009765625,4125.10009765625,4125.10009765625,1101636000
2011-09-13,4137.5,4178.7998046875,4136.2001953125,4158.39990234375,1239129100
2011-09-14,4161.89990234375,4193.10009765625,4083.300048828125,4090.39990234375,1378743300
2011-09-15,4113.0,4181.60009765625,4110.10009765625,4153.2001953125,1402248000
2011-09-16,4165.60009765625,4236.60009765625,4165.60009765625,4229.89990234375,1780920800
2011-09-19,4221.39990234375,4222.7001953125,4155.0,4164.10009765625,852635200
2011-09-20,4160.0,4164.2001953125,4113.39990234375,4124.7998046875,910765200
2011-09-21,4133.39990234375,4154.7998046875,4111.0,4153.60009765625,1194655300
2011-09-22,4128.7998046875,4128.89990234375,4034.0,4044.699951171875,1664628400
2011-09-23,4025.89990234375,4037.10009765625,3957.300048828125,3978.5,1808530400
2011-09-26,3991.199951171875,4025.60009765625,3926.5,3927.60009765625,1550179800
2011-09-27,3952.199951171875,4063.5,3950.39990234375,4063.5,1617425800
2011-09-28,4070.800048828125,4111.7998046875,4069.300048828125,4097.7001953125,1595424500
2011-09-29,4081.39990234375,4083.199951171875,4023.5,4067.89990234375,1259908400
2011-09-30,4073.800048828125,4094.10009765625,4043.800048828125,4070.10009765625,2591729200
2011-10-04,3955.39990234375,3965.199951171875,3905.199951171875,3935.60009765625,1452371500
2011-10-05,3957.89990234375,4013.60009765625,3954.800048828125,3992.5,1609227100
2011-10-06,4007.5,4132.10009765625,4007.5,4132.10009765625,1322706500
2011-10-07,4144.5,4242.39990234375,4144.5,4225.0,1523854900
2011-10-10,4219.89990234375,4277.0,4210.60009765625,4262.2998046875,997685200
2011-10-11,4275.5,4306.60009765625,4267.7001953125,4288.7998046875,1118784500
2011-10-12,4277.10009765625,4277.2998046875,4231.2998046875,4266.39990234375,1005829000
2011-10-13,4277.60009765625,4316.89990234375,4269.7001953125,4306.0,1149627700
2011-10-14,4295.39990234375,4295.39990234375,4260.10009765625,4269.0,792788000
2011-10-17,4283.7001953125,4348.10009765625,4283.0,4337.89990234375,744104400
2011-10-18,4319.2001953125,4319.2001953125,4249.39990234375,4249.5,842915800
2011-10-19,4257.89990234375,4293.5,4256.10009765625,4274.7998046875,963180200
2011-10-20,4263.5,4264.0,4199.39990234375,4206.7998046875,901825400
2011-10-21,4207.7001953125,4228.2998046875,4193.5,4203.39990234375,835319400
2011-10-24,4216.0,4322.0,4215.89990234375,4313.60009765625,794128000
2011-10-25,4325.5,4326.2998046875,4273.39990234375,4287.7001953125,958505400
2011-10-26,4274.2998046875,4314.39990234375,4235.10009765625,4300.7998046875,950914400
2011-10-27,4305.10009765625,4407.5,4300.7001953125,4403.89990234375,791371600
2011-10-28,4420.7001953125,4472.2001953125,4398.60009765625,4411.39990234375,1393983500
2011-10-31,4407.7001953125,4416.60009765625,4360.5,4360.5,992059600
2011-11-02,4281.7998046875,4282.60009765625,4209.0,4251.2998046875,1000377000
2011-11-03,4258.2001953125,4277.7998046875,4213.10009765625,4237.5,994236600
2011-11-04,4263.5,4343.0,4263.5,4342.5,972119600
2011-11-07,4343.0,4348.39990234375,4315.60009765625,4335.2998046875,699631200
2011-11-08,4343.39990234375,4362.2998046875,4337.10009765625,4356.7001953125,773668200
2011-11-09,4372.2998046875,4424.0,4372.2998046875,4406.2001953125,977427200
2011-11-10,4369.7998046875,4369.7998046875,4270.2998046875,4307.2998046875,1412260500
2011-11-11,4308.5,4358.60009765625,4308.5,4358.60009765625,915071600
2011-11-14,4371.2998046875,4423.89990234375,4369.10009765625,4369.10009765625,820872600
2011-11-15,4364.60009765625,4366.39990234375,4342.10009765625,4351.5,910526800
2011-11-16,4356.5,4372.2001953125,4313.7998046875,4313.7998046875,898341200
2011-11-17,4312.39990234375,4341.2998046875,4293.39990234375,4324.10009765625,918693000
2011-11-18,4305.89990234375,4306.7001953125,4242.2998046875,4246.7001953125,846892400
2011-11-21,4242.5,4251.2998046875,4212.39990234375,4233.60009765625,854768000
2011-11-22,4219.0,4220.89990234375,4166.0,4204.2001953125,1083360900
2011-11-23,4197.0,4197.7998046875,4125.7998046875,4125.7998046875,1013926500
2011-11-24,4124.0,4141.5,4101.5,4115.2998046875,1284224300
2011-11-25,4114.10009765625,4114.10009765625,4047.39990234375,4057.60009765625,1166514200
2011-11-28,4069.0,4138.10009765625,4068.699951171875,4125.7998046875,1032192800
2011-11-29,4132.0,4167.2998046875,4109.2998046875,4167.2998046875,1066210400
2011-11-30,4163.89990234375,4184.7001953125,4145.7001953125,4184.7001953125,1630384700
2011-12-01,4218.7998046875,4299.5,4218.7998046875,4288.10009765625,1382634100
2011-12-02,4285.2001953125,4346.2998046875,4285.2001953125,4346.2998046875,1206862800
2011-12-05,4350.60009765625,4391.2998046875,4350.60009765625,4379.5,1120695400
2011-12-06,4375.5,4376.10009765625,4316.2001953125,4321.60009765625,947725600
2011-12-07,4331.2001953125,4373.5,4331.10009765625,4351.2998046875,847617000
2011-12-08,4348.0,4349.7001953125,4330.7998046875,4338.89990234375,982986400
2011-12-09,4319.60009765625,4320.2001953125,4248.5,4264.10009765625,917995600
2011-12-12,4281.60009765625,4331.7001953125,4281.2001953125,4311.39990234375,833469400
2011-12-13,4295.60009765625,4295.60009765625,4240.7998046875,4251.7001953125,922301600
2011-12-14,4243.7998046875,4259.7998046875,4227.5,4249.7998046875,880720600
2011-12-15,4239.7001953125,4239.7001953125,4175.10009765625,4197.7998046875,1315231800
2011-12-16,4200.10009765625,4224.2998046875,4198.7998046875,4218.7998046875,1227678300
2011-12-19,4208.10009765625,4208.2998046875,4113.60009765625,4113.89990234375,1029751500
2011-12-20,4113.7998046875,4128.5,4103.10009765625,4107.10009765625,878892400
2011-12-21,4126.2001953125,4198.2001953125,4126.2001953125,4190.2001953125,1027746400
2011-12-22,4184.39990234375,4185.0,4136.2998046875,4142.2001953125,788964800
2011-12-23,4153.5,4192.10009765625,4153.5,4192.10009765625,570899000
2011-12-28,4191.2998046875,4193.7001953125,4139.5,4141.7001953125,429540400
2011-12-29,4135.2998046875,4135.2998046875,4091.60009765625,4123.10009765625,479293800
2011-12-30,4128.5,4140.89990234375,4109.5,4111.0,349294400
2012-01-03,4123.2998046875,4160.60009765625,4122.60009765625,4155.2001953125,439899600
2012-01-04,4175.89990234375,4254.0,4175.7001953125,4239.5,806516200
2012-01-05,4231.7001953125,4231.7001953125,4186.7001953125,4196.60009765625,645734400
2012-01-06,4194.2001953125,4198.2001953125,4164.0,4164.5,652275800
2012-01-09,4170.60009765625,4183.7998046875,4145.10009765625,4161.5,639837000
2012-01-10,4169.2998046875,4208.60009765625,4169.2998046875,4206.60009765625,760923400
2012-01-11,4214.2001953125,4254.89990234375,4214.2001953125,4242.89990234375,804011200
2012-01-12,4245.5,4251.5,4226.0,4238.39990234375,724990200
2012-01-13,4246.89990234375,4261.7998046875,4244.89990234375,4255.39990234375,755501200
2012-01-16,4244.0,4245.39990234375,4201.5,4208.89990234375,660080800
2012-01-17,4220.10009765625,4277.7001953125,4219.2998046875,4277.7001953125,926949000
2012-01-18,4278.7998046875,4290.0,4262.7998046875,4280.60009765625,939774800
2012-01-19,4290.2001953125,4320.60009765625,4278.60009765625,4278.60009765625,1007868400
2012-01-20,4285.2998046875,4312.7998046875,4284.60009765625,4303.0,1001973500
2012-01-23,4300.2001953125,4301.7001953125,4287.5,4287.60009765625,660306200
2012-01-24,4290.7001953125,4311.10009765625,4281.7998046875,4286.39990234375,737934600
2012-01-25,4289.5,4329.5,4289.2001953125,4329.10009765625,919214400
2012-01-27,4333.7998046875,4373.2998046875,4333.7998046875,4348.5,898880800
2012-01-30,4347.0,4355.2998046875,4327.2998046875,4334.39990234375,763909400
2012-01-31,4332.7001953125,4348.89990234375,4323.7998046875,4325.7001953125,1018690900
2012-02-01,4322.39990234375,4328.10009765625,4291.0,4291.0,1221422300
2012-02-02,4306.5,4349.0,4305.2998046875,4333.2001953125,1113003900
2012-02-03,4336.60009765625,4340.7998046875,4318.0,4320.10009765625,1031078300
2012-02-06,4334.60009765625,4377.5,4333.5,4364.60009765625,912430400
2012-02-07,4359.60009765625,4380.39990234375,4340.39990234375,4344.89990234375,979607200
2012-02-08,4340.2001953125,4367.10009765625,4340.2001953125,4363.7001953125,1174082000
2012-02-09,4356.89990234375,4357.5,4320.2998046875,4357.10009765625,1044951400
2012-02-10,4354.7001953125,4362.5,4322.60009765625,4322.60009765625,1059731800
2012-02-13,4321.89990234375,4362.7998046875,4320.89990234375,4359.39990234375,931936400
2012-02-14,4354.2001953125,4354.7001953125,4310.7998046875,4318.89990234375,1072698900
2012-02-15,4318.10009765625,4332.2998046875,4300.10009765625,4327.39990234375,1079238900
2012-02-16,4318.10009765625,4318.10009765625,4246.39990234375,4257.2001953125,1236966100
2012-02-17,4267.0,4288.7001953125,4264.0,4273.2998046875,961726600
2012-02-20,4289.2998046875,4332.7998046875,4286.89990234375,4332.7998046875,1000443900
2012-02-21,4335.0,4373.60009765625,4323.2998046875,4368.2001953125,1056628500
2012-02-22,4365.7998046875,4383.7001953125,4353.10009765625,4372.10009765625,1192074900
2012-02-23,4371.10009765625,4373.89990234375,4347.7998046875,4367.5,1210551200
2012-02-24,4369.39990234375,4389.39990234375,4366.39990234375,4389.0,1235710900
2012-02-27,4380.10009765625,4385.2998046875,4345.7001953125,4354.5,1078737800
2012-02-28,4355.2998046875,4372.89990234375,4346.2998046875,4351.2001953125,1119814900
2012-02-29,4357.10009765625,4406.10009765625,4357.10009765625,4388.10009765625,1555847200
2012-03-01,4381.0,4381.0,4337.60009765625,4346.0,1043666600
2012-03-02,4353.89990234375,4380.89990234375,4353.5,4364.10009765625,862698200
2012-03-05,4360.0,4364.2001953125,4343.60009765625,4354.2001953125,766396000
2012-03-06,4345.60009765625,4346.0,4293.10009765625,4295.5,1101944100
2012-03-07,4285.0,4285.0,4234.39990234375,4234.39990234375,1157537300
2012-03-08,4242.10009765625,4266.2998046875,4237.7001953125,4262.2001953125,1137482900
2012-03-09,4270.60009765625,4303.7001953125,4270.39990234375,4300.5,1123729500
2012-03-12,4303.0,4303.60009765625,4285.10009765625,4288.2001953125,808687600
2012-03-13,4294.2001953125,4341.7998046875,4293.7001953125,4336.5,1040307300
2012-03-14,4348.60009765625,4382.60009765625,4348.2001953125,4375.60009765625,1131242600
2012-03-15,4371.2001953125,4371.2001953125,4354.2998046875,4366.89990234375,1354538700
2012-03-16,4367.5,4373.5,4354.60009765625,4364.7001953125,1751284800
2012-03-19,4370.60009765625,4397.89990234375,4369.7998046875,4381.2001953125,1066384900
2012-03-20,4382.7998046875,4383.0,4355.0,4365.60009765625,1082051600
2012-03-21,4357.0,4365.60009765625,4334.39990234375,4347.0,1038875200
2012-03-22,4344.7001953125,4373.2001953125,4343.89990234375,4364.89990234375,1045932800
2012-03-23,4354.7001953125,4366.89990234375,4329.2998046875,4360.7001953125,973673800
2012-03-26,4360.2001953125,4380.7001953125,4355.2001953125,4355.2001953125,894068600
2012-03-27,4364.89990234375,4397.89990234375,4364.89990234375,4391.60009765625,1182755400
2012-03-28,4388.39990234375,4433.60009765625,4384.7998046875,4431.5,1159175100
2012-03-29,4427.60009765625,4434.5,4414.60009765625,4422.0,1147291700
2012-03-30,4423.89990234375,4443.0,4419.89990234375,4420.0,1403223700
2012-04-02,4432.5,4460.7001953125,4414.10009765625,4416.39990234375,1144622300
2012-04-03,4422.89990234375,4437.7001953125,4415.2998046875,4424.39990234375,1074237700
2012-04-04,4416.2998046875,4425.0,4402.39990234375,4418.89990234375,1122709700
2012-04-05,4408.10009765625,4408.7001953125,4370.10009765625,4402.2998046875,942229400
2012-04-10,4393.0,4393.2001953125,4357.2998046875,4373.7001953125,800400200
2012-04-11,4362.7998046875,4362.7998046875,4327.2998046875,4327.2998046875,902003800
2012-04-12,4330.10009765625,4361.7001953125,4330.10009765625,4361.7001953125,868506600
2012-04-13,4374.2998046875,4410.7001953125,4374.2998046875,4404.2001953125,974279200
2012-04-16,4394.0,4394.10009765625,4368.60009765625,4382.5,818239600
2012-04-17,4382.2001953125,4400.60009765625,4366.7001953125,4368.7998046875,850262800
2012-04-18,4380.5,4427.2001953125,4380.39990234375,4427.2001953125,887666200
2012-04-19,4428.2001953125,4453.7001953125,4425.60009765625,4441.2998046875,1063501400
2012-04-20,4437.89990234375,4445.60009765625,4432.10009765625,4444.39990234375,879490800
2012-04-23,4442.60009765625,4442.7998046875,4429.0,4430.2998046875,647529800
2012-04-24,4423.2998046875,4447.10009765625,4415.5,4433.89990234375,964892800
2012-04-26,4442.0,4466.2001953125,4438.39990234375,4445.0,947348000
2012-04-27,4446.5,4455.60009765625,4433.39990234375,4433.39990234375,989977400
2012-04-30,4443.60009765625,4468.10009765625,4443.2001953125,4467.2001953125,817382600
2012-05-01,4468.7998046875,4515.0,4468.7998046875,4497.2998046875,1070743600
2012-05-02,4503.0,4513.2001953125,4496.89990234375,4504.7998046875,907010400
2012-05-03,4503.7998046875,4510.2001953125,4494.5,4494.5,983662400
2012-05-04,4488.10009765625,4488.10009765625,4452.5,4459.39990234375,872010800
2012-05-07,4440.7001953125,4440.7001953125,4359.2998046875,4361.60009765625,1067633900
2012-05-08,4369.89990234375,4387.39990234375,4359.7998046875,4375.89990234375,941326800
2012-05-09,4372.2001953125,4372.89990234375,4316.39990234375,4332.2001953125,1128627600
2012-05-10,4327.2998046875,4353.7998046875,4327.2998046875,4353.7998046875,1014527600
2012-05-11,4354.2001953125,4359.2998046875,4333.10009765625,4342.7001953125,807140400
2012-05-14,4344.7998046875,4360.5,4340.39990234375,4351.89990234375,768859600
2012-05-15,4341.5,4341.5,4302.2001953125,4316.2998046875,1186575400
2012-05-16,4304.10009765625,4304.10009765625,4214.7001953125,4214.7001953125,1259938200
2012-05-17,4218.0,4233.2998046875,4187.2001953125,4208.5,1177529900
2012-05-18,4193.10009765625,4193.10009765625,4079.39990234375,4098.7998046875,1256740300
2012-05-21,4104.7001953125,4137.7001953125,4093.800048828125,4124.39990234375,919429600
2012-05-22,4133.7001953125,4174.39990234375,4133.7001953125,4173.5,995160800
2012-05-23,4170.2998046875,4170.2998046875,4118.7998046875,4118.7998046875,930042400
2012-05-24,4119.89990234375,4139.7998046875,4101.89990234375,4106.2001953125,928991200
2012-05-25,4107.60009765625,4121.0,4077.39990234375,4081.199951171875,852005800
2012-05-28,4081.199951171875,4122.2001953125,4081.199951171875,4120.2001953125,791810400
2012-05-29,4120.2001953125,4169.0,4092.39990234375,4168.2001953125,913256600
2012-05-30,4168.2001953125,4168.2001953125,4126.60009765625,4148.7001953125,814223400
2012-05-31,4148.7001953125,4148.7001953125,4092.5,4133.7001953125,1245041300
2012-06-01,4133.7001953125,4133.7001953125,4088.39990234375,4116.89990234375,910210000
2012-06-04,4116.89990234375,4116.89990234375,4033.39990234375,4033.39990234375,957333400
2012-06-05,4033.39990234375,4095.199951171875,4033.39990234375,4092.39990234375,958341000
2012-06-06,4092.39990234375,4112.2001953125,4086.10009765625,4104.7001953125,870932600
2012-06-07,4104.7001953125,4166.5,4104.7001953125,4156.7001953125,1108760200
2012-06-08,4156.7001953125,4168.2001953125,4103.2001953125,4111.2001953125,1186877700
2012-06-12,4111.2001953125,4131.2001953125,4108.7001953125,4118.2998046875,1058826700
2012-06-13,4118.2998046875,4132.7998046875,4095.699951171875,4111.5,826509600
2012-06-14,4111.5,4111.5,4074.39990234375,4089.800048828125,770840800
2012-06-15,4089.800048828125,4110.39990234375,4083.5,4107.0,1158625500
2012-06-18,4107.0,4185.10009765625,4107.0,4183.89990234375,1011712200
2012-06-19,4183.89990234375,4183.89990234375,4151.0,4167.39990234375,754080200
2012-06-20,4167.39990234375,4202.60009765625,4167.39990234375,4176.7998046875,1151098300
2012-06-21,4176.7998046875,4180.39990234375,4131.10009765625,4133.7001953125,1293007000
2012-06-22,4133.7001953125,4133.7001953125,4084.5,4093.800048828125,963534400
2012-06-25,4093.800048828125,4093.800048828125,4041.199951171875,4072.0,849274400
2012-06-26,4072.0,4072.0,4046.39990234375,4056.300048828125,941781600
2012-06-27,4056.300048828125,4084.60009765625,4055.39990234375,4084.0,884378000
2012-06-28,4084.0,4113.7001953125,4081.699951171875,4085.60009765625,905967800
2012-06-29,4085.60009765625,4155.2001953125,4073.800048828125,4135.5,1329878300
2012-07-02,4135.5,4189.89990234375,4135.5,4172.5,892610800
2012-07-03,4172.5,4180.10009765625,4159.5,4166.39990234375,676242000
2012-07-04,4166.39990234375,4213.89990234375,4166.39990234375,4213.7998046875,836677200
2012-07-05,4213.7998046875,4215.7998046875,4199.5,4209.89990234375,709239000
2012-07-06,4209.89990234375,4210.2001953125,4187.2001953125,4199.0,627998800
2012-07-09,4199.0,4199.0,4154.0,4159.7998046875,577840800
2012-07-10,4159.7998046875,4176.7998046875,4130.2001953125,4137.89990234375,786653400
2012-07-11,4137.89990234375,4140.60009765625,4116.39990234375,4135.0,805199600
2012-07-12,4135.0,4146.2001953125,4101.39990234375,4106.0,777071000
2012-07-13,4106.0,4138.39990234375,4100.0,4118.2998046875,751439800
2012-07-16,4118.2998046875,4162.2001953125,4118.2998046875,4143.2001953125,661124400
2012-07-17,4143.2001953125,4187.60009765625,4140.89990234375,4175.2998046875,758344000
2012-07-18,4175.2998046875,4177.2998046875,4154.10009765625,4156.39990234375,723710800
2012-07-19,4156.39990234375,4236.39990234375,4156.39990234375,4236.39990234375,1006433300
2012-07-20,4236.39990234375,4245.5,4217.2998046875,4230.60009765625,884712200
2012-07-23,4230.60009765625,4230.60009765625,4159.2001953125,4159.2001953125,737466200
2012-07-24,4159.2001953125,4169.39990234375,4143.39990234375,4161.2001953125,757177400
2012-07-25,4161.2001953125,4161.2001953125,4114.0,4151.39990234375,778327000
2012-07-26,4151.39990234375,4176.2998046875,4150.10009765625,4173.7998046875,774965400
2012-07-27,4173.7998046875,4234.39990234375,4173.7998046875,4234.39990234375,882553000
2012-07-30,4234.39990234375,4277.39990234375,4234.39990234375,4266.89990234375,714745400
2012-07-31,4266.89990234375,4305.60009765625,4266.89990234375,4289.39990234375,896987200
2012-08-01,4289.39990234375,4289.39990234375,4274.2998046875,4282.7001953125,805623200
2012-08-02,4282.7001953125,4300.60009765625,4276.7998046875,4290.10009765625,991731200
2012-08-03,4290.10009765625,4290.10009765625,4235.10009765625,4243.0,810638200
2012-08-06,4243.0,4307.7998046875,4243.0,4292.89990234375,563027600
2012-08-07,4292.89990234375,4313.89990234375,4292.89990234375,4311.39990234375,662444000
2012-08-08,4311.39990234375,4342.7001953125,4311.39990234375,4332.89990234375,994273400
2012-08-09,4332.89990234375,4350.39990234375,4330.10009765625,4330.10009765625,853731600
2012-08-10,4330.10009765625,4336.10009765625,4302.7998046875,4302.7998046875,924930000
2012-08-13,4302.7998046875,4339.2001953125,4302.7998046875,4309.5,901594800
2012-08-14,4309.5,4326.39990234375,4299.7001953125,4317.39990234375,871929600
2012-08-15,4317.39990234375,4336.5,4293.89990234375,4307.0,929438400
2012-08-16,4307.0,4353.5,4307.0,4353.5,913978000
2012-08-17,4353.5,4393.7998046875,4353.0,4393.7998046875,923892800
2012-08-20,4393.7998046875,4401.2998046875,4372.7998046875,4391.89990234375,995418800
2012-08-21,4391.89990234375,4428.7998046875,4388.2001953125,4410.7998046875,948475600
2012-08-22,4410.7998046875,4411.89990234375,4394.2998046875,4403.2998046875,827739200
2012-08-23,4403.2998046875,4430.2998046875,4399.60009765625,4411.7998046875,1005867000
2012-08-24,4411.7998046875,4411.7998046875,4367.5,4376.5,916036200
2012-08-27,4378.89990234375,4402.89990234375,4370.10009765625,4372.89990234375,784779600
2012-08-28,4373.60009765625,4391.89990234375,4368.7998046875,4387.0,816312200
2012-08-29,4387.0,4387.0,4373.39990234375,4381.5,911220000
2012-08-30,4381.5,4381.5,4327.60009765625,4340.2001953125,1121006400
2012-08-31,4340.2001953125,4351.0,4327.7998046875,4339.0,1054806200
2012-09-03,4333.7998046875,4358.60009765625,4312.60009765625,4351.60009765625,771272800
2012-09-04,4351.60009765625,4356.7001953125,4316.7998046875,4325.5,940206400
2012-09-05,4325.60009765625,4325.60009765625,4281.5,4297.7001953125,1060339500
2012-09-06,4297.7001953125,4343.2998046875,4297.7001953125,4331.60009765625,1312930200
2012-09-07,4331.60009765625,4376.7998046875,4331.60009765625,4348.7998046875,1128590900
2012-09-10,4348.7998046875,4365.0,4342.60009765625,4358.0,980678000
2012-09-11,4357.89990234375,4357.89990234375,4341.39990234375,4348.2998046875,789668600
2012-09-12,4348.2998046875,4385.2998046875,4348.2998046875,4383.10009765625,923568000
2012-09-13,4383.10009765625,4383.10009765625,4358.7998046875,4359.7998046875,775003000
2012-09-14,4372.89990234375,4417.39990234375,4372.89990234375,4410.2001953125,1036663200
2012-09-17,4422.7998046875,4430.39990234375,4411.10009765625,4421.7998046875,868079000
2012-09-18,4421.7998046875,4426.89990234375,4406.10009765625,4417.7998046875,962057000
2012-09-19,4417.7998046875,4443.2001953125,4410.10009765625,4440.39990234375,1292763600
2012-09-20,4435.89990234375,4436.0,4417.0,4419.7998046875,1337453100
2012-09-21,4420.39990234375,4440.60009765625,4419.39990234375,4430.7998046875,1364434500
2012-09-24,4430.7998046875,4430.7998046875,4398.60009765625,4409.2001953125,751008000
2012-09-25,4409.2001953125,4409.2001953125,4390.0,4395.5,719905600
2012-09-26,4387.2001953125,4387.60009765625,4372.7001953125,4382.5,785410200
2012-09-27,4378.7998046875,4402.89990234375,4357.89990234375,4402.7998046875,812431200
2012-09-28,4402.39990234375,4413.10009765625,4389.10009765625,4406.2998046875,1178863500
2012-10-01,4406.2998046875,4429.39990234375,4394.60009765625,4408.2998046875,0
2012-10-02,4412.89990234375,4456.39990234375,4412.89990234375,4451.89990234375,794556000
2012-10-03,4451.89990234375,4472.89990234375,4451.39990234375,4458.7998046875,736744600
2012-10-04,4458.7998046875,4476.2001953125,4457.2001953125,4472.60009765625,815382200
2012-10-05,4472.60009765625,4514.89990234375,4472.60009765625,4513.7998046875,762886400
2012-10-08,4513.7998046875,4516.0,4496.89990234375,4502.0,553273000
2012-10-09,4503.39990234375,4532.60009765625,4502.60009765625,4526.60009765625,634200600
2012-10-10,4520.0,4520.60009765625,4498.10009765625,4511.89990234375,817838600
2012-10-11,4511.89990234375,4513.39990234375,4483.2001953125,4505.2001953125,765543200
2012-10-12,4505.2001953125,4518.39990234375,4505.10009765625,4510.10009765625,626335600
2012-10-15,4510.10009765625,4515.0,4501.2001953125,4505.5,646049600
2012-10-16,4505.5,4537.89990234375,4505.5,4513.89990234375,713120400
2012-10-17,4513.89990234375,4558.7001953125,4513.89990234375,4550.89990234375,932869600
2012-10-18,4586.10009765625,4602.5,4567.89990234375,4580.89990234375,994637800
2012-10-19,4580.89990234375,4593.89990234375,4561.60009765625,4593.5,1016691300
2012-10-22,4582.10009765625,4582.7001953125,4545.89990234375,4564.60009765625,938152200
2012-10-23,4562.89990234375,4588.7001953125,4561.5,4568.0,780915800
2012-10-24,4568.0,4568.0,4525.60009765625,4530.60009765625,821395000
2012-10-25,4529.7001953125,4541.39990234375,4528.0,4533.5,789117400
2012-10-26,4536.0,4547.60009765625,4495.0,4496.2998046875,1017943200
2012-10-29,4498.89990234375,4523.0,4498.60009765625,4499.39990234375,598408000
2012-10-30,4499.7998046875,4518.89990234375,4493.39990234375,4505.7001953125,763130600
2012-10-31,4511.7001953125,4542.7998046875,4511.5,4535.39990234375,1023989600
2012-11-01,4535.39990234375,4535.39990234375,4479.89990234375,4479.89990234375,1077882300
2012-11-02,4491.2998046875,4507.5,4480.10009765625,4483.2998046875,959619600
2012-11-05,4481.0,4497.0,4458.7001953125,4493.60009765625,736801600
2012-11-06,4492.5,4507.7998046875,4489.5,4503.7001953125,526945600
2012-11-07,4503.7001953125,4536.2998046875,4502.2998046875,4534.2001953125,811227800
2012-11-08,4534.2001953125,4534.2001953125,4478.5,4502.2001953125,806901600
2012-11-09,4502.2001953125,4502.2001953125,4458.2001953125,4482.5,800726200
2012-11-12,4479.2001953125,4485.7001953125,4464.7001953125,4469.89990234375,735625400
2012-11-13,4468.2001953125,4468.7998046875,4404.2001953125,4404.2001953125,895515800
2012-11-14,4404.2001953125,4416.2998046875,4395.2998046875,4410.7001953125,728823200
2012-11-15,4410.7001953125,4410.7001953125,4359.60009765625,4370.60009765625,1000180800
2012-11-16,4371.5,4372.2001953125,4355.89990234375,4360.10009765625,862871200
2012-11-19,4367.39990234375,4385.0,4362.10009765625,4382.60009765625,817785600
2012-11-20,4382.60009765625,4411.7998046875,4382.60009765625,4407.5,780162800
2012-11-21,4408.89990234375,4409.2001953125,4387.60009765625,4390.7001953125,710197400
2012-11-22,4396.89990234375,4446.2001953125,4394.7998046875,4432.39990234375,837753600
2012-11-23,4432.39990234375,4432.5,4417.2998046875,4431.5,606299000
2012-11-26,4431.5,4444.89990234375,4431.5,4443.5,609788800
2012-11-27,4443.5,4477.5,4442.2001953125,4473.39990234375,855637400
2012-11-28,4470.10009765625,4470.10009765625,4448.60009765625,4462.60009765625,768231600
2012-11-29,4462.2998046875,4490.10009765625,4461.10009765625,4490.10009765625,883620800
2012-11-30,4490.10009765625,4524.7001953125,4490.10009765625,4518.0,1748876600
2012-12-03,4518.0,4546.2998046875,4518.0,4540.0,731889400
2012-12-04,4540.0,4544.39990234375,4510.39990234375,4511.7998046875,682130600
2012-12-05,4511.7998046875,4531.60009765625,4508.60009765625,4528.0,802672200
2012-12-06,4528.0,4535.39990234375,4512.39990234375,4515.7001953125,781872400
2012-12-07,4522.0,4557.60009765625,4521.60009765625,4555.89990234375,718021600
2012-12-10,4556.5,4575.89990234375,4556.5,4562.39990234375,803551000
2012-12-11,4562.39990234375,4585.2998046875,4562.39990234375,4581.2998046875,710361000
2012-12-12,4581.2998046875,4608.7998046875,4581.2998046875,4591.7998046875,1037151400
2012-12-13,4591.7998046875,4600.2001953125,4586.2001953125,4592.89990234375,978682400
2012-12-14,4592.89990234375,4607.7998046875,4590.2001953125,4595.10009765625,796464600
2012-12-17,4595.10009765625,4599.10009765625,4583.10009765625,4588.0,796113800
2012-12-18,4593.10009765625,4623.60009765625,4593.10009765625,4610.5,885331600
2012-12-19,4618.7001953125,4641.5,4618.0,4633.2001953125,990513000
2012-12-20,4635.0,4655.2998046875,4624.7001953125,4646.60009765625,1238188800
2012-12-21,4646.60009765625,4669.0,4623.7998046875,4635.2001953125,1411136300
2012-12-24,4637.10009765625,4655.2001953125,4637.10009765625,4645.60009765625,224568600
2012-12-27,4645.60009765625,4666.10009765625,4642.10009765625,4661.39990234375,299375200
2012-12-28,4665.0,4701.0,4664.89990234375,4685.2998046875,389823800
2012-12-31,4680.39990234375,4680.39990234375,4659.5,4664.60009765625,300459800
2013-01-02,4664.60009765625,4726.2001953125,4664.60009765625,4722.89990234375,579783400
2013-01-03,4722.89990234375,4763.60009765625,4722.89990234375,4761.39990234375,717371800
2013-01-04,4761.39990234375,4761.39990234375,4737.0,4742.89990234375,564794000
2013-01-07,4745.7998046875,4770.2001953125,4735.89990234375,4738.10009765625,681791800
2013-01-08,4741.7001953125,4756.2001953125,4711.89990234375,4712.2998046875,731907600
2013-01-09,4712.7998046875,4732.2998046875,4712.7998046875,4730.10009765625,707592800
2013-01-10,4730.10009765625,4750.10009765625,4723.10009765625,4745.2001953125,745813200
2013-01-11,4745.89990234375,4757.2001953125,4728.39990234375,4733.7998046875,695219200
2013-01-14,4733.7998046875,4754.7998046875,4733.5,4745.7001953125,649593000
2013-01-15,4746.89990234375,4756.7998046875,4733.2001953125,4743.0,776957600
2013-01-16,4741.89990234375,4765.2998046875,4741.2001953125,4765.0,786506400
2013-01-17,4765.0,4808.89990234375,4765.0,4779.7001953125,920551800
2013-01-18,4779.7001953125,4805.7998046875,4779.7001953125,4794.7001953125,799878200
2013-01-21,4796.7001953125,4803.7001953125,4788.0,4802.2001953125,658803800
2013-01-22,4802.2001953125,4825.60009765625,4792.7001953125,4802.89990234375,721563600
2013-01-23,4811.5,4825.39990234375,4811.39990234375,4812.10009765625,796233400
2013-01-24,4808.39990234375,4837.89990234375,4804.89990234375,4833.7998046875,807628800
2013-01-25,4833.7998046875,4858.89990234375,4833.7998046875,4858.89990234375,921466200
2013-01-29,4865.60009765625,4917.0,4864.7998046875,4910.7998046875,942912000
2013-01-30,4910.7998046875,4928.60009765625,4908.5,4919.10009765625,763115000
2013-01-31,4919.10009765625,4927.60009765625,4888.39990234375,4901.0,894894600
2013-02-01,4901.0,4943.5,4901.0,4941.89990234375,784939600
2013-02-04,4941.89990234375,4971.39990234375,4929.10009765625,4929.10009765625,689876600
2013-02-05,4918.7001953125,4918.7001953125,4892.0,4902.60009765625,826234600
2013-02-06,4902.60009765625,4949.60009765625,4902.60009765625,4940.5,960948800
2013-02-07,4935.0,4957.60009765625,4928.2998046875,4955.7998046875,816581400
2013-02-08,4953.2998046875,4989.39990234375,4948.7001953125,4989.39990234375,811939200
2013-02-11,4989.39990234375,4997.0,4980.2998046875,4980.2998046875,690162400
2013-02-12,4980.2998046875,5002.2001953125,4980.2998046875,4981.5,707999600
2013-02-13,4981.5,5032.89990234375,4981.5,5024.5,837223400
2013-02-14,5024.5,5065.2998046875,5021.2001953125,5057.2001953125,1015527200
2013-02-15,5052.7001953125,5063.2998046875,5043.2001953125,5054.60009765625,854151400
2013-02-18,5061.2998046875,5090.7001953125,5052.5,5082.89990234375,1114006000
2013-02-19,5082.89990234375,5101.0,5066.2998046875,5101.0,867182000
2013-02-20,5101.0,5123.0,5101.0,5114.39990234375,1057192100
2013-02-21,5083.7998046875,5093.7001953125,4998.60009765625,4998.60009765625,1104086100
2013-02-22,4998.60009765625,5070.2001953125,4994.7998046875,5036.7001953125,1001139100
2013-02-25,5035.60009765625,5081.89990234375,5035.60009765625,5072.7001953125,855706000
2013-02-26,5055.5,5057.10009765625,4997.5,5021.7998046875,791287400
2013-02-27,5029.10009765625,5059.5,5029.10009765625,5053.10009765625,800558400
2013-02-28,5053.10009765625,5127.7998046875,5053.10009765625,5120.39990234375,1311572200
2013-03-01,5120.39990234375,5120.39990234375,5079.89990234375,5100.89990234375,1111747300
2013-03-04,5100.89990234375,5100.89990234375,5027.89990234375,5028.5,939048800
2013-03-05,5028.5,5107.89990234375,5028.5,5088.10009765625,898677200
2013-03-06,5088.10009765625,5143.39990234375,5088.10009765625,5130.89990234375,970788400
2013-03-07,5134.0,5148.2998046875,5102.2998046875,5123.10009765625,834380200
2013-03-08,5123.10009765625,5144.5,5116.7001953125,5137.5,867802000
2013-03-11,5135.2998046875,5162.2998046875,5130.2001953125,5160.0,712197400
2013-03-12,5163.2998046875,5174.39990234375,5128.60009765625,5128.60009765625,861455200
2013-03-13,5131.39990234375,5133.39990234375,5093.0,5104.39990234375,877891000
2013-03-14,5102.0,5113.89990234375,5043.7998046875,5043.7998046875,1058871200
2013-03-15,5043.7998046875,5129.2998046875,5043.7998046875,5129.2998046875,1949068400
2013-03-18,5112.7998046875,5112.7998046875,5027.2998046875,5027.39990234375,771565400
2013-03-19,5034.89990234375,5069.7998046875,5004.0,5004.39990234375,856059400
2013-03-20,5004.39990234375,5004.39990234375,4956.39990234375,4982.60009765625,866902600
2013-03-21,4982.60009765625,5012.2998046875,4964.5,4976.7998046875,1112814700
2013-03-22,4973.7001953125,4995.2998046875,4944.5,4980.7998046875,674769000
2013-03-25,4981.89990234375,5033.10009765625,4981.89990234375,5001.5,673737400
2013-03-26,4993.2001953125,4993.2001953125,4957.2001953125,4964.7001953125,737958800
2013-03-27,4972.89990234375,5007.0,4971.39990234375,5007.0,686327000
2013-03-28,5007.0,5007.0,4979.89990234375,4979.89990234375,1087673900
2013-04-02,4979.89990234375,5017.2998046875,4978.7001953125,4995.5,769900000
2013-04-03,4999.2998046875,5019.7001953125,4945.89990234375,4966.39990234375,1041812600
2013-04-04,4959.0,4959.0,4908.39990234375,4919.2998046875,888746000
2013-04-05,4924.7001953125,4929.7001953125,4891.60009765625,4899.2001953125,854147800
2013-04-08,4899.2001953125,4920.89990234375,4897.0,4912.7001953125,732462200
2013-04-09,4912.7001953125,4980.2998046875,4912.7001953125,4980.2001953125,1164957500
2013-04-10,4989.7001953125,4995.2998046875,4963.0,4973.7001953125,943028400
2013-04-11,4973.7001953125,5017.60009765625,4973.7001953125,5010.2998046875,906261800
2013-04-12,5009.7001953125,5024.39990234375,5009.2001953125,5016.0,847318400
2013-04-15,5008.60009765625,5008.60009765625,4933.10009765625,4966.7998046875,789928600
2013-04-16,4966.7998046875,4966.7998046875,4909.10009765625,4944.10009765625,929509400
2013-04-17,4944.10009765625,4997.2001953125,4944.10009765625,4993.60009765625,821360400
2013-04-18,4979.0,4979.7001953125,4911.2998046875,4911.2998046875,1200353300
2013-04-19,4911.2998046875,4946.10009765625,4908.7001953125,4923.0,901300000
2013-04-22,4923.0,4955.39990234375,4923.0,4955.39990234375,650769400
2013-04-23,4955.39990234375,5023.7998046875,4955.39990234375,5002.60009765625,962653000
2013-04-24,5009.0,5085.2001953125,5009.0,5084.2001953125,1163402500
2013-04-26,5094.60009765625,5116.89990234375,5082.5,5082.7001953125,890341600
2013-04-29,5082.7001953125,5111.7998046875,5082.7001953125,5108.2998046875,623704600
2013-04-30,5108.2998046875,5171.2001953125,5108.2998046875,5168.60009765625,933511600
2013-05-01,5165.2998046875,5166.60009765625,5139.7998046875,5144.0,687057200
2013-05-02,5143.89990234375,5143.89990234375,5094.2998046875,5104.10009765625,831687000
2013-05-03,5104.10009765625,5154.0,5102.10009765625,5105.39990234375,714874000
2013-05-06,5121.0,5175.2998046875,5120.0,5133.7998046875,703385200
2013-05-07,5139.7001953125,5142.7001953125,5098.0,5122.7001953125,870076800
2013-05-08,5130.7001953125,5180.2001953125,5129.7998046875,5177.89990234375,1034001400
2013-05-09,5173.2998046875,5192.2001953125,5164.7001953125,5180.60009765625,984826800
2013-05-10,5182.2001953125,5223.89990234375,5182.2001953125,5191.10009765625,839814600
2013-05-13,5188.89990234375,5204.2001953125,5177.0,5194.7998046875,800362400
2013-05-14,5194.7998046875,5209.2998046875,5192.0,5202.5,866906200
2013-05-15,5204.2001953125,5229.7998046875,5151.39990234375,5173.2998046875,905096000
2013-05-16,5173.2998046875,5191.7998046875,5136.60009765625,5144.2001953125,1082412700
2013-05-17,5153.10009765625,5172.7998046875,5147.0,5159.7998046875,918968800
2013-05-20,5165.39990234375,5221.7998046875,5165.39990234375,5185.39990234375,807652800
2013-05-21,5184.39990234375,5184.39990234375,5138.5,5156.2001953125,959256800
2013-05-22,5163.0,5178.89990234375,5131.7998046875,5142.10009765625,1182376500
2013-05-23,5137.2001953125,5137.2001953125,5036.7001953125,5040.7998046875,1483959500
2013-05-24,5040.7998046875,5059.89990234375,4936.0,4964.2998046875,1192799700
2013-05-27,4964.2998046875,4964.39990234375,4910.39990234375,4938.60009765625,881814600
2013-05-28,4937.60009765625,4959.39990234375,4930.10009765625,4950.60009765625,892268400
2013-05-29,4950.60009765625,4975.39990234375,4942.60009765625,4959.2001953125,951240600
2013-05-30,4959.2001953125,4959.2001953125,4885.39990234375,4917.10009765625,980186400
2013-05-31,4927.2001953125,4946.0,4909.60009765625,4914.0,1731029600
2013-06-03,4914.0,4915.0,4873.7001953125,4873.7001953125,826497800
2013-06-04,4873.7001953125,4891.89990234375,4852.2998046875,4886.7001953125,938861600
2013-06-05,4886.7001953125,4886.7001953125,4820.60009765625,4825.2001953125,1121052800
2013-06-06,4822.39990234375,4822.39990234375,4767.89990234375,4771.7998046875,949709600
2013-06-07,4771.7998046875,4773.60009765625,4724.10009765625,4729.2998046875,911864800
2013-06-11,4729.2998046875,4750.2998046875,4729.2998046875,4748.89990234375,883563000
2013-06-12,4748.89990234375,4748.89990234375,4703.0,4716.10009765625,1001279900
2013-06-13,4716.10009765625,4716.10009765625,4650.0,4684.89990234375,1066341200
2013-06-14,4684.89990234375,4776.60009765625,4684.89990234375,4775.5,868708000
2013-06-17,4758.2001953125,4805.0,4726.39990234375,4805.0,927662400
2013-06-18,4805.0,4805.0,4750.10009765625,4794.60009765625,975118000
2013-06-19,4794.60009765625,4841.7998046875,4794.60009765625,4841.7998046875,933264000
2013-06-20,4841.7998046875,4841.7998046875,4715.2998046875,4743.89990234375,1253987800
2013-06-21,4743.60009765625,4743.60009765625,4668.0,4723.7998046875,2061415600
2013-06-24,4723.7998046875,4723.7998046875,4646.2998046875,4651.10009765625,964010000
2013-06-25,4651.10009765625,4664.5,4610.60009765625,4633.5,1202295700
2013-06-26,4633.5,4724.39990234375,4633.5,4707.7998046875,1063490600
2013-06-27,4707.7998046875,4803.10009765625,4707.7998046875,4784.7998046875,1097993600
2013-06-28,4784.7998046875,4803.5,4768.2001953125,4775.39990234375,1176254600
2013-07-01,4775.39990234375,4775.39990234375,4682.39990234375,4689.7001953125,768086400
2013-07-02,4689.7001953125,4810.2998046875,4689.7001953125,4810.2998046875,942892600
2013-07-03,4810.2998046875,4810.2998046875,4704.2001953125,4727.7998046875,943845800
2013-07-04,4727.7998046875,4783.10009765625,4727.7998046875,4781.0,722680800
2013-07-05,4781.0,4837.39990234375,4781.0,4826.39990234375,835945300
2013-07-08,4826.39990234375,4838.5,4774.10009765625,4797.60009765625,714012400
2013-07-09,4797.60009765625,4878.2998046875,4797.60009765625,4866.5,815642000
2013-07-10,4866.5,4932.5,4866.5,4885.39990234375,906644400
2013-07-11,4885.5,4946.89990234375,4885.5,4946.89990234375,895910000
2013-07-12,4946.89990234375,4993.5,4946.89990234375,4957.5,890558800
2013-07-15,4957.5,4979.39990234375,4945.2001953125,4965.60009765625,677194400
2013-07-16,4965.60009765625,4984.2998046875,4958.2001953125,4968.60009765625,772399200
2013-07-17,4968.60009765625,4977.7001953125,4960.5,4966.5,919092200
2013-07-18,4966.5,4992.7001953125,4966.5,4976.89990234375,927408000
2013-07-19,4976.89990234375,4993.2998046875,4948.5,4959.39990234375,904847400
2013-07-22,4959.7001953125,5011.5,4959.7001953125,4988.89990234375,752762400
2013-07-23,4988.89990234375,5015.2998046875,4988.89990234375,5004.60009765625,877617600
2013-07-24,5004.60009765625,5040.2001953125,5004.60009765625,5021.7998046875,872668000
2013-07-25,5021.7998046875,5021.7998046875,4993.5,5018.2998046875,929508000
2013-07-26,5018.2998046875,5043.39990234375,5010.39990234375,5023.7998046875,1073697100
2013-07-29,5023.7998046875,5040.5,5017.89990234375,5027.89990234375,645155700
2013-07-30,5027.89990234375,5035.2998046875,5007.39990234375,5026.2998046875,853359800
2013-07-31,5026.2998046875,5077.2998046875,5026.2998046875,5035.7001953125,894532900
2013-08-01,5035.7001953125,5075.7001953125,5018.10009765625,5047.10009765625,968279800
2013-08-02,5047.10009765625,5099.5,5047.10009765625,5098.7001953125,841941500
2013-08-05,5098.7001953125,5098.7001953125,5083.2001953125,5093.7998046875,611047300
2013-08-06,5093.7998046875,5099.7998046875,5071.2998046875,5088.0,770950200
2013-08-07,5088.0,5088.0,4993.2001953125,4996.60009765625,917331500
2013-08-08,4996.60009765625,5064.89990234375,4996.60009765625,5047.10009765625,970677800
2013-08-09,5047.10009765625,5057.60009765625,5008.2998046875,5038.7998046875,791797100
2013-08-12,5038.7998046875,5094.2998046875,5033.5,5094.10009765625,832533400
2013-08-13,5094.10009765625,5144.7001953125,5094.10009765625,5141.60009765625,1003044400
2013-08-14,5141.60009765625,5151.60009765625,5126.7001953125,5141.0,844067700
2013-08-15,5141.0,5148.39990234375,5125.7001953125,5136.7001953125,1037335600
2013-08-16,5136.7001953125,5136.7001953125,5087.7998046875,5100.10009765625,962194700
2013-08-19,5100.39990234375,5115.60009765625,5086.89990234375,5102.2998046875,893944500
2013-08-20,5102.2998046875,5102.2998046875,5050.10009765625,5068.7998046875,929993400
2013-08-21,5068.7998046875,5096.39990234375,5061.7998046875,5090.2998046875,866994600
2013-08-22,5090.2998046875,5090.2998046875,5020.60009765625,5066.7001953125,1067035600
2013-08-23,5068.7001953125,5132.7001953125,5068.7001953125,5115.2001953125,1080320400
2013-08-26,5115.2001953125,5148.5,5115.2001953125,5127.10009765625,961469500
2013-08-27,5126.7001953125,5131.7998046875,5101.5,5130.7998046875,822466200
2013-08-28,5130.7998046875,5130.7998046875,5067.2998046875,5077.89990234375,952271000
2013-08-29,5078.0,5088.7998046875,5055.60009765625,5083.10009765625,987091200
2013-08-30,5083.10009765625,5125.2998046875,5067.39990234375,5125.2998046875,1108928600
2013-09-02,5125.2998046875,5180.89990234375,5117.89990234375,5178.0,837838400
2013-09-03,5178.0,5198.0,5178.0,5188.89990234375,934725600
2013-09-04,5188.89990234375,5188.89990234375,5147.2998046875,5156.5,895753500
2013-09-05,5156.5,5166.89990234375,5114.5,5138.39990234375,879944000
2013-09-06,5138.39990234375,5153.5,5113.7998046875,5144.0,851751600
2013-09-09,5144.0,5179.60009765625,5144.0,5179.39990234375,707291600
2013-09-10,5179.39990234375,5209.89990234375,5179.39990234375,5198.89990234375,751352800
2013-09-11,5198.89990234375,5230.60009765625,5198.89990234375,5230.60009765625,872788200
2013-09-12,5230.60009765625,5247.7001953125,5225.7001953125,5238.2001953125,1147019200
2013-09-13,5238.2001953125,5238.2001953125,5205.5,5214.7001953125,867338000
2013-09-16,5214.7001953125,5259.60009765625,5214.7001953125,5241.7001953125,680678100
2013-09-17,5241.7001953125,5256.39990234375,5223.10009765625,5245.2001953125,773200100
2013-09-18,5245.2001953125,5247.39990234375,5220.60009765625,5230.39990234375,848241700
2013-09-19,5230.39990234375,5292.2001953125,5230.39990234375,5288.60009765625,1469309500
2013-09-20,5288.60009765625,5288.60009765625,5262.7001953125,5270.7998046875,2057474600
2013-09-23,5270.7998046875,5270.7998046875,5221.2998046875,5245.7998046875,763951400
2013-09-24,5245.7998046875,5245.7998046875,5213.2001953125,5229.5,695459800
2013-09-25,5229.5,5277.7001953125,5226.60009765625,5270.10009765625,805435400
2013-09-26,5270.10009765625,5288.2001953125,5245.2998046875,5288.2001953125,673655600
2013-09-27,5288.2001953125,5307.7001953125,5288.2001953125,5302.2998046875,876390000
2013-09-30,5302.2998046875,5302.2998046875,5217.7001953125,5217.7001953125,963626200
2013-10-01,5217.7001953125,5239.60009765625,5201.10009765625,5206.2998046875,836419900
2013-10-02,5206.2998046875,5229.2998046875,5206.2998046875,5214.89990234375,823170800
2013-10-03,5214.89990234375,5256.0,5212.2001953125,5232.0,762658800
2013-10-04,5232.0,5232.0,5196.2001953125,5205.89990234375,633584300
2013-10-07,5205.89990234375,5212.7998046875,5147.5,5160.60009765625,0
2013-10-08,5160.60009765625,5164.7001953125,5124.7001953125,5148.10009765625,787581100
2013-10-09,5144.0,5155.39990234375,5118.0,5151.60009765625,650408500
2013-10-10,5151.60009765625,5151.60009765625,5126.89990234375,5146.2001953125,725593400
2013-10-11,5146.2001953125,5236.60009765625,5146.2001953125,5228.7998046875,758022900
2013-10-14,5228.7998046875,5228.7998046875,5187.2001953125,5206.5,553587200
2013-10-15,5206.5,5264.5,5206.5,5259.2001953125,712929000
2013-10-16,5259.2001953125,5269.5,5231.7998046875,5264.39990234375,723540200
2013-10-17,5264.39990234375,5295.2001953125,5264.39990234375,5281.89990234375,949383700
2013-10-18,5281.89990234375,5324.7998046875,5281.89990234375,5321.0,886965300
2013-10-21,5321.0,5365.10009765625,5321.0,5351.5,815875900
2013-10-22,5351.5,5378.7001953125,5351.5,5371.2001953125,967476700
2013-10-23,5371.2001953125,5400.39990234375,5356.2001953125,5356.7998046875,1049794300
2013-10-24,5356.7998046875,5384.39990234375,5355.10009765625,5373.7001953125,773848700
2013-10-25,5373.7001953125,5396.2998046875,5373.7001953125,5385.7001953125,963163400
2013-10-28,5385.7001953125,5453.10009765625,5385.7001953125,5437.2998046875,1068134700
2013-10-29,5437.2998046875,5439.7998046875,5404.60009765625,5410.7001953125,808908700
2013-10-30,5410.7001953125,5438.5,5410.7001953125,5425.39990234375,861298300
2013-10-31,5425.39990234375,5439.60009765625,5396.2998046875,5420.2998046875,888755400
2013-11-01,5420.2998046875,5420.2998046875,5400.0,5406.5,721830000
2013-11-04,5406.5,5424.7998046875,5382.60009765625,5384.2001953125,680508500
2013-11-05,5384.2001953125,5432.10009765625,5384.2001953125,5425.7001953125,542593900
2013-11-06,5425.7001953125,5427.10009765625,5401.7001953125,5426.0,772866800
2013-11-07,5426.10009765625,5426.10009765625,5403.89990234375,5415.39990234375,861858900
2013-11-08,5415.39990234375,5415.39990234375,5374.2001953125,5394.39990234375,794940900
2013-11-11,5394.39990234375,5432.39990234375,5369.7998046875,5380.7998046875,778935100
2013-11-12,5380.7998046875,5413.89990234375,5380.7998046875,5386.7998046875,792330700
2013-11-13,5386.7998046875,5386.7998046875,5307.89990234375,5317.5,892313200
2013-11-14,5317.5,5372.5,5317.5,5352.0,765457000
2013-11-15,5352.0,5400.0,5338.7998046875,5396.2001953125,758151600
2013-11-18,5396.2001953125,5398.39990234375,5354.10009765625,5377.89990234375,631101500
2013-11-19,5378.0,5378.0,5340.89990234375,5347.7998046875,753033700
2013-11-20,5347.7998046875,5347.7998046875,5293.89990234375,5304.60009765625,745519200
2013-11-21,5304.60009765625,5304.60009765625,5282.0,5284.2998046875,941867400
2013-11-22,5284.2998046875,5346.7998046875,5284.2998046875,5330.2998046875,717415000
2013-11-25,5330.2998046875,5368.10009765625,5330.2998046875,5346.10009765625,792699700
2013-11-26,5346.10009765625,5367.89990234375,5339.2001953125,5350.60009765625,1346073600
2013-11-27,5350.60009765625,5354.7998046875,5324.89990234375,5324.89990234375,668111500
2013-11-28,5324.89990234375,5358.2998046875,5324.89990234375,5326.60009765625,860014800
2013-11-29,5326.60009765625,5331.39990234375,5302.0,5314.2998046875,810485200
2013-12-02,5314.2998046875,5325.7001953125,5265.2001953125,5273.5,751447000
2013-12-03,5273.5,5276.5,5247.10009765625,5249.60009765625,911965300
2013-12-04,5249.60009765625,5271.7001953125,5222.89990234375,5267.5,944913900
2013-12-05,5267.5,5270.7001953125,5196.89990234375,5196.89990234375,1094992600
2013-12-06,5196.89990234375,5197.39990234375,5156.7998046875,5186.0,704197200
2013-12-09,5186.10009765625,5205.7998046875,5137.7001953125,5148.39990234375,780237000
2013-12-10,5148.39990234375,5186.7998046875,5143.7001953125,5146.2001953125,956249900
2013-12-11,5140.39990234375,5145.2998046875,5109.5,5109.5,786954000
2013-12-12,5109.5,5119.2998046875,5037.39990234375,5069.2001953125,1124644800
2013-12-13,5069.2001953125,5101.5,5053.10009765625,5101.5,781655900
2013-12-16,5101.5,5104.5,5065.39990234375,5093.10009765625,629089600
2013-12-17,5093.2001953125,5136.39990234375,5088.7001953125,5106.10009765625,750807600
2013-12-18,5106.10009765625,5116.7998046875,5095.60009765625,5099.2998046875,751739800
2013-12-19,5099.2998046875,5202.0,5099.2998046875,5202.0,969280700
2013-12-20,5202.0,5261.5,5202.0,5261.5,1569005900
2013-12-23,5261.5,5291.5,5257.7998046875,5291.5,697143700
2013-12-24,5291.5,5328.2998046875,5291.5,5325.5,352086700
2013-12-27,5325.39990234375,5362.5,5320.0,5323.7998046875,329601800
2013-12-30,5323.7998046875,5358.0,5323.7998046875,5358.0,469708600
2013-12-31,5358.0,5367.7998046875,5340.5,5353.10009765625,375468700
2014-01-02,5353.10009765625,5383.39990234375,5353.10009765625,5369.7998046875,417726200
2014-01-03,5369.7998046875,5369.7998046875,5328.60009765625,5351.7998046875,440613400
2014-01-06,5351.7998046875,5364.39990234375,5321.7998046875,5327.7001953125,474850500
2014-01-07,5327.7001953125,5346.7001953125,5316.39990234375,5318.7998046875,673028200
2014-01-08,5318.7998046875,5353.5,5306.39990234375,5318.7001953125,697759000
2014-01-09,5318.7001953125,5327.5,5298.39990234375,5327.5,602247600
2014-01-10,5327.5,5327.5,5309.2001953125,5316.2998046875,802826600
2014-01-13,5316.2998046875,5321.60009765625,5294.5,5296.7998046875,633954500
2014-01-14,5296.7998046875,5296.7998046875,5215.5,5219.7998046875,881412900
2014-01-15,5219.7998046875,5263.39990234375,5219.7998046875,5255.5,772649200
2014-01-16,5255.5,5319.39990234375,5255.5,5319.39990234375,904667200
2014-01-17,5319.39990234375,5328.60009765625,5295.60009765625,5316.39990234375,828832400
2014-01-20,5316.39990234375,5317.0,5273.7001953125,5307.60009765625,0
2014-01-21,5307.60009765625,5342.0,5289.39990234375,5342.0,685193600
2014-01-22,5342.0,5342.0,5298.10009765625,5331.2998046875,727298700
2014-01-23,5331.2998046875,5331.39990234375,5266.5,5275.5,817642700
2014-01-24,5275.5,5289.7001953125,5254.2998046875,5254.2998046875,835572300
2014-01-28,5254.2998046875,5254.2998046875,5174.39990234375,5188.0,904430700
2014-01-29,5188.0,5240.60009765625,5188.0,5240.60009765625,744763700
2014-01-30,5240.60009765625,5240.60009765625,5175.2001953125,5199.39990234375,832158900
2014-01-31,5199.39990234375,5209.89990234375,5184.39990234375,5205.10009765625,846221600
2014-02-03,5205.10009765625,5212.5,5179.0,5201.89990234375,612331500
2014-02-04,5201.89990234375,5201.89990234375,5109.2001953125,5114.10009765625,1025023800
2014-02-05,5114.10009765625,5128.60009765625,5072.7001953125,5088.7001953125,852644800
2014-02-06,5088.7001953125,5147.39990234375,5088.7001953125,5147.39990234375,799811000
2014-02-07,5147.39990234375,5184.7001953125,5147.39990234375,5184.5,923197400
2014-02-10,5184.5,5236.5,5184.5,5236.5,709950700
2014-02-11,5236.5,5273.60009765625,5220.5,5267.2998046875,909941100
2014-02-12,5267.2998046875,5319.7998046875,5267.2998046875,5319.7998046875,1068699200
2014-02-13,5319.5,5342.5,5314.39990234375,5318.7001953125,902420100
2014-02-14,5318.7001953125,5366.89990234375,5318.7001953125,5366.89990234375,879978700
2014-02-17,5394.7998046875,5408.0,5394.7998046875,5400.2001953125,1771270900
2014-02-18,5394.7998046875,5408.0,5388.89990234375,5402.2001953125,887321700
2014-02-19,5404.60009765625,5428.0,5402.2001953125,5415.5,1033631300
2014-02-20,5415.5,5449.5,5409.2998046875,5421.2998046875,1251995200
2014-02-21,5421.2998046875,5460.39990234375,5421.2998046875,5449.39990234375,1006726900
2014-02-24,5449.5,5466.0,5436.60009765625,5450.10009765625,970497700
2014-02-25,5450.10009765625,5471.7998046875,5438.2001953125,5444.0,965084300
2014-02-26,5444.0,5461.2998046875,5433.7001953125,5447.0,1127947600
2014-02-27,5447.0,5447.0,5416.0,5421.0,1042643300
2014-02-28,5421.0,5449.2001953125,5412.2998046875,5415.39990234375,1273464300
2014-03-03,5415.39990234375,5415.39990234375,5355.2001953125,5397.39990234375,973398500
2014-03-04,5395.89990234375,5418.39990234375,5383.5,5411.7001953125,927598000
2014-03-05,5417.2001953125,5464.60009765625,5417.2001953125,5457.2998046875,1159838200
2014-03-06,5457.2998046875,5459.7001953125,5435.7001953125,5459.7001953125,947579800
2014-03-07,5459.7001953125,5477.2998046875,5458.2998046875,5477.0,927284300
2014-03-10,5477.0,5477.0,5429.2998046875,5430.7998046875,887651700
2014-03-11,5430.7998046875,5448.10009765625,5420.2998046875,5429.2998046875,1120688900
2014-03-12,5429.2998046875,5429.2998046875,5362.89990234375,5400.5,996730300
2014-03-13,5400.5,5441.10009765625,5400.5,5429.10009765625,936397100
2014-03-14,5429.10009765625,5429.10009765625,5347.10009765625,5347.10009765625,839875800
2014-03-17,5347.10009765625,5348.10009765625,5329.39990234375,5335.2001953125,809164700
2014-03-18,5335.2001953125,5377.0,5335.2001953125,5360.2001953125,0
2014-03-19,5360.2998046875,5373.89990234375,5351.60009765625,5373.0,0
2014-03-20,5373.0,5373.0,5307.0,5312.7001953125,1303185600
2014-03-21,5312.7001953125,5354.0,5312.7001953125,5354.0,1921916600
2014-03-24,5354.0,5362.10009765625,5319.2001953125,5362.10009765625,861472000
2014-03-25,5362.10009765625,5362.10009765625,5325.60009765625,5351.0,943832600
2014-03-26,5351.0,5405.2998046875,5351.0,5387.2001953125,992026000
2014-03-27,5387.2001953125,5387.2001953125,5332.7998046875,5359.7001953125,873781200
2014-03-28,5359.7001953125,5381.7998046875,5352.10009765625,5376.7998046875,983213200
2014-03-31,5376.7998046875,5421.5,5376.7998046875,5403.0,845157600
2014-04-01,5403.0,5409.2001953125,5358.60009765625,5394.89990234375,912703900
2014-04-02,5394.89990234375,5414.7998046875,5394.89990234375,5408.7998046875,872718500
2014-04-03,5408.7998046875,5424.89990234375,5408.7998046875,5415.7001953125,794483200
2014-04-04,5415.7001953125,5428.60009765625,5405.39990234375,5428.60009765625,678717600
2014-04-07,5428.60009765625,5428.60009765625,5395.5,5416.10009765625,605957800
2014-04-08,5416.10009765625,5417.5,5392.5,5409.2001953125,731612800
2014-04-09,5409.2001953125,5473.10009765625,5409.2001953125,5460.2998046875,967283400
2014-04-10,5460.2998046875,5500.0,5460.2998046875,5477.5,951462700
2014-04-11,5477.5,5477.5,5418.89990234375,5423.5,815083500
2014-04-14,5423.5,5423.5,5353.60009765625,5353.60009765625,788456000
2014-04-15,5355.0,5400.2001953125,5355.0,5380.2998046875,740198000
2014-04-16,5380.2998046875,5416.5,5379.10009765625,5412.60009765625,668488900
2014-04-17,5412.60009765625,5450.5,5412.60009765625,5444.7998046875,678193500
2014-04-22,5444.7998046875,5470.60009765625,5442.7001953125,5467.10009765625,590132700
2014-04-23,5467.10009765625,5507.7998046875,5467.10009765625,5502.2001953125,696438300
2014-04-24,5502.2001953125,5521.89990234375,5502.2001953125,5515.5,763647900
2014-04-28,5515.5,5529.2001953125,5503.5,5516.10009765625,718180900
2014-04-29,5516.10009765625,5533.2998046875,5450.7998046875,5466.89990234375,836409500
2014-04-30,5466.89990234375,5488.5,5446.2998046875,5470.7998046875,793932000
2014-05-01,5470.7998046875,5481.7998046875,5421.5,5430.39990234375,698313500
2014-05-02,5430.39990234375,5439.2001953125,5412.7001953125,5438.7998046875,689641600
2014-05-05,5438.7998046875,5465.39990234375,5425.0,5443.39990234375,553522800
2014-05-06,5443.39990234375,5472.60009765625,5443.39990234375,5462.7001953125,558706800
2014-05-07,5462.7001953125,5462.7001953125,5402.0,5419.10009765625,727546200
2014-05-08,5419.10009765625,5463.60009765625,5419.10009765625,5455.89990234375,725077400
2014-05-09,5455.89990234375,5455.89990234375,5414.2998046875,5442.0,680602900
2014-05-12,5442.0,5460.39990234375,5414.10009765625,5429.0,649060900
2014-05-13,5429.0,5483.10009765625,5429.0,5475.39990234375,925035900
2014-05-14,5475.39990234375,5482.60009765625,5453.7998046875,5475.89990234375,771600300
2014-05-15,5476.39990234375,5490.2001953125,5452.5,5490.2001953125,786206000
2014-05-16,5490.2001953125,5490.2001953125,5451.7001953125,5458.89990234375,726569900
2014-05-19,5458.89990234375,5458.89990234375,5390.2998046875,5390.2998046875,824779900
2014-05-20,5390.2998046875,5413.5,5367.5,5401.7001953125,735598000
2014-05-21,5401.7001953125,5403.89990234375,5353.39990234375,5403.89990234375,867724600
2014-05-22,5403.89990234375,5467.5,5403.89990234375,5458.10009765625,788151300
2014-05-23,5458.10009765625,5484.2998046875,5458.10009765625,5470.2998046875,721836600
2014-05-26,5470.2998046875,5490.39990234375,5470.2998046875,5490.39990234375,581715100
2014-05-27,5490.5,5506.5,5485.5,5490.7998046875,604208900
2014-05-28,5490.7998046875,5520.2998046875,5490.7998046875,5506.7001953125,720249400
2014-05-29,5506.7001953125,5508.0,5485.10009765625,5499.2001953125,610957800
2014-05-30,5499.2001953125,5504.5,5473.7998046875,5473.7998046875,1431053400
2014-06-02,5466.2998046875,5502.39990234375,5464.2001953125,5499.2001953125,793794700
2014-06-03,5499.2001953125,5506.0,5459.10009765625,5460.5,878979600
2014-06-04,5460.5,5463.60009765625,5424.39990234375,5426.7998046875,789083600
2014-06-05,5426.7998046875,5437.0,5400.60009765625,5419.7001953125,788011400
2014-06-06,5419.7001953125,5452.10009765625,5419.7001953125,5443.5,825615800
2014-06-10,5443.5,5474.0,5442.39990234375,5448.5,727519300
2014-06-11,5448.5,5448.5,5424.39990234375,5432.5,754729500
2014-06-12,5432.5,5432.5,5402.89990234375,5407.89990234375,690112000
2014-06-13,5407.89990234375,5407.89990234375,5354.7001953125,5383.7001953125,940029200
2014-06-16,5383.7001953125,5390.60009765625,5360.2998046875,5390.60009765625,823085000
2014-06-17,5390.60009765625,5394.7998046875,5367.39990234375,5380.7001953125,831574500
2014-06-18,5380.7001953125,5385.0,5363.89990234375,5363.89990234375,866422900
2014-06-19,5363.89990234375,5446.39990234375,5363.89990234375,5446.39990234375,1084457300
2014-06-20,5446.39990234375,5446.39990234375,5399.7998046875,5401.60009765625,1270638400
2014-06-23,5401.60009765625,5448.0,5401.60009765625,5432.7001953125,774168300
2014-06-24,5432.7001953125,5434.2001953125,5406.7998046875,5415.10009765625,764063200
2014-06-25,5415.10009765625,5415.10009765625,5363.2001953125,5386.7998046875,869626000
2014-06-26,5386.7998046875,5446.7998046875,5386.7998046875,5446.7998046875,747437700
2014-06-27,5446.7998046875,5462.10009765625,5424.7001953125,5429.10009765625,940869600
2014-06-30,5429.10009765625,5429.7998046875,5382.0,5382.0,755250700
2014-07-01,5382.0,5400.60009765625,5361.39990234375,5366.5,805187000
2014-07-02,5366.5,5441.7001953125,5366.5,5441.7001953125,757821000
2014-07-03,5443.0,5487.0,5443.0,5479.5,749875400
2014-07-04,5479.5,5519.10009765625,5479.5,5511.7998046875,699379300
2014-07-07,5511.7998046875,5523.10009765625,5502.2001953125,5506.2998046875,577671900
2014-07-08,5506.2998046875,5507.39990234375,5488.60009765625,5498.5,649973900
2014-07-09,5498.5,5498.5,5430.10009765625,5442.2001953125,726492100
2014-07-10,5442.2001953125,5458.0,5439.5,5454.2998046875,709693700
2014-07-11,5454.2998046875,5490.0,5432.7001953125,5474.60009765625,656702200
2014-07-14,5474.60009765625,5503.5,5474.60009765625,5495.7998046875,608421200
2014-07-15,5495.7998046875,5520.39990234375,5479.60009765625,5495.7001953125,665371200
2014-07-16,5495.7001953125,5511.0,5485.7001953125,5504.5,714446500
2014-07-17,5504.60009765625,5545.89990234375,5504.60009765625,5509.89990234375,863972900
2014-07-18,5509.89990234375,5519.2001953125,5472.89990234375,5519.2001953125,739746400
2014-07-21,5519.2001953125,5539.7998046875,5517.60009765625,5528.7001953125,582627300
2014-07-22,5528.7001953125,5535.2001953125,5520.5,5534.0,675540100
2014-07-23,5534.0,5587.7001953125,5534.0,5567.0,771809900
2014-07-24,5565.10009765625,5582.5,5563.7001953125,5576.7998046875,786020500
2014-07-25,5576.7998046875,5577.60009765625,5558.7001953125,5574.2001953125,747314700
2014-07-28,5574.2001953125,5578.60009765625,5551.2001953125,5569.89990234375,749848200
2014-07-29,5569.89990234375,5586.2001953125,5560.0,5580.60009765625,638052900
2014-07-30,5580.60009765625,5623.0,5580.60009765625,5615.10009765625,729613500
2014-07-31,5615.2001953125,5633.2998046875,5611.0,5623.10009765625,763967800
2014-08-01,5623.10009765625,5623.10009765625,5535.7998046875,5547.60009765625,822477700
2014-08-04,5544.60009765625,5544.60009765625,5517.2998046875,5533.2998046875,542479700
2014-08-05,5533.2998046875,5540.2998046875,5503.5,5511.5,717943000
2014-08-06,5511.60009765625,5511.60009765625,5488.10009765625,5504.0,693547000
2014-08-07,5504.0,5513.7001953125,5483.5,5500.7001953125,814077100
2014-08-08,5500.7001953125,5500.7001953125,5419.7001953125,5429.60009765625,851190800
2014-08-11,5429.60009765625,5468.5,5429.60009765625,5449.39990234375,634899300
2014-08-12,5449.39990234375,5526.10009765625,5449.39990234375,5523.10009765625,869261300
2014-08-13,5523.10009765625,5523.10009765625,5497.5,5507.89990234375,808016000
2014-08-14,5507.89990234375,5552.0,5507.89990234375,5542.89990234375,905399000
2014-08-15,5542.89990234375,5571.7001953125,5539.7998046875,5559.60009765625,711282600
2014-08-18,5559.60009765625,5580.60009765625,5559.60009765625,5580.60009765625,578947700
2014-08-19,5580.60009765625,5621.2001953125,5577.60009765625,5618.39990234375,860880000
2014-08-20,5618.39990234375,5633.2001953125,5601.10009765625,5629.2001953125,857711800
2014-08-21,5629.2001953125,5672.2998046875,5629.2001953125,5634.0,942020100
2014-08-22,5634.0,5657.2001953125,5634.0,5640.5,773785800
2014-08-25,5640.5,5645.60009765625,5623.7998046875,5632.7998046875,705505500
2014-08-26,5632.7998046875,5644.60009765625,5624.5,5634.5,836006100
2014-08-27,5634.5,5650.5,5634.5,5648.89990234375,938706700
2014-08-28,5648.89990234375,5648.89990234375,5617.5,5621.2998046875,1094633800
2014-08-29,5621.2998046875,5628.2998046875,5613.5,5624.60009765625,1144748100
2014-09-01,5624.60009765625,5652.2001953125,5624.60009765625,5629.2998046875,690903800
2014-09-02,5629.2998046875,5656.89990234375,5618.2001953125,5656.89990234375,704953700
2014-09-03,5656.89990234375,5670.5,5643.2998046875,5654.60009765625,904956300
2014-09-04,5654.60009765625,5656.60009765625,5620.0,5632.10009765625,762256300
2014-09-05,5632.10009765625,5632.10009765625,5593.7998046875,5598.89990234375,736236000
2014-09-08,5598.89990234375,5602.0,5571.0,5578.89990234375,611820300
2014-09-09,5578.5,5608.60009765625,5575.39990234375,5608.2001953125,786992600
2014-09-10,5608.2001953125,5608.2001953125,5558.7001953125,5574.39990234375,799208700
2014-09-11,5574.39990234375,5596.2001953125,5544.5,5546.89990234375,755594100
2014-09-12,5546.89990234375,5549.10009765625,5511.89990234375,5532.2998046875,764008700
2014-09-15,5532.2998046875,5532.2998046875,5475.39990234375,5475.39990234375,797929900
2014-09-16,5468.60009765625,5485.39990234375,5442.2001953125,5446.2001953125,863804800
2014-09-17,5446.2001953125,5464.2001953125,5405.2998046875,5411.39990234375,948417100
2014-09-18,5411.39990234375,5434.0,5379.5,5419.0,1029665100
2014-09-19,5419.0,5447.0,5419.0,5437.2998046875,1552909200
2014-09-22,5437.39990234375,5438.10009765625,5357.10009765625,5368.2001953125,848957900
2014-09-23,5368.2001953125,5422.60009765625,5343.2998046875,5415.89990234375,861330100
2014-09-24,5415.89990234375,5415.89990234375,5357.7998046875,5375.89990234375,758099000
2014-09-25,5375.89990234375,5411.2998046875,5374.39990234375,5382.39990234375,680191800
2014-09-26,5374.7998046875,5374.7998046875,5312.2998046875,5316.60009765625,825969200
2014-09-29,5316.60009765625,5316.60009765625,5266.39990234375,5269.60009765625,706321100
2014-09-30,5269.60009765625,5296.7998046875,5258.5,5296.7998046875,841522200
2014-10-01,5296.7998046875,5336.60009765625,5249.7001953125,5334.5,775972900
2014-10-02,5334.5,5334.5,5284.7998046875,5298.5,765990300
2014-10-03,5298.5,5316.10009765625,5282.2001953125,5315.39990234375,687374000
2014-10-06,5315.39990234375,5318.2001953125,5277.2001953125,5292.60009765625,453050900
2014-10-07,5292.60009765625,5317.89990234375,5212.60009765625,5284.7998046875,828181000
2014-10-08,5284.7998046875,5284.7998046875,5213.0,5241.60009765625,861008300
2014-10-09,5241.60009765625,5320.7001953125,5241.60009765625,5293.2998046875,826658700
2014-10-10,5293.2998046875,5293.2998046875,5185.7001953125,5185.7001953125,933671700
2014-10-13,5185.7001953125,5185.7001953125,5121.2001953125,5153.10009765625,838756400
2014-10-14,5153.10009765625,5213.10009765625,5128.7998046875,5204.0,978461400
2014-10-15,5204.0,5246.2998046875,5203.0,5238.0,832732900
2014-10-16,5238.0,5247.60009765625,5157.0,5244.2998046875,991312300
2014-10-17,5244.2998046875,5295.7998046875,5244.2998046875,5260.10009765625,878978500
2014-10-20,5260.10009765625,5328.60009765625,5260.10009765625,5307.2998046875,655270100
2014-10-21,5307.2998046875,5331.7998046875,5300.89990234375,5312.5,961166200
2014-10-22,5312.5,5375.2001953125,5312.5,5373.2998046875,783556700
2014-10-23,5373.2998046875,5376.89990234375,5353.2001953125,5369.89990234375,785473800
2014-10-24,5369.89990234375,5411.60009765625,5369.89990234375,5399.2998046875,760276200
2014-10-27,5399.2998046875,5445.2001953125,5399.2998046875,5442.0,778844500
2014-10-28,5441.89990234375,5441.89990234375,5416.2998046875,5434.0,826613900
2014-10-29,5434.0,5462.60009765625,5425.60009765625,5431.10009765625,904444100
2014-10-30,5431.10009765625,5458.7998046875,5431.10009765625,5457.10009765625,881897200
2014-10-31,5457.10009765625,5505.0,5457.10009765625,5505.0,944111900
2014-11-03,5505.0,5515.10009765625,5478.2998046875,5485.0,699734400
2014-11-04,5485.0,5508.2998046875,5482.2998046875,5498.2001953125,598414900
2014-11-05,5498.2001953125,5498.2001953125,5459.7001953125,5492.7998046875,761462700
2014-11-06,5492.7998046875,5521.0,5467.60009765625,5479.2001953125,822648200
2014-11-07,5479.2001953125,5522.10009765625,5474.2998046875,5522.10009765625,875994700
2014-11-10,5522.10009765625,5523.5,5480.5,5501.39990234375,845126100
2014-11-11,5501.39990234375,5510.60009765625,5486.5,5494.0,775103100
2014-11-12,5494.0,5494.0,5439.5,5443.0,761391300
2014-11-13,5443.0,5450.5,5415.7998046875,5423.5,690032900
2014-11-14,5423.5,5436.7001953125,5401.7998046875,5433.7998046875,613263400
2014-11-17,5433.7998046875,5440.39990234375,5390.2001953125,5396.60009765625,619406700
2014-11-18,5396.60009765625,5414.10009765625,5372.89990234375,5383.10009765625,597001100
2014-11-19,5383.10009765625,5384.0,5350.89990234375,5352.5,806696100
2014-11-20,5352.5,5352.5,5302.39990234375,5302.5,839300000
2014-11-21,5302.5,5312.7998046875,5281.39990234375,5292.10009765625,840697100
2014-11-24,5292.10009765625,5363.7001953125,5292.10009765625,5349.0,698192800
2014-11-25,5349.0,5349.0,5286.0,5320.89990234375,1067560600
2014-11-26,5320.89990234375,5380.2998046875,5320.89990234375,5380.2998046875,686953400
2014-11-27,5380.2998046875,5394.89990234375,5376.2001953125,5381.39990234375,684085600
2014-11-28,5381.39990234375,5381.39990234375,5298.10009765625,5298.10009765625,825749500
2014-12-01,5298.10009765625,5300.5,5190.7001953125,5190.7001953125,909677900
2014-12-02,5190.7001953125,5263.10009765625,5190.7001953125,5260.0,901188900
2014-12-03,5260.0,5308.2998046875,5242.39990234375,5301.2001953125,812751500
2014-12-04,5301.2001953125,5350.89990234375,5301.2001953125,5345.39990234375,903843100
2014-12-05,5345.39990234375,5364.7001953125,5287.7001953125,5313.60009765625,831605500
2014-12-08,5313.60009765625,5378.39990234375,5313.60009765625,5348.89990234375,781660000
2014-12-09,5348.2998046875,5348.2998046875,5258.2998046875,5258.2998046875,961381600
2014-12-10,5258.2998046875,5263.7001953125,5199.89990234375,5237.10009765625,819763200
2014-12-11,5237.10009765625,5237.10009765625,5168.39990234375,5207.39990234375,931542400
2014-12-12,5207.39990234375,5218.2001953125,5182.89990234375,5196.89990234375,877389600
2014-12-15,5196.89990234375,5196.89990234375,5124.7998046875,5164.60009765625,752710800
2014-12-16,5164.60009765625,5164.60009765625,5121.7001953125,5131.0,756531500
2014-12-17,5131.0,5166.10009765625,5128.7001953125,5140.60009765625,774417800
2014-12-18,5140.60009765625,5239.39990234375,5140.60009765625,5189.7001953125,1134162600
2014-12-19,5189.7001953125,5316.39990234375,5189.7001953125,5312.7001953125,1943062300
2014-12-22,5312.7001953125,5414.10009765625,5312.7001953125,5414.10009765625,1279145300
2014-12-23,5414.10009765625,5414.10009765625,5356.39990234375,5356.39990234375,591649700
2014-12-24,5356.39990234375,5372.7001953125,5343.0,5369.5,306340500
2014-12-29,5369.5,5453.2001953125,5369.5,5447.0,466360500
2014-12-30,5447.10009765625,5458.2998046875,5391.2998046875,5392.2998046875,533477300
2014-12-31,5392.2998046875,5413.2998046875,5378.10009765625,5388.60009765625,347871000
2015-01-02,5388.60009765625,5415.0,5366.39990234375,5415.0,384952800
2015-01-05,5415.0,5447.60009765625,5409.39990234375,5429.5,598591400
2015-01-06,5429.5,5429.5,5321.5,5346.2001953125,745366200
2015-01-07,5346.2001953125,5348.89990234375,5301.2001953125,5334.5,739868000
2015-01-08,5334.5,5373.39990234375,5334.5,5359.39990234375,767875900
2015-01-09,5359.39990234375,5440.10009765625,5359.39990234375,5440.10009765625,680170300
2015-01-12,5440.10009765625,5440.10009765625,5396.2998046875,5399.5,570034700
2015-01-13,5399.5,5399.5,5352.2998046875,5382.10009765625,679576100
2015-01-14,5382.10009765625,5382.7001953125,5325.60009765625,5332.2001953125,787984300
2015-01-15,5332.2001953125,5332.2001953125,5283.89990234375,5310.60009765625,846779200
2015-01-16,5310.60009765625,5311.7998046875,5248.5,5278.7998046875,738815900
2015-01-19,5278.7998046875,5348.89990234375,5278.7998046875,5289.0,711798300
2015-01-20,5289.0,5293.2998046875,5263.5,5286.7998046875,662677100
2015-01-21,5286.7998046875,5367.39990234375,5286.7998046875,5367.39990234375,760861100
2015-01-22,5367.39990234375,5404.2001953125,5367.39990234375,5390.5,821692600
2015-01-23,5390.5,5468.2001953125,5390.5,5468.2001953125,734852600
2015-01-27,5468.2001953125,5511.5,5464.10009765625,5511.5,887887400
2015-01-28,5511.5,5522.2001953125,5486.60009765625,5516.60009765625,792355000
2015-01-29,5516.60009765625,5538.10009765625,5483.0,5532.2001953125,834974600
2015-01-30,5532.2001953125,5579.39990234375,5532.2001953125,5551.60009765625,1260333000
2015-02-02,5551.60009765625,5600.0,5551.60009765625,5586.5,767709100
2015-02-03,5586.5,5676.10009765625,5586.5,5666.2001953125,972760600
2015-02-04,5666.2001953125,5759.2001953125,5666.2001953125,5733.7001953125,1162277100
2015-02-05,5733.7001953125,5772.2998046875,5715.2001953125,5765.5,831608900
2015-02-06,5765.5,5803.0,5764.7998046875,5774.7001953125,697303600
2015-02-09,5774.7001953125,5774.7001953125,5736.60009765625,5770.10009765625,1016686100
2015-02-10,5770.10009765625,5774.0,5739.10009765625,5757.39990234375,816108800
2015-02-11,5757.39990234375,5777.39990234375,5721.10009765625,5731.7001953125,747222000
2015-02-12,5731.7001953125,5752.7998046875,5704.0,5707.7001953125,1002470500
2015-02-13,5707.7001953125,5850.2001953125,5707.7001953125,5835.5,974570300
2015-02-16,5835.5,5852.2998046875,5804.0,5849.5,801219800
2015-02-17,5849.5,5849.5,5809.10009765625,5822.2998046875,740598900
2015-02-18,5822.2998046875,5877.89990234375,5810.10009765625,5877.89990234375,1101411300
2015-02-19,5877.89990234375,5908.2998046875,5854.7998046875,5869.7998046875,806027700
2015-02-20,5869.7998046875,5876.39990234375,5837.7001953125,5845.60009765625,755327600
2015-02-23,5845.60009765625,5879.7998046875,5835.60009765625,5872.39990234375,883498800
2015-02-24,5872.39990234375,5894.5,5851.39990234375,5890.0,905338900
2015-02-25,5890.0,5917.10009765625,5878.2001953125,5908.60009765625,970525100
2015-02-26,5908.60009765625,5908.60009765625,5869.0,5877.89990234375,1025115600
2015-02-27,5877.89990234375,5913.0,5847.89990234375,5898.5,1319856000
2015-03-02,5898.5,5949.2998046875,5898.5,5926.2998046875,874022400
2015-03-03,5926.2998046875,5962.0,5872.7998046875,5902.89990234375,919398300
2015-03-04,5902.89990234375,5916.10009765625,5869.10009765625,5871.5,813431200
2015-03-05,5871.5,5873.7001953125,5840.39990234375,5873.7001953125,810462000
2015-03-06,5873.7001953125,5885.2998046875,5841.5,5868.60009765625,829993500
2015-03-09,5868.60009765625,5868.60009765625,5786.7998046875,5793.0,779210700
2015-03-10,5793.0,5825.2998046875,5782.10009765625,5794.2998046875,799764600
2015-03-11,5794.2998046875,5794.2998046875,5720.5,5763.2998046875,823722700
2015-03-12,5763.0,5820.89990234375,5756.7001953125,5816.0,827105200
2015-03-13,5816.0,5821.0,5771.89990234375,5788.0,723872500
2015-03-16,5788.0,5788.0,5736.0,5769.7001953125,803627300
2015-03-17,5769.7001953125,5831.2001953125,5769.7001953125,5811.0,749649400
2015-03-18,5811.0,5813.5,5757.7001953125,5808.0,970476700
2015-03-19,5808.0,5913.60009765625,5808.0,5912.5,1339726500
2015-03-20,5912.5,5940.0,5892.10009765625,5936.2998046875,1868184400
2015-03-23,5936.2998046875,5956.10009765625,5915.5,5921.0,691240000
2015-03-24,5921.0,5945.7001953125,5921.0,5934.5,724826400
2015-03-25,5934.5,5952.5,5927.10009765625,5937.10009765625,766361100
2015-03-26,5937.10009765625,5937.10009765625,5849.7001953125,5849.7001953125,817954400
2015-03-27,5849.7001953125,5901.10009765625,5848.5,5888.89990234375,803373000
2015-03-30,5888.89990234375,5888.89990234375,5799.7998046875,5816.2998046875,868055400
2015-03-31,5816.2998046875,5898.10009765625,5816.2998046875,5861.89990234375,855185400
2015-04-01,5861.89990234375,5861.89990234375,5817.7001953125,5832.89990234375,820884500
2015-04-02,5832.89990234375,5877.7998046875,5832.89990234375,5869.7001953125,699628000
2015-04-07,5869.7001953125,5947.7998046875,5868.10009765625,5893.2001953125,671303000
2015-04-08,5893.2001953125,5940.5,5893.2001953125,5928.2998046875,670326500
2015-04-09,5928.2998046875,5931.10009765625,5899.7998046875,5901.5,701710100
2015-04-10,5901.5,5935.39990234375,5896.5,5935.39990234375,551648800
2015-04-13,5935.39990234375,5963.5,5926.89990234375,5928.10009765625,633361100
2015-04-14,5928.10009765625,5928.10009765625,5898.60009765625,5916.2001953125,630674200
2015-04-15,5916.2001953125,5927.7998046875,5864.2998046875,5877.2998046875,734473900
2015-04-16,5877.2998046875,5939.2998046875,5877.2998046875,5917.60009765625,791403300
2015-04-17,5917.60009765625,5917.60009765625,5843.89990234375,5851.5,716869200
2015-04-20,5851.5,5851.5,5783.7001953125,5806.7998046875,642213000
2015-04-21,5806.7998046875,5858.60009765625,5806.7998046875,5844.0,697735600
2015-04-22,5844.0,5846.2998046875,5794.89990234375,5812.7998046875,717424000
2015-04-23,5812.7998046875,5824.10009765625,5802.2001953125,5820.2998046875,787425000
2015-04-24,5820.2998046875,5907.7001953125,5820.2998046875,5906.7998046875,956106400
2015-04-27,5906.7998046875,5956.89990234375,5906.7998046875,5954.7998046875,751486300
2015-04-28,5954.7998046875,5956.60009765625,5921.5,5921.5,776186400
2015-04-29,5921.5,5921.5,5818.2001953125,5818.2001953125,847328200
2015-04-30,5818.2001953125,5818.2001953125,5734.7001953125,5773.7001953125,896039600
2015-05-01,5773.7001953125,5808.10009765625,5753.39990234375,5798.7998046875,719491800
2015-05-04,5798.7998046875,5832.2998046875,5782.10009765625,5815.89990234375,678865900
2015-05-05,5815.89990234375,5886.2001953125,5793.39990234375,5816.2001953125,839995500
2015-05-06,5816.2001953125,5816.2001953125,5690.89990234375,5690.89990234375,871804700
2015-05-07,5690.89990234375,5690.89990234375,5609.7998046875,5644.7998046875,857251500
2015-05-08,5644.7998046875,5685.89990234375,5635.39990234375,5635.39990234375,639757700
2015-05-11,5635.39990234375,5697.5,5626.0,5627.60009765625,747399700
2015-05-12,5629.7001953125,5681.89990234375,5619.0,5673.10009765625,1036928100
2015-05-13,5673.10009765625,5712.7998046875,5668.2998046875,5710.7998046875,837790300
2015-05-14,5715.10009765625,5715.10009765625,5663.5,5696.60009765625,0
2015-05-15,5692.5,5741.39990234375,5692.5,5730.0,731778500
2015-05-18,5730.0,5731.2001953125,5660.0,5660.0,610399700
2015-05-19,5659.7998046875,5673.10009765625,5615.5,5619.39990234375,756978700
2015-05-20,5619.39990234375,5627.7001953125,5580.39990234375,5614.0,745436800
2015-05-21,5614.0,5667.2998046875,5614.0,5663.60009765625,908917000
2015-05-22,5663.60009765625,5693.10009765625,5658.60009765625,5668.2001953125,613212100
2015-05-25,5668.2001953125,5731.89990234375,5668.2001953125,5719.89990234375,555328300
2015-05-26,5719.89990234375,5771.5,5719.89990234375,5770.39990234375,617059800
2015-05-27,5770.39990234375,5770.39990234375,5715.10009765625,5724.2001953125,792431500
2015-05-28,5724.2001953125,5744.60009765625,5694.7001953125,5714.60009765625,675797200
2015-05-29,5714.60009765625,5798.7998046875,5714.60009765625,5774.89990234375,1590725600
2015-06-01,5774.89990234375,5774.89990234375,5685.60009765625,5734.0,604756700
2015-06-02,5734.0,5752.2998046875,5639.89990234375,5639.89990234375,723850200
2015-06-03,5639.89990234375,5643.7998046875,5581.0,5588.2998046875,756800800
2015-06-04,5588.2998046875,5606.60009765625,5511.2998046875,5511.2998046875,813761800
2015-06-05,5511.2998046875,5535.39990234375,5479.7001953125,5506.5,669089500
2015-06-09,5506.5,5529.7001953125,5476.5,5479.7001953125,740020700
2015-06-10,5479.7001953125,5492.60009765625,5463.0,5486.0,709764300
2015-06-11,5486.0,5562.60009765625,5486.0,5562.60009765625,721529000
2015-06-12,5562.60009765625,5562.60009765625,5536.39990234375,5552.10009765625,636019200
2015-06-15,5552.10009765625,5552.10009765625,5501.7001953125,5541.5,675127400
2015-06-16,5541.5,5573.5,5530.7001953125,5535.2001953125,747589400
2015-06-17,5535.2001953125,5602.2001953125,5535.2001953125,5590.2998046875,801959000
2015-06-18,5590.2998046875,5590.2998046875,5501.89990234375,5522.7001953125,1102201200
2015-06-19,5522.7001953125,5606.10009765625,5522.7001953125,5591.5,1419479800
2015-06-22,5591.5,5606.5,5564.39990234375,5603.10009765625,721602700
2015-06-23,5603.10009765625,5679.60009765625,5603.10009765625,5671.39990234375,822018400
2015-06-24,5671.39990234375,5690.2001953125,5666.60009765625,5672.7001953125,752180600
2015-06-25,5672.7001953125,5672.7001953125,5619.89990234375,5619.89990234375,868898800
2015-06-26,5619.89990234375,5619.89990234375,5515.2001953125,5536.10009765625,943659500
2015-06-29,5536.10009765625,5536.10009765625,5408.60009765625,5413.10009765625,0
2015-06-30,5416.60009765625,5457.7001953125,5383.39990234375,5451.2001953125,1005583400
2015-07-01,5448.10009765625,5506.0,5445.60009765625,5506.0,752445600
2015-07-02,5506.10009765625,5596.60009765625,5503.7998046875,5587.89990234375,816716500
2015-07-03,5587.89990234375,5588.0,5483.10009765625,5528.0,682555600
2015-07-06,5528.0,5528.0,5428.7998046875,5463.2998046875,541911900
2015-07-07,5463.2998046875,5558.7001953125,5463.2998046875,5555.5,0
2015-07-08,5564.0,5564.0,5456.5,5456.5,799011500
2015-07-09,5456.5,5475.0,5372.39990234375,5472.7998046875,0
2015-07-10,5458.7998046875,5512.39990234375,5458.7998046875,5478.10009765625,602541800
2015-07-13,5478.10009765625,5525.89990234375,5439.89990234375,5460.39990234375,520325700
2015-07-14,5460.39990234375,5570.7998046875,5460.39990234375,5561.89990234375,650623300
2015-07-15,5561.89990234375,5619.89990234375,5561.60009765625,5609.7001953125,0
2015-07-16,5619.0,5672.10009765625,5619.0,5649.7998046875,698347800
2015-07-17,5649.7998046875,5668.7001953125,5630.5,5652.5,667907800
2015-07-20,5652.5,5670.2998046875,5636.2998046875,5669.0,551459100
2015-07-21,5669.0,5699.2998046875,5669.0,5688.5,643601100
2015-07-22,5688.5,5688.5,5602.7001953125,5603.5,751086400
2015-07-23,5603.5,5607.0,5577.2001953125,5581.2998046875,646842900
2015-07-24,5581.2998046875,5595.5,5539.0,5556.7998046875,603017600
2015-07-27,5556.60009765625,5579.2001953125,5529.10009765625,5579.2001953125,762964500
2015-07-28,5579.10009765625,5592.2998046875,5519.7998046875,5571.0,839073200
2015-07-29,5571.0,5634.5,5571.0,5609.60009765625,794077900
2015-07-30,5609.60009765625,5659.39990234375,5609.60009765625,5653.10009765625,684565800
2015-07-31,5653.10009765625,5682.7001953125,5653.10009765625,5681.7001953125,825633300
2015-08-03,5681.7001953125,5686.60009765625,5656.0,5664.2998046875,539957200
2015-08-04,5664.2998046875,5710.7998046875,5645.7001953125,5681.89990234375,804592400
2015-08-05,5681.89990234375,5684.2001953125,5628.0,5659.5,759159300
2015-08-06,5659.5,5659.5,5580.10009765625,5600.10009765625,630708800
2015-08-07,5600.10009765625,5600.10009765625,5472.2998046875,5472.2998046875,667450700
2015-08-10,5472.2998046875,5508.10009765625,5456.7998046875,5504.89990234375,552922300
2015-08-11,5516.39990234375,5537.5,5461.7998046875,5473.10009765625,690615400
2015-08-12,5473.10009765625,5479.0,5367.7998046875,5383.5,875736200
2015-08-13,5383.5,5425.0,5383.5,5389.0,761700600
2015-08-14,5389.0,5402.7001953125,5355.0,5360.0,710990900
2015-08-17,5360.0,5398.10009765625,5360.0,5368.60009765625,585242700
2015-08-18,5368.60009765625,5388.89990234375,5309.39990234375,5309.39990234375,817300100
2015-08-19,5309.39990234375,5382.5,5309.39990234375,5379.7998046875,777872400
2015-08-20,5379.7998046875,5379.7998046875,5283.39990234375,5295.5,832834300
2015-08-21,5295.5,5295.5,5183.39990234375,5224.7998046875,1186261000
2015-08-24,5218.60009765625,5218.60009765625,5014.2001953125,5014.2001953125,1265354000
2015-08-25,5014.2001953125,5155.2998046875,4936.2998046875,5143.7998046875,1424622500
2015-08-26,5143.7998046875,5185.10009765625,5062.0,5178.89990234375,1334005300
2015-08-27,5178.89990234375,5284.60009765625,5178.89990234375,5242.60009765625,911242500
2015-08-28,5242.60009765625,5314.5,5241.5,5274.7001953125,1039057000
2015-08-31,5274.7001953125,5274.7001953125,5176.60009765625,5222.10009765625,1073627100
2015-09-01,5222.10009765625,5228.39990234375,5111.7998046875,5117.10009765625,906807800
2015-09-02,5117.10009765625,5120.60009765625,5037.0,5119.39990234375,974008800
2015-09-03,5119.39990234375,5190.7001953125,5048.60009765625,5048.7001953125,861454500
2015-09-04,5056.2998046875,5088.10009765625,5017.2998046875,5060.7998046875,882621200
2015-09-07,5060.7998046875,5065.5,4996.60009765625,5051.0,663040800
2015-09-08,5051.0,5133.5,5051.0,5133.5,718923500
2015-09-09,5133.5,5236.89990234375,5133.5,5236.89990234375,987307900
2015-09-10,5236.89990234375,5236.89990234375,5109.2998046875,5117.0,1210228600
2015-09-11,5117.0,5137.5,5079.10009765625,5096.2998046875,731414700
2015-09-14,5096.2998046875,5154.0,5093.39990234375,5120.5,797599900
2015-09-15,5120.5,5126.89990234375,5045.60009765625,5046.60009765625,811791300
2015-09-16,5046.60009765625,5123.60009765625,5046.60009765625,5123.60009765625,892453000
2015-09-17,5123.60009765625,5215.2001953125,5123.60009765625,5171.2001953125,922436300
2015-09-18,5171.2001953125,5218.2998046875,5121.2001953125,5194.2998046875,1338761100
2015-09-21,5194.2998046875,5194.2998046875,5059.2001953125,5096.39990234375,678284900
2015-09-22,5096.39990234375,5153.2998046875,5096.39990234375,5130.7998046875,638604500
2015-09-23,5130.7998046875,5130.7998046875,5022.89990234375,5032.5,820755700
2015-09-24,5032.5,5102.2998046875,5032.5,5102.2998046875,799537400
2015-09-25,5102.2998046875,5145.0,5069.7001953125,5076.7001953125,821389700
2015-09-28,5076.7001953125,5145.10009765625,5065.89990234375,5145.10009765625,642939100
2015-09-29,5132.0,5132.0,4958.10009765625,4958.10009765625,1165534200
2015-09-30,4958.10009765625,5058.60009765625,4958.10009765625,5058.60009765625,985790800
2015-10-01,5058.60009765625,5147.89990234375,5058.60009765625,5144.10009765625,698738000
2015-10-02,5144.10009765625,5150.7001953125,5080.2998046875,5089.2001953125,586522200
2015-10-05,5089.2001953125,5186.7001953125,5089.2001953125,5184.10009765625,394373000
2015-10-06,5184.60009765625,5249.5,5184.60009765625,5199.0,714860500
2015-10-07,5199.0,5228.39990234375,5171.10009765625,5228.39990234375,760392200
2015-10-08,5228.39990234375,5284.7001953125,5228.39990234375,5241.39990234375,784778100
2015-10-09,5241.39990234375,5311.5,5241.39990234375,5309.2001953125,799437500
2015-10-12,5309.2001953125,5309.2001953125,5260.2998046875,5267.39990234375,755522700
2015-10-13,5267.39990234375,5267.39990234375,5207.2001953125,5234.60009765625,763430100
2015-10-14,5234.60009765625,5234.60009765625,5198.7998046875,5230.39990234375,862383200
2015-10-15,5230.39990234375,5273.2001953125,5230.39990234375,5265.60009765625,841546900
2015-10-16,5265.60009765625,5329.2001953125,5265.60009765625,5303.7001953125,788976800
2015-10-19,5303.7001953125,5328.2001953125,5290.2998046875,5304.60009765625,645032100
2015-10-20,5304.60009765625,5304.60009765625,5265.10009765625,5271.60009765625,651631500
2015-10-21,5271.60009765625,5296.7998046875,5236.10009765625,5286.5,685001000
2015-10-22,5286.5,5300.2998046875,5256.39990234375,5299.60009765625,758697200
2015-10-23,5299.60009765625,5407.7001953125,5299.60009765625,5388.10009765625,888104500
2015-10-26,5388.10009765625,5420.60009765625,5385.0,5386.2998046875,648611600
2015-10-27,5386.2998046875,5393.5,5378.39990234375,5384.60009765625,695537500
2015-10-28,5384.60009765625,5392.89990234375,5358.7998046875,5374.39990234375,768361900
2015-10-29,5374.39990234375,5392.2001953125,5301.7001953125,5310.2001953125,823793900
2015-10-30,5310.2001953125,5310.7998046875,5253.0,5288.60009765625,941820900
2015-11-02,5288.60009765625,5299.2001953125,5218.2001953125,5221.2998046875,630761600
2015-11-03,5221.2998046875,5298.0,5221.2998046875,5291.2001953125,543224200
2015-11-04,5291.2001953125,5361.39990234375,5288.2001953125,5294.7998046875,791986500
2015-11-05,5294.7998046875,5299.39990234375,5223.2001953125,5247.89990234375,727047700
2015-11-06,5239.7998046875,5271.0,5210.0,5269.7001953125,701178800
2015-11-09,5269.7001953125,5269.7001953125,5164.7001953125,5180.2998046875,785999300
2015-11-10,5180.2998046875,5180.2998046875,5109.2001953125,5157.7001953125,1074787800
2015-11-11,5157.7001953125,5188.5,5153.2001953125,5181.10009765625,796692900
2015-11-12,5181.10009765625,5204.2001953125,5143.10009765625,5182.2001953125,775535400
2015-11-13,5182.2001953125,5182.2001953125,5071.7998046875,5111.7998046875,876937200
2015-11-16,5111.7998046875,5111.7998046875,5041.60009765625,5064.5,657576600
2015-11-17,5064.5,5174.2998046875,5064.5,5174.2998046875,808229400
2015-11-18,5174.2998046875,5200.2001953125,5141.2998046875,5189.10009765625,767940900
2015-11-19,5293.2998046875,5293.2998046875,5293.2998046875,5293.2998046875,0
2015-11-20,5293.2998046875,5321.10009765625,5282.7998046875,5305.5,706773200
2015-11-23,5305.5,5334.5,5295.89990234375,5326.5,736828600
2015-11-24,5326.5,5326.5,5277.0,5277.0,1172629900
2015-11-25,5277.0,5282.60009765625,5244.39990234375,5245.2001953125,765684100
2015-11-26,5245.2001953125,5302.2001953125,5238.0,5259.7001953125,771576300
2015-11-27,5259.7001953125,5305.7998046875,5244.7998046875,5251.39990234375,805668700
2015-11-30,5251.39990234375,5261.60009765625,5217.10009765625,5218.2001953125,1587991600
2015-12-01,5218.2001953125,5325.5,5218.2001953125,5312.60009765625,1010956900
2015-12-02,5312.60009765625,5315.60009765625,5285.5,5304.7001953125,825318800
2015-12-03,5304.7001953125,5304.7001953125,5249.2001953125,5276.7001953125,803590800
2015-12-04,5276.7001953125,5276.7001953125,5168.89990234375,5201.5,776537700
2015-12-07,5201.5,5279.10009765625,5201.5,5205.89990234375,852170100
2015-12-08,5205.89990234375,5205.89990234375,5148.0,5158.0,972729800
2015-12-09,5158.0,5166.7001953125,5120.7001953125,5129.89990234375,840490800
2015-12-10,5129.89990234375,5132.7001953125,5048.39990234375,5087.5,830927900
2015-12-11,5087.5,5116.89990234375,5067.7001953125,5078.60009765625,725856400
2015-12-14,5078.60009765625,5078.60009765625,4981.7001953125,4981.89990234375,817338600
2015-12-15,4981.89990234375,5023.10009765625,4963.89990234375,4963.89990234375,855452100
2015-12-16,4963.89990234375,5078.7001953125,4963.89990234375,5078.7001953125,1089699900
2015-12-17,5078.7001953125,5176.10009765625,5078.7001953125,5150.60009765625,1159027800
2015-12-18,5150.60009765625,5162.2998046875,5079.7998046875,5156.5,1346183800
2015-12-21,5156.5,5175.60009765625,5126.10009765625,5157.7998046875,617481100
2015-12-22,5157.7998046875,5207.7998046875,5154.2998046875,5167.7001953125,635894100
2015-12-23,5167.7001953125,5218.7001953125,5167.7001953125,5193.5,546492000
2015-12-24,5193.5,5259.2998046875,5193.5,5256.10009765625,314534300
2015-12-29,5256.10009765625,5315.60009765625,5239.0,5315.60009765625,469439700
2015-12-30,5315.60009765625,5370.2001953125,5315.60009765625,5366.39990234375,473931700
2015-12-31,5366.39990234375,5372.0,5344.60009765625,5344.60009765625,324402400
2016-01-04,5344.60009765625,5379.60009765625,5316.5,5322.7998046875,486474200
2016-01-05,5322.7998046875,5322.7998046875,5239.2001953125,5239.2001953125,624074200
2016-01-06,5239.2001953125,5245.10009765625,5151.2998046875,5178.0,658714200
2016-01-07,5178.0,5179.10009765625,5055.39990234375,5068.7998046875,799631900
2016-01-08,5068.7998046875,5087.7998046875,5000.39990234375,5049.39990234375,757615100
2016-01-11,5049.39990234375,5049.39990234375,4941.2998046875,4990.7001953125,707504600
2016-01-12,4990.7001953125,5039.89990234375,4967.7998046875,4982.2001953125,741542900
2016-01-13,4982.2001953125,5046.10009765625,4982.2001953125,5041.60009765625,730647500
2016-01-14,5041.60009765625,5041.60009765625,4922.0,4964.10009765625,722795800
2016-01-15,4982.89990234375,5048.89990234375,4927.10009765625,4948.5,665382600
2016-01-18,4925.7998046875,4948.5,4857.89990234375,4911.7998046875,669510400
2016-01-19,4910.5,4955.10009765625,4894.2001953125,4955.10009765625,735747300
2016-01-20,4955.10009765625,4982.2998046875,4893.2998046875,4896.89990234375,848847800
2016-01-21,4896.89990234375,4979.2001953125,4896.89990234375,4917.60009765625,888921400
2016-01-22,4935.5,4984.0,4917.60009765625,4969.60009765625,759935300
2016-01-25,4969.60009765625,5057.10009765625,4969.60009765625,5057.10009765625,651722900
2016-01-27,5057.10009765625,5059.7998046875,4992.7998046875,5000.7998046875,836447600
2016-01-28,5000.7998046875,5040.0,4964.10009765625,5028.10009765625,807692800
2016-01-29,5028.10009765625,5059.5,5002.7001953125,5056.60009765625,1005261400
2016-02-01,5056.60009765625,5122.10009765625,5056.60009765625,5094.2998046875,770865400
2016-02-02,5094.2998046875,5096.2001953125,5033.5,5044.0,753951100
2016-02-03,5044.0,5044.0,4927.7998046875,4930.7998046875,775678600
2016-02-04,4930.7998046875,5037.89990234375,4930.7998046875,5029.2998046875,865810700
2016-02-05,5029.2998046875,5031.7001953125,4982.10009765625,5025.60009765625,866075900
2016-02-08,5025.60009765625,5026.5,4975.7998046875,5022.10009765625,0
2016-02-09,5022.10009765625,5022.10009765625,4878.0,4882.60009765625,987120800
2016-02-10,4882.60009765625,4901.2998046875,4762.10009765625,4826.5,1000056300
2016-02-11,4826.5,4870.89990234375,4823.10009765625,4870.89990234375,764014300
2016-02-12,4870.89990234375,4870.89990234375,4813.2001953125,4816.60009765625,878664600
2016-02-15,4816.60009765625,4901.39990234375,4816.60009765625,4893.39990234375,771807900
2016-02-16,4893.39990234375,4961.60009765625,4869.7001953125,4961.60009765625,1003829600
2016-02-17,4961.60009765625,4979.7001953125,4926.2998046875,4938.39990234375,930129700
2016-02-18,4938.60009765625,5047.10009765625,4938.60009765625,5047.10009765625,1303510300
2016-02-19,5047.10009765625,5047.10009765625,4993.5,5008.2998046875,1160026100
2016-02-22,5008.2998046875,5062.39990234375,5005.2998046875,5056.60009765625,1318662200
2016-02-23,5056.60009765625,5090.10009765625,5029.7001953125,5039.10009765625,1208423200
2016-02-24,5039.10009765625,5039.10009765625,4930.7001953125,4943.2998046875,1093787900
2016-02-25,4943.2998046875,4969.2001953125,4914.0,4944.7001953125,1063823900
2016-02-26,4944.7001953125,4961.2998046875,4905.5,4945.10009765625,918075800
2016-02-29,4945.10009765625,4989.0,4945.10009765625,4947.89990234375,1008573900
2016-03-01,4947.89990234375,4997.10009765625,4936.60009765625,4989.60009765625,1069990900
2016-03-02,4989.60009765625,5107.2001953125,4989.60009765625,5083.5,1062909000
2016-03-03,5083.5,5142.2001953125,5083.5,5142.2001953125,1139769400
2016-03-04,5142.2001953125,5164.60009765625,5140.7998046875,5151.10009765625,1020952700
2016-03-07,5151.10009765625,5211.2998046875,5151.10009765625,5204.7001953125,1173413300
2016-03-08,5204.7001953125,5245.0,5165.7998046875,5169.5,1580905800
2016-03-09,5169.5,5215.7001953125,5143.60009765625,5215.7001953125,1066232700
2016-03-10,5215.7001953125,5235.7001953125,5210.7001953125,5210.89990234375,893541100
2016-03-11,5210.89990234375,5239.2998046875,5180.89990234375,5224.7998046875,797959000
2016-03-14,5224.7998046875,5269.5,5224.7998046875,5242.39990234375,774539300
2016-03-15,5242.39990234375,5242.39990234375,5163.89990234375,5168.60009765625,780670000
2016-03-16,5168.60009765625,5179.89990234375,5147.39990234375,5175.7001953125,824227400
2016-03-17,5175.7001953125,5249.5,5175.7001953125,5226.39990234375,1112346600
2016-03-18,5226.39990234375,5272.10009765625,5226.39990234375,5239.2998046875,1748117100
2016-03-21,5239.2998046875,5253.39990234375,5208.2001953125,5224.89990234375,654391300
2016-03-22,5220.7001953125,5242.39990234375,5215.2998046875,5230.7998046875,744784600
2016-03-23,5230.7998046875,5230.7998046875,5190.2001953125,5204.2998046875,723094600
2016-03-24,5197.89990234375,5197.89990234375,5137.2998046875,5151.60009765625,857651800
2016-03-29,5151.60009765625,5163.7001953125,5070.39990234375,5076.2001953125,643637800
2016-03-30,5076.2001953125,5127.89990234375,5062.2001953125,5081.5,718967000
2016-03-31,5081.60009765625,5166.10009765625,5081.60009765625,5151.7998046875,725606800
2016-04-01,5151.7998046875,5151.7998046875,5051.2001953125,5073.7998046875,692761000
2016-04-04,5073.7998046875,5118.2998046875,5070.10009765625,5070.10009765625,537357700
2016-04-05,5070.10009765625,5070.10009765625,4986.7001953125,5000.39990234375,710341200
2016-04-06,5000.39990234375,5035.39990234375,4985.2001953125,5024.60009765625,705254500
2016-04-07,5024.60009765625,5062.0,5024.0,5042.2998046875,673700700
2016-04-08,5039.5,5039.5,4975.7001953125,5018.0,633756700
2016-04-11,5018.0,5024.7001953125,4993.7998046875,5013.2001953125,665357800
2016-04-12,5013.2001953125,5055.7001953125,5009.60009765625,5053.7001953125,650860600
2016-04-13,5053.7001953125,5127.2001953125,5053.7001953125,5127.2001953125,796226600
2016-04-14,5127.2001953125,5187.7001953125,5127.2001953125,5187.7001953125,794233200
2016-04-15,5187.60009765625,5224.10009765625,5182.2998046875,5224.10009765625,728458000
2016-04-18,5224.10009765625,5225.0,5188.0,5204.89990234375,768846300
2016-04-19,5204.89990234375,5281.89990234375,5204.89990234375,5254.7001953125,827782900
2016-04-20,5254.7001953125,5297.2998046875,5254.7001953125,5281.2001953125,870243800
2016-04-21,5281.2001953125,5342.39990234375,5281.2001953125,5336.39990234375,948068000
2016-04-22,5336.39990234375,5336.39990234375,5292.2001953125,5299.2001953125,724558800
2016-04-26,5299.2001953125,5309.5,5275.39990234375,5283.60009765625,849953600
2016-04-27,5283.60009765625,5342.89990234375,5246.0,5250.89990234375,887281500
2016-04-28,5250.89990234375,5301.7998046875,5250.89990234375,5289.39990234375,844011200
2016-04-29,5289.39990234375,5320.10009765625,5276.2998046875,5316.0,904061300
2016-05-02,5316.0,5316.0,5253.2001953125,5312.0,842392800
2016-05-03,5312.0,5418.2998046875,5289.10009765625,5415.0,947384100
2016-05-04,5415.0,5415.0,5335.60009765625,5335.60009765625,914564600
2016-05-05,5335.60009765625,5356.7001953125,5316.60009765625,5344.5,827890200
2016-05-06,5344.5,5358.60009765625,5270.2001953125,5358.60009765625,884452200
2016-05-09,5358.60009765625,5387.7998046875,5334.7998046875,5387.7998046875,712347500
2016-05-10,5387.7998046875,5404.10009765625,5354.2001953125,5403.89990234375,929238000
2016-05-11,5403.89990234375,5483.7001953125,5403.89990234375,5434.7998046875,881252700
2016-05-12,5434.7998046875,5435.7001953125,5403.2998046875,5423.39990234375,803292600
2016-05-13,5423.39990234375,5436.7998046875,5377.89990234375,5396.2998046875,781387300
2016-05-16,5396.2998046875,5434.2001953125,5387.7998046875,5420.2998046875,658255500
2016-05-17,5420.2998046875,5458.5,5420.2998046875,5458.5,828382700
2016-05-18,5458.5,5458.5,5411.7001953125,5420.5,877931900
2016-05-19,5420.5,5433.10009765625,5367.5,5385.60009765625,890588900
2016-05-20,5385.60009765625,5428.39990234375,5383.0,5415.2001953125,712958000
2016-05-23,5415.2001953125,5428.5,5364.10009765625,5384.89990234375,678417300
2016-05-24,5384.89990234375,5388.89990234375,5361.89990234375,5361.89990234375,675865100
2016-05-25,5361.89990234375,5457.2998046875,5361.89990234375,5436.7998046875,806996800
2016-05-26,5436.7998046875,5466.2001953125,5420.10009765625,5451.89990234375,776657300
2016-05-27,5451.89990234375,5489.7998046875,5451.89990234375,5469.7001953125,762260000
2016-05-30,5469.7001953125,5479.2001953125,5456.7001953125,5473.60009765625,611764500
2016-05-31,5473.60009765625,5473.60009765625,5433.39990234375,5447.7998046875,1173910200
2016-06-01,5447.7998046875,5447.7998046875,5379.7998046875,5395.2001953125,749018500
2016-06-02,5395.2001953125,5400.89990234375,5346.7998046875,5354.2001953125,719466300
2016-06-03,5354.2001953125,5397.5,5354.2001953125,5392.5,664365100
2016-06-06,5392.5,5445.2001953125,5391.60009765625,5431.0,715776300
2016-06-07,5430.7998046875,5461.0,5430.60009765625,5441.0,836802600
2016-06-08,5441.0,5446.2998046875,5409.2998046875,5441.10009765625,738298800
2016-06-09,5441.10009765625,5459.60009765625,5412.60009765625,5437.39990234375,778780800
2016-06-10,5437.39990234375,5437.39990234375,5374.39990234375,5391.60009765625,624932600
2016-06-14,5391.60009765625,5391.60009765625,5277.7998046875,5282.5,899192400
2016-06-15,5282.5,5282.5,5230.39990234375,5230.39990234375,843161400
2016-06-16,5230.39990234375,5282.7001953125,5226.89990234375,5231.7001953125,1029379300
2016-06-17,5231.7001953125,5261.7001953125,5231.7001953125,5248.2998046875,1307971600
2016-06-20,5248.2998046875,5335.60009765625,5248.2998046875,5335.60009765625,726872000
2016-06-21,5335.60009765625,5366.89990234375,5330.39990234375,5353.2998046875,772086100
2016-06-22,5353.2998046875,5374.7998046875,5339.39990234375,5349.5,680091600
2016-06-23,5349.60009765625,5369.60009765625,5347.5,5358.60009765625,673266600
2016-06-24,5358.60009765625,5402.2001953125,5163.7001953125,5192.7998046875,1368870800
2016-06-27,5192.7998046875,5233.7001953125,5132.7998046875,5216.2001953125,879729500
2016-06-28,5216.2001953125,5216.2001953125,5131.89990234375,5179.7001953125,975461900
2016-06-29,5179.7001953125,5232.89990234375,5179.7001953125,5221.0,981446500
2016-06-30,5221.0,5324.39990234375,5221.0,5310.39990234375,956191200
2016-07-01,5310.39990234375,5356.5,5310.39990234375,5327.0,809092000
2016-07-04,5327.10009765625,5365.2001953125,5303.10009765625,5365.2001953125,684032100
2016-07-05,5365.2001953125,5365.89990234375,5306.89990234375,5312.7998046875,688938600
2016-07-06,5312.7998046875,5312.7998046875,5237.7998046875,5284.7001953125,821640600
2016-07-07,5284.7001953125,5329.2998046875,5284.7001953125,5311.0,695534000
2016-07-08,5311.0,5322.2001953125,5301.60009765625,5315.60009765625,556502300
2016-07-11,5315.60009765625,5417.5,5315.60009765625,5417.5,669305700
2016-07-12,5417.5,5469.7998046875,5417.5,5433.2001953125,745823900
2016-07-13,5433.2001953125,5473.60009765625,5433.2001953125,5470.2998046875,751867100
2016-07-14,5470.2998046875,5496.7998046875,5468.2001953125,5491.7998046875,662148500
2016-07-15,5491.7998046875,5531.2001953125,5491.7998046875,5510.10009765625,743550100
2016-07-18,5510.10009765625,5542.2998046875,5509.7998046875,5538.89990234375,615112400
2016-07-19,5538.89990234375,5548.2001953125,5516.7998046875,5533.89990234375,765978900
2016-07-20,5533.89990234375,5565.89990234375,5519.39990234375,5565.89990234375,728359700
2016-07-21,5565.89990234375,5606.60009765625,5565.89990234375,5588.7001953125,907628600
2016-07-22,5589.0,5589.10009765625,5555.10009765625,5574.2998046875,658949200
2016-07-25,5574.2998046875,5623.10009765625,5574.2998046875,5607.5,622182300
2016-07-26,5604.5,5612.60009765625,5574.2998046875,5612.60009765625,730289000
2016-07-27,5612.60009765625,5639.7998046875,5606.2998046875,5615.0,660203900
2016-07-28,5615.0,5643.0,5614.7001953125,5636.7001953125,739123300
2016-07-29,5636.7001953125,5650.7998046875,5618.89990234375,5644.0,949094900
2016-08-01,5644.0,5691.7998046875,5644.0,5670.10009765625,615237800
2016-08-02,5670.10009765625,5673.2998046875,5621.2001953125,5622.10009765625,797619000
2016-08-03,5621.0,5621.0,5551.39990234375,5551.39990234375,800917900
2016-08-04,5551.39990234375,5593.89990234375,5551.39990234375,5563.39990234375,708102200
2016-08-05,5563.39990234375,5599.60009765625,5563.39990234375,5585.60009765625,624805800
2016-08-08,5585.60009765625,5635.0,5585.60009765625,5625.7001953125,623026500
2016-08-09,5625.7001953125,5638.7001953125,5622.39990234375,5636.7001953125,692857300
2016-08-10,5636.7001953125,5636.7001953125,5598.2001953125,5628.2001953125,730321300
2016-08-11,5628.2001953125,5628.2001953125,5575.7001953125,5599.39990234375,681049200
2016-08-12,5599.39990234375,5641.5,5599.39990234375,5626.2998046875,784363300
2016-08-15,5626.2998046875,5638.7001953125,5607.7001953125,5633.7998046875,617531500
2016-08-16,5633.7998046875,5642.2998046875,5624.2001953125,5625.7001953125,730617200
2016-08-17,5625.7001953125,5630.7998046875,5602.39990234375,5628.10009765625,777724100
2016-08-18,5628.10009765625,5639.60009765625,5596.2998046875,5607.2998046875,818886500
2016-08-19,5607.2998046875,5631.2001953125,5604.89990234375,5625.39990234375,745602000
2016-08-22,5625.39990234375,5634.60009765625,5606.2001953125,5612.2998046875,745905500
2016-08-23,5612.2998046875,5666.5,5612.2998046875,5647.10009765625,837467300
2016-08-24,5647.10009765625,5662.60009765625,5645.5,5653.60009765625,793636600
2016-08-25,5653.60009765625,5653.60009765625,5625.7001953125,5631.39990234375,866331500
2016-08-26,5631.39990234375,5633.5,5603.89990234375,5607.39990234375,782849200
2016-08-29,5607.39990234375,5608.5,5545.39990234375,5561.5,746042200
2016-08-30,5561.5,5596.0,5561.5,5573.5,827717500
2016-08-31,5573.5,5573.5,5510.2001953125,5529.39990234375,964801000
2016-09-01,5529.39990234375,5529.39990234375,5501.60009765625,5511.2001953125,780724200
2016-09-02,5511.2001953125,5516.10009765625,5460.89990234375,5470.60009765625,900674000
2016-09-05,5470.60009765625,5525.7998046875,5470.60009765625,5524.39990234375,711823800
2016-09-06,5524.39990234375,5525.2001953125,5501.39990234375,5510.39990234375,669325700
2016-09-07,5510.39990234375,5537.10009765625,5509.10009765625,5521.10009765625,945474000
2016-09-08,5521.10009765625,5521.10009765625,5457.60009765625,5484.60009765625,798503100
2016-09-09,5484.60009765625,5484.60009765625,5434.39990234375,5440.5,808189800
2016-09-12,5440.5,5440.5,5315.0,5319.10009765625,846196000
2016-09-13,5319.10009765625,5375.0,5309.7001953125,5310.0,855455400
2016-09-14,5310.0,5329.7998046875,5294.10009765625,5326.60009765625,951322400
2016-09-15,5326.60009765625,5339.2001953125,5303.39990234375,5337.10009765625,922323000
2016-09-16,5337.10009765625,5403.39990234375,5337.10009765625,5396.7001953125,1484629200
2016-09-19,5396.7001953125,5400.10009765625,5374.89990234375,5393.7001953125,187922800
2016-09-20,5393.7001953125,5406.7001953125,5372.89990234375,5397.2998046875,841809100
2016-09-21,5397.2998046875,5435.2001953125,5397.2998046875,5429.39990234375,794801100
2016-09-22,5429.39990234375,5482.7001953125,5429.39990234375,5466.2998046875,729218700
2016-09-23,5466.2998046875,5521.89990234375,5465.60009765625,5518.60009765625,921612100
2016-09-26,5518.60009765625,5523.39990234375,5496.39990234375,5519.10009765625,616514900
2016-09-27,5519.10009765625,5519.10009765625,5462.10009765625,5493.7001953125,770277500
2016-09-28,5493.7001953125,5521.0,5487.5,5500.2001953125,708347000
2016-09-29,5500.2001953125,5560.7001953125,5500.2001953125,5558.2001953125,773967700
2016-09-30,5558.2001953125,5558.2001953125,5506.7998046875,5525.2001953125,784103400
2016-10-03,5525.2001953125,5578.89990234375,5525.2001953125,5564.7998046875,402929600
2016-10-04,5564.7998046875,5569.89990234375,5535.2998046875,5569.89990234375,697402200
2016-10-05,5569.89990234375,5569.89990234375,5525.5,5537.0,803770200
2016-10-06,5537.0,5567.60009765625,5537.0,5564.7998046875,752302200
2016-10-07,5564.7998046875,5573.89990234375,5539.5,5548.5,772697100
2016-10-10,5548.5,5574.60009765625,5548.5,5555.5,703684400
2016-10-11,5555.5,5578.89990234375,5555.5,5562.2001953125,734872400
2016-10-12,5562.2001953125,5562.2001953125,5516.60009765625,5555.2001953125,752297100
2016-10-13,5555.2001953125,5555.2001953125,5505.39990234375,5518.2998046875,762614900
2016-10-14,5518.2998046875,5531.5,5514.7001953125,5518.5,605120300
2016-10-17,5518.5,5523.2998046875,5470.89990234375,5470.89990234375,722392400
2016-10-18,5470.89990234375,5498.7001953125,5468.7001953125,5492.0,724246800
2016-10-19,5492.0,5521.10009765625,5492.0,5518.39990234375,726803400
2016-10-20,5518.39990234375,5540.2001953125,5517.10009765625,5526.2001953125,756514900
2016-10-21,5526.2001953125,5530.39990234375,5496.39990234375,5513.89990234375,708369700
2016-10-24,5513.89990234375,5514.0,5461.7001953125,5489.10009765625,678081300
2016-10-25,5489.10009765625,5534.89990234375,5488.5,5523.2998046875,678037400
2016-10-26,5523.2998046875,5523.2998046875,5424.7998046875,5442.10009765625,876065800
2016-10-27,5442.10009765625,5455.2998046875,5378.39990234375,5378.39990234375,831355100
2016-10-28,5378.39990234375,5394.89990234375,5347.2998046875,5370.89990234375,803733900
2016-10-31,5370.89990234375,5412.7001953125,5364.39990234375,5402.39990234375,705189300
2016-11-01,5402.39990234375,5402.39990234375,5357.89990234375,5375.2001953125,566486900
2016-11-02,5375.2001953125,5375.2001953125,5291.2001953125,5311.0,842873200
2016-11-03,5311.0,5320.89990234375,5283.2998046875,5306.60009765625,793579000
2016-11-04,5306.60009765625,5306.60009765625,5260.89990234375,5263.10009765625,763762900
2016-11-07,5263.10009765625,5331.60009765625,5263.10009765625,5330.89990234375,672512000
2016-11-08,5330.89990234375,5364.60009765625,5330.0,5342.2001953125,784539000
2016-11-09,5342.2001953125,5394.2998046875,5138.89990234375,5238.2998046875,1261264300
2016-11-10,5238.2998046875,5408.89990234375,5238.2998046875,5408.89990234375,1077906400
2016-11-11,5408.89990234375,5446.60009765625,5408.89990234375,5446.60009765625,1069780700
2016-11-14,5446.60009765625,5446.60009765625,5391.7998046875,5420.2998046875,871352600
2016-11-15,5420.2998046875,5420.2998046875,5379.60009765625,5399.7998046875,872490200
2016-11-16,5399.7998046875,5419.2001953125,5392.2998046875,5399.60009765625,874564500
2016-11-17,5399.60009765625,5415.0,5358.60009765625,5408.89990234375,920151900
2016-11-18,5408.89990234375,5435.2998046875,5408.89990234375,5427.5,815696400
2016-11-21,5427.5,5430.7998046875,5404.2998046875,5419.2998046875,665138800
2016-11-22,5419.2998046875,5491.39990234375,5419.2998046875,5480.60009765625,784593900
2016-11-23,5480.60009765625,5553.89990234375,5480.60009765625,5549.89990234375,791041200
2016-11-24,5549.89990234375,5568.2998046875,5537.2001953125,5549.0,788950300
2016-11-25,5549.0,5583.5,5544.10009765625,5570.5,914872200
2016-11-28,5570.5,5570.5,5532.60009765625,5532.60009765625,617935600
2016-11-29,5532.60009765625,5549.39990234375,5520.5,5520.5,855079100
2016-11-30,5520.5,5520.5,5485.60009765625,5502.39990234375,1222486100
2016-12-01,5502.39990234375,5560.39990234375,5502.39990234375,5560.39990234375,1141787700
2016-12-02,5560.39990234375,5560.39990234375,5502.60009765625,5502.60009765625,889641100
2016-12-05,5502.60009765625,5502.60009765625,5443.5,5458.0,755073400
2016-12-06,5458.0,5507.5,5458.0,5486.60009765625,832166500
2016-12-07,5486.60009765625,5535.39990234375,5486.60009765625,5535.39990234375,870806200
2016-12-08,5535.39990234375,5605.5,5535.39990234375,5599.0,780947800
2016-12-09,5599.0,5620.60009765625,5595.60009765625,5615.7998046875,771998400
2016-12-12,5615.7998046875,5639.89990234375,5609.89990234375,5619.10009765625,832568600
2016-12-13,5619.10009765625,5629.60009765625,5599.60009765625,5600.7001953125,851314200
2016-12-14,5600.7001953125,5650.5,5600.7001953125,5639.7001953125,934095500
2016-12-15,5639.7001953125,5639.7001953125,5575.7001953125,5595.0,1018780000
2016-12-16,5595.0,5606.0,5568.89990234375,5589.7001953125,1519075700
2016-12-19,5589.7001953125,5628.7998046875,5587.2998046875,5612.7998046875,754196800
2016-12-20,5612.7998046875,5655.0,5608.39990234375,5640.0,807754200
2016-12-21,5640.0,5676.0,5640.0,5662.0,734675900
2016-12-22,5662.0,5691.89990234375,5652.7001953125,5691.7998046875,602862200
2016-12-23,5691.7998046875,5697.10009765625,5667.2998046875,5675.10009765625,491671300
2016-12-28,5675.10009765625,5739.2998046875,5675.10009765625,5732.39990234375,480062600
2016-12-29,5732.39990234375,5746.7001953125,5709.0,5746.7001953125,433186100
2016-12-30,5746.7001953125,5746.7001953125,5718.2998046875,5719.10009765625,360120400
2017-01-03,5720.7001953125,5788.10009765625,5720.7001953125,5784.60009765625,498198500
2017-01-04,5784.60009765625,5792.89990234375,5781.2001953125,5788.2001953125,615850600
2017-01-05,5788.2001953125,5811.7001953125,5788.2001953125,5805.10009765625,573008400
2017-01-06,5805.10009765625,5818.39990234375,5801.39990234375,5809.0,602420000
2017-01-09,5809.0,5876.7998046875,5808.2001953125,5857.7001953125,651872400
2017-01-10,5857.7001953125,5857.7001953125,5800.2998046875,5813.0,762272900
2017-01-11,5813.0,5843.2001953125,5813.0,5823.7001953125,715034700
2017-01-12,5823.7001953125,5852.89990234375,5813.89990234375,5821.60009765625,684223300
2017-01-13,5821.60009765625,5824.89990234375,5766.2001953125,5776.7998046875,693221200
2017-01-16,5776.7998046875,5817.7998046875,5776.7998046875,5803.0,584463100
2017-01-17,5803.0,5803.0,5751.2001953125,5754.7001953125,690046600
2017-01-18,5754.7001953125,5754.7001953125,5714.5,5733.7001953125,654187900
2017-01-19,5733.7001953125,5771.89990234375,5730.89990234375,5745.39990234375,694358900
2017-01-20,5745.39990234375,5745.39990234375,5702.2001953125,5709.7001953125,678151900
2017-01-23,5709.7001953125,5741.2998046875,5661.7998046875,5668.0,659898600
2017-01-24,5668.0,5709.39990234375,5668.0,5706.2998046875,826162200
2017-01-25,5706.2998046875,5744.5,5706.2998046875,5726.0,874397100
2017-01-27,5726.0,5765.60009765625,5723.2998046875,5765.60009765625,692842300
2017-01-30,5765.60009765625,5765.60009765625,5697.7001953125,5714.2998046875,613931700
2017-01-31,5714.2998046875,5714.2998046875,5661.2001953125,5675.0,793258500
2017-02-01,5675.0,5704.0,5665.89990234375,5704.0,805487900
2017-02-02,5704.0,5720.89990234375,5682.2998046875,5696.39990234375,876164900
2017-02-03,5696.39990234375,5713.7001953125,5668.89990234375,5672.5,763083800
2017-02-06,5672.5,5708.60009765625,5659.2001953125,5665.39990234375,678764500
2017-02-07,5665.39990234375,5672.60009765625,5635.10009765625,5672.60009765625,911053300
2017-02-08,5672.60009765625,5707.5,5671.10009765625,5703.39990234375,781381000
2017-02-09,5703.39990234375,5723.2001953125,5690.0,5717.7001953125,786687800
2017-02-10,5717.7001953125,5772.7001953125,5717.7001953125,5771.60009765625,786237200
2017-02-13,5771.60009765625,5815.7998046875,5771.60009765625,5812.89990234375,844377000
2017-02-14,5812.89990234375,5846.7998046875,5810.2001953125,5810.89990234375,806237200
2017-02-15,5810.89990234375,5867.2001953125,5810.89990234375,5859.10009765625,834557300
2017-02-16,5859.10009765625,5880.89990234375,5839.7998046875,5863.0,1045221900
2017-02-17,5863.0,5866.2998046875,5845.7001953125,5851.0,858927300
2017-02-20,5851.0,5857.10009765625,5826.39990234375,5840.5,756498100
2017-02-21,5840.5,5840.7001953125,5821.0,5835.39990234375,864834800
2017-02-22,5835.39990234375,5850.10009765625,5826.7001953125,5850.10009765625,928545700
2017-02-23,5850.10009765625,5850.10009765625,5812.89990234375,5832.5,928522300
2017-02-24,5832.5,5832.5,5778.7998046875,5786.89990234375,1055255300
2017-02-27,5786.89990234375,5792.2998046875,5760.2001953125,5773.7998046875,899405500
2017-02-28,5773.7998046875,5801.39990234375,5761.0,5761.0,1178963800
2017-03-01,5761.0,5761.0,5724.10009765625,5750.89990234375,1059928000
2017-03-02,5750.89990234375,5820.7001953125,5750.89990234375,5820.7001953125,1059840400
2017-03-03,5820.7001953125,5820.7001953125,5757.2001953125,5775.39990234375,771604000
2017-03-06,5775.39990234375,5789.0,5760.39990234375,5788.5,712683600
2017-03-07,5788.5,5814.5,5761.7998046875,5801.89990234375,871701900
2017-03-08,5801.89990234375,5801.89990234375,5780.39990234375,5799.5,927689900
2017-03-09,5799.5,5799.5,5768.89990234375,5780.5,729630600
2017-03-10,5780.5,5817.0,5780.5,5811.2001953125,773648100
2017-03-13,5811.2001953125,5811.2001953125,5782.7998046875,5794.60009765625,716132700
2017-03-14,5794.60009765625,5820.39990234375,5784.39990234375,5798.10009765625,793339700
2017-03-15,5798.10009765625,5813.89990234375,5769.5,5813.7001953125,778510900
2017-03-16,5813.7001953125,5840.60009765625,5808.2001953125,5827.5,1154927500
2017-03-17,5827.5,5855.10009765625,5820.60009765625,5840.7998046875,1311169700
2017-03-20,5840.7998046875,5840.7998046875,5807.2998046875,5820.5,654209700
2017-03-21,5820.5,5823.7001953125,5805.39990234375,5819.5,1037251900
2017-03-22,5819.5,5819.5,5728.7998046875,5732.0,901360600
2017-03-23,5732.0,5754.0,5732.0,5754.0,894225000
2017-03-24,5754.0,5810.2998046875,5752.7001953125,5796.10009765625,763369800
2017-03-27,5796.10009765625,5796.10009765625,5744.5,5789.2001953125,773473200
2017-03-28,5789.2001953125,5860.39990234375,5789.2001953125,5860.39990234375,900456600
2017-03-29,5860.39990234375,5912.89990234375,5860.39990234375,5910.7001953125,916467300
2017-03-30,5910.7001953125,5934.89990234375,5910.7001953125,5931.7998046875,843104700
2017-03-31,5931.7998046875,5937.2001953125,5903.7998046875,5903.7998046875,846958700
2017-04-03,5903.7998046875,5910.7998046875,5881.39990234375,5909.7001953125,671248700
2017-04-04,5909.7001953125,5910.89990234375,5888.7001953125,5895.7998046875,736386200
2017-04-05,5895.7998046875,5919.5,5887.0,5915.89990234375,795495600
2017-04-06,5915.89990234375,5915.89990234375,5875.7001953125,5897.2998046875,754029700
2017-04-07,5897.2998046875,5928.2998046875,5879.89990234375,5902.60009765625,940549200
2017-04-10,5902.60009765625,5948.89990234375,5902.60009765625,5948.89990234375,765735000
2017-04-11,5948.89990234375,5983.2001953125,5935.39990234375,5964.60009765625,788884600
2017-04-12,5964.60009765625,5978.89990234375,5950.39990234375,5968.89990234375,1133380700
2017-04-13,5968.89990234375,5968.89990234375,5917.2998046875,5925.89990234375,1024647300
2017-04-18,5925.89990234375,5925.89990234375,5855.0,5868.7001953125,0
2017-04-19,5868.7001953125,5868.7001953125,5826.7001953125,5839.89990234375,1091716400
2017-04-20,5839.89990234375,5859.2001953125,5837.2998046875,5854.39990234375,999598000
2017-04-21,5854.39990234375,5899.7998046875,5854.39990234375,5885.60009765625,865188400
2017-04-24,5885.60009765625,5922.7998046875,5885.10009765625,5900.7001953125,646724500
2017-04-26,5900.7001953125,5949.10009765625,5900.7001953125,5936.7998046875,991956300
2017-04-27,5936.7998046875,5947.2998046875,5931.10009765625,5944.39990234375,817750200
2017-04-28,5944.39990234375,5947.60009765625,5919.89990234375,5947.60009765625,891135800
2017-05-01,5947.60009765625,5976.39990234375,5940.2001953125,5976.39990234375,840011500
2017-05-02,5976.39990234375,5976.39990234375,5941.5,5971.39990234375,947667200
2017-05-03,5971.39990234375,5971.5,5910.0,5919.89990234375,991223800
2017-05-04,5919.89990234375,5920.2998046875,5885.39990234375,5904.5,907184800
2017-05-05,5904.5,5912.10009765625,5855.0,5863.7998046875,985224500
2017-05-08,5863.7998046875,5912.0,5863.7998046875,5897.7998046875,1030702500
2017-05-09,5897.7998046875,5897.7998046875,5862.7001953125,5874.5,871792300
2017-05-10,5874.5,5921.7001953125,5854.89990234375,5911.10009765625,907290800
2017-05-11,5911.10009765625,5953.60009765625,5907.2998046875,5912.0,840520000
2017-05-12,5912.0,5912.0,5852.5,5870.89990234375,775675100
2017-05-15,5870.89990234375,5878.2001953125,5841.60009765625,5868.39990234375,715764300
2017-05-16,5868.39990234375,5901.39990234375,5867.7998046875,5882.2001953125,813564800
2017-05-17,5882.2001953125,5882.2001953125,5819.39990234375,5821.2001953125,967165900
2017-05-18,5821.2001953125,5821.2001953125,5736.39990234375,5775.5,1054866500
2017-05-19,5775.5,5777.39990234375,5747.60009765625,5768.89990234375,696270400
2017-05-22,5768.89990234375,5817.5,5768.89990234375,5811.2001953125,812677500
2017-05-23,5811.2001953125,5835.2001953125,5796.7001953125,5802.7998046875,773780300
2017-05-24,5802.7998046875,5817.10009765625,5796.7998046875,5811.60009765625,858197700
2017-05-25,5811.5,5829.7001953125,5792.60009765625,5828.7998046875,822406400
2017-05-26,5828.7998046875,5828.7998046875,5778.7998046875,5792.10009765625,737873500
2017-05-29,5791.60009765625,5796.89990234375,5747.7001953125,5747.7001953125,635135200
2017-05-30,5747.60009765625,5763.89990234375,5720.5,5756.0,633908700
2017-05-31,5756.0,5775.5,5747.2998046875,5761.2998046875,1142099000
2017-06-01,5761.2998046875,5773.5,5746.89990234375,5772.5,819002800
2017-06-02,5772.5,5825.89990234375,5772.5,5821.10009765625,750239300
2017-06-05,5821.2001953125,5821.2001953125,5775.10009765625,5792.10009765625,760734400
2017-06-06,5792.10009765625,5792.10009765625,5708.10009765625,5708.10009765625,826985500
2017-06-07,5708.10009765625,5721.7998046875,5685.10009765625,5707.7998046875,884763200
2017-06-08,5707.7998046875,5716.60009765625,5670.7001953125,5714.7998046875,781440700
2017-06-09,5714.7998046875,5728.39990234375,5688.5,5715.5,753857600
2017-06-13,5715.5,5801.7998046875,5715.5,5801.7998046875,926763800
2017-06-14,5801.7998046875,5863.7998046875,5801.7998046875,5862.2001953125,1054592900
2017-06-15,5862.2001953125,5862.2001953125,5785.7998046875,5796.7001953125,1535082400
2017-06-16,5794.5,5825.89990234375,5794.5,5808.0,1522930100
2017-06-19,5808.0,5837.7001953125,5803.89990234375,5835.5,668501100
2017-06-20,5835.5,5840.2001953125,5792.2998046875,5792.2998046875,815825700
2017-06-21,5792.2998046875,5792.2998046875,5703.2001953125,5703.2001953125,856742000
2017-06-22,5703.2001953125,5758.5,5703.2001953125,5742.2998046875,765941500
2017-06-23,5742.2998046875,5759.89990234375,5732.0,5754.60009765625,732307600
2017-06-26,5754.60009765625,5786.2001953125,5750.39990234375,5758.39990234375,803725500
2017-06-27,5758.39990234375,5759.39990234375,5724.89990234375,5752.5,924262700
2017-06-28,5752.5,5797.39990234375,5743.39990234375,5796.10009765625,854671500
2017-06-29,5796.10009765625,5857.10009765625,5796.10009765625,5855.89990234375,1022339000
2017-06-30,5855.89990234375,5855.89990234375,5760.10009765625,5764.0,1102075700
2017-07-03,5764.0,5772.5,5726.5,5727.5,718015100
2017-07-04,5727.5,5828.0,5727.5,5819.60009765625,835941400
2017-07-05,5819.60009765625,5827.0,5793.39990234375,5801.0,676149800
2017-07-06,5801.0,5808.7998046875,5780.10009765625,5797.5,1062407900
2017-07-07,5797.5,5797.5,5717.2998046875,5743.89990234375,780273600
2017-07-10,5743.89990234375,5786.0,5743.89990234375,5762.89990234375,717788600
2017-07-11,5762.89990234375,5783.2998046875,5741.89990234375,5768.5,747661800
2017-07-12,5768.5,5769.7001953125,5710.10009765625,5717.7001953125,817581600
2017-07-13,5717.7001953125,5784.2001953125,5717.7001953125,5779.10009765625,743234400
2017-07-14,5779.10009765625,5820.7998046875,5779.10009765625,5808.7001953125,813854300
2017-07-17,5808.7001953125,5818.5,5782.5,5800.7998046875,645521200
2017-07-18,5800.7998046875,5807.7001953125,5729.89990234375,5738.2001953125,870303800
2017-07-19,5738.10009765625,5790.5,5738.10009765625,5779.39990234375,756262200
2017-07-20,5779.39990234375,5814.7001953125,5779.39990234375,5805.7001953125,878725700
2017-07-21,5805.7001953125,5805.7001953125,5757.39990234375,5771.2001953125,746194700
2017-07-24,5771.2001953125,5771.2001953125,5705.60009765625,5738.0,721561400
2017-07-25,5738.0,5790.7998046875,5738.0,5775.2998046875,734623000
2017-07-26,5775.2998046875,5833.89990234375,5775.2998046875,5823.2998046875,760795700
2017-07-27,5823.2998046875,5846.2001953125,5823.2998046875,5832.2001953125,718430200
2017-07-28,5832.2001953125,5832.2001953125,5746.2001953125,5755.2001953125,808598700
2017-07-31,5755.2001953125,5796.0,5755.2001953125,5773.89990234375,943617600
2017-08-01,5773.89990234375,5823.2998046875,5773.89990234375,5820.60009765625,1087953000
2017-08-02,5820.60009765625,5827.60009765625,5789.89990234375,5794.5,812538500
2017-08-03,5794.5,5794.7998046875,5758.7998046875,5786.7998046875,785788900
2017-08-04,5786.7998046875,5791.5,5764.2998046875,5773.2998046875,727007300
2017-08-07,5773.2998046875,5831.39990234375,5773.2998046875,5824.5,720446900
2017-08-08,5824.5,5842.0,5775.39990234375,5795.7001953125,791759700
2017-08-09,5795.7001953125,5826.7998046875,5794.89990234375,5816.39990234375,922983200
2017-08-10,5816.39990234375,5843.39990234375,5798.5,5810.60009765625,910037500
2017-08-11,5810.60009765625,5810.60009765625,5725.7998046875,5743.5,927590400
2017-08-14,5743.5,5783.2998046875,5743.5,5778.60009765625,635913100
2017-08-15,5778.60009765625,5821.7998046875,5778.60009765625,5804.0,756020100
2017-08-16,5804.0,5830.7998046875,5778.60009765625,5830.7998046875,772157000
2017-08-17,5830.7998046875,5852.7001953125,5815.10009765625,5827.2001953125,1096337700
2017-08-18,5827.2001953125,5827.2001953125,5762.7001953125,5798.5,932013800
2017-08-21,5798.5,5798.5,5754.5,5780.0,739322800
2017-08-22,5780.0,5805.2001953125,5780.0,5804.7998046875,938298800
2017-08-23,5804.7998046875,5834.2998046875,5779.7001953125,5792.7001953125,948138300
2017-08-24,5792.7001953125,5809.39990234375,5774.10009765625,5801.7001953125,898707300
2017-08-25,5801.7001953125,5809.7001953125,5780.0,5803.39990234375,953253700
2017-08-28,5803.39990234375,5806.10009765625,5761.89990234375,5771.2001953125,749252700
2017-08-29,5771.0,5771.0,5711.7001953125,5733.60009765625,959681600
2017-08-30,5733.60009765625,5753.2998046875,5720.7001953125,5733.7998046875,795386100
2017-08-31,5733.7998046875,5776.2998046875,5733.7998046875,5776.2998046875,1133802800
2017-09-01,5776.2998046875,5795.89990234375,5764.7001953125,5786.10009765625,839408300
2017-09-04,5786.10009765625,5786.10009765625,5753.2001953125,5763.7998046875,786808000
2017-09-05,5763.7998046875,5767.7998046875,5730.0,5767.7998046875,647305100
2017-09-06,5767.7998046875,5767.7998046875,5726.7001953125,5752.89990234375,874977900
2017-09-07,5752.89990234375,5780.0,5743.89990234375,5753.7998046875,820586600
2017-09-08,5753.7998046875,5758.89990234375,5729.2998046875,5739.39990234375,915513400
2017-09-11,5739.60009765625,5784.60009765625,5737.0,5779.0,0
2017-09-12,5775.10009765625,5823.39990234375,5775.10009765625,5806.39990234375,860749200
2017-09-13,5806.39990234375,5835.7001953125,5804.0,5804.0,778804200
2017-09-14,5804.0,5808.7998046875,5788.0,5798.39990234375,719327500
2017-09-15,5798.39990234375,5798.39990234375,5748.10009765625,5755.7998046875,1205589500
2017-09-18,5755.7998046875,5789.89990234375,5755.7998046875,5779.0,636978500
2017-09-19,5779.0,5800.0,5772.39990234375,5772.39990234375,789210500
2017-09-20,5772.39990234375,5772.39990234375,5742.60009765625,5769.7001953125,770656900
2017-09-21,5769.7001953125,5769.7001953125,5702.2001953125,5716.7001953125,941612300
2017-09-22,5716.7001953125,5746.2001953125,5716.7001953125,5740.60009765625,663120300
2017-09-25,5740.60009765625,5767.10009765625,5737.39990234375,5741.7001953125,611902500
2017-09-26,5741.7001953125,5756.7998046875,5724.89990234375,5729.60009765625,723914400
2017-09-27,5729.60009765625,5731.2998046875,5709.7001953125,5725.5,714823300
2017-09-28,5725.5,5745.7001953125,5725.5,5731.5,739769400
2017-09-29,5731.5,5749.7998046875,5715.39990234375,5744.89990234375,754721400
2017-10-02,5744.89990234375,5811.5,5744.89990234375,5791.2998046875,480282900
2017-10-03,5791.2998046875,5799.60009765625,5756.10009765625,5764.2001953125,629630500
2017-10-04,5764.2001953125,5765.7001953125,5717.7001953125,5719.60009765625,659674200
2017-10-05,5719.60009765625,5739.7001953125,5718.89990234375,5720.2998046875,652797000
2017-10-06,5720.2998046875,5777.39990234375,5720.2998046875,5777.39990234375,705105700
2017-10-09,5777.60009765625,5824.39990234375,5777.60009765625,5805.10009765625,839261000
2017-10-10,5805.10009765625,5818.60009765625,5788.7998046875,5807.10009765625,733051100
2017-10-11,5807.10009765625,5846.60009765625,5807.10009765625,5840.7998046875,749501700
2017-10-12,5840.7998046875,5864.10009765625,5834.2998046875,5864.10009765625,677803300
2017-10-13,5864.10009765625,5894.2998046875,5862.39990234375,5884.7001953125,665910800
2017-10-16,5884.7001953125,5924.89990234375,5884.7001953125,5917.2001953125,707726800
2017-10-17,5917.2001953125,5963.7001953125,5917.2001953125,5958.10009765625,768135300
2017-10-18,5958.10009765625,5969.5,5954.7998046875,5954.7998046875,910546000
2017-10-19,5954.7998046875,5973.2001953125,5949.10009765625,5959.7998046875,987567700
2017-10-20,5959.7998046875,5985.7001953125,5932.60009765625,5968.60009765625,698628600
2017-10-23,5968.60009765625,5987.2998046875,5955.5,5957.2001953125,697536500
2017-10-24,5957.2001953125,5972.2998046875,5949.7998046875,5962.5,697185100
2017-10-25,5962.5,5983.89990234375,5961.7001953125,5972.7001953125,802497500
2017-10-26,5972.7001953125,5982.5,5952.60009765625,5982.5,759808200
2017-10-27,5982.5,6003.2001953125,5928.2001953125,5969.2998046875,839422300
2017-10-30,5969.7001953125,5991.5,5969.7001953125,5983.7001953125,758379100
2017-10-31,5983.7001953125,5998.60009765625,5974.89990234375,5976.39990234375,801991600
2017-11-01,5976.39990234375,6019.2998046875,5976.39990234375,6005.5,975804500
2017-11-02,6005.5,6029.7001953125,6000.7001953125,6002.2001953125,802904300
2017-11-03,6002.2001953125,6037.89990234375,6002.2001953125,6030.2998046875,708786400
2017-11-06,6030.2998046875,6038.0,6020.7001953125,6027.2001953125,661028100
2017-11-07,6027.2001953125,6090.10009765625,6027.2001953125,6087.39990234375,736384600
2017-11-08,6087.39990234375,6095.2001953125,6068.7998046875,6089.10009765625,720952100
2017-11-09,6089.10009765625,6124.7001953125,6089.10009765625,6122.39990234375,834844000
2017-11-10,6122.39990234375,6122.39990234375,6095.89990234375,6104.2998046875,743023900
2017-11-13,6104.2998046875,6105.0,6088.0,6097.2001953125,632902200
2017-11-14,6097.2001953125,6097.2001953125,6037.2998046875,6048.7001953125,830517400
2017-11-15,6048.7001953125,6048.7001953125,6012.2998046875,6012.2998046875,878441900
2017-11-16,6012.2998046875,6033.0,5994.39990234375,6023.5,770039000
2017-11-17,6023.5,6058.5,6023.5,6038.2998046875,623007500
2017-11-20,6038.2998046875,6038.2998046875,6006.2998046875,6028.0,629746000
2017-11-21,6028.0,6048.7998046875,6026.5,6044.2001953125,677167000
2017-11-22,6044.2001953125,6078.10009765625,6044.2001953125,6067.60009765625,803536500
2017-11-23,6067.60009765625,6072.60009765625,6053.0,6067.5,912207100
2017-11-24,6067.60009765625,6067.60009765625,6034.5,6063.10009765625,570210200
2017-11-27,6063.10009765625,6089.89990234375,6060.2998046875,6070.39990234375,615614600
2017-11-28,6070.39990234375,6085.89990234375,6058.7998046875,6066.7001953125,1028411900
2017-11-29,6066.7001953125,6113.7001953125,6066.7001953125,6096.10009765625,762102100
2017-11-30,6096.10009765625,6096.10009765625,6039.2001953125,6057.2001953125,1109261900
2017-12-01,6057.2001953125,6095.89990234375,6057.2001953125,6075.5,623042000
2017-12-04,6075.5,6087.10009765625,6065.2998046875,6070.60009765625,772715600
2017-12-05,6070.60009765625,6070.60009765625,6036.60009765625,6057.2998046875,851113800
2017-12-06,6057.2998046875,6057.2998046875,6023.5,6029.89990234375,822951300
2017-12-07,6029.89990234375,6069.0,6028.39990234375,6060.7998046875,771693600
2017-12-08,6060.7998046875,6092.2998046875,6060.7998046875,6077.39990234375,691377300
2017-12-11,6077.39990234375,6096.89990234375,6074.60009765625,6081.89990234375,686437900
2017-12-12,6081.89990234375,6098.2998046875,6081.10009765625,6093.10009765625,782177200
2017-12-13,6093.10009765625,6106.2001953125,6085.39990234375,6103.10009765625,885415400
2017-12-14,6103.10009765625,6125.2998046875,6096.39990234375,6096.39990234375,816314600
2017-12-15,6096.39990234375,6096.39990234375,6077.7001953125,6087.10009765625,1230429700
2017-12-18,6087.10009765625,6130.5,6087.10009765625,6130.0,785901700
2017-12-19,6130.0,6170.7998046875,6130.0,6163.2001953125,1058139400
2017-12-20,6163.2001953125,6174.0,6148.7998046875,6167.89990234375,898244100
2017-12-21,6167.89990234375,6173.7998046875,6148.5,6156.2998046875,1045266200
2017-12-22,6156.2998046875,6181.60009765625,6156.2998046875,6167.2998046875,702547700
2017-12-27,6167.2998046875,6190.60009765625,6167.2998046875,6169.7001953125,541076700
2017-12-28,6169.7001953125,6189.39990234375,6163.0,6189.39990234375,592493500
2017-12-29,6189.39990234375,6193.0,6155.0,6167.2998046875,649264800
2018-01-02,6167.2998046875,6177.39990234375,6141.39990234375,6166.0,655733700
2018-01-03,6166.0,6186.39990234375,6166.0,6175.2998046875,915028700
2018-01-04,6175.2998046875,6206.60009765625,6175.2998046875,6185.39990234375,722438600
2018-01-05,6185.39990234375,6232.10009765625,6185.39990234375,6229.7001953125,899363000
2018-01-08,6229.7001953125,6251.10009765625,6229.7001953125,6236.5,596313600
2018-01-09,6236.5,6254.10009765625,6236.5,6241.5,829384000
2018-01-10,6241.5,6256.5,6205.2001953125,6205.89990234375,795037200
2018-01-11,6205.89990234375,6206.2998046875,6163.89990234375,6176.2001953125,674137600
2018-01-12,6176.2001953125,6192.60009765625,6176.2001953125,6176.7998046875,820251100
2018-01-15,6176.7998046875,6210.39990234375,6176.7998046875,6187.7001953125,761793100
2018-01-16,6187.7001953125,6189.2001953125,6156.10009765625,6165.89990234375,684812100
2018-01-17,6165.89990234375,6165.89990234375,6131.0,6134.2998046875,747031600
2018-01-18,6134.2998046875,6153.39990234375,6130.39990234375,6130.39990234375,785274800
2018-01-19,6130.39990234375,6143.60009765625,6117.10009765625,6119.2998046875,768932100
2018-01-22,6119.2998046875,6130.89990234375,6106.2001953125,6106.2001953125,619410600
2018-01-23,6106.2001953125,6154.7998046875,6106.2001953125,6150.7001953125,673002000
2018-01-24,6150.7001953125,6178.89990234375,6150.10009765625,6168.7998046875,703057000
2018-01-25,6168.7998046875,6170.2998046875,6144.7001953125,6164.7001953125,731573000
2018-01-29,6164.7001953125,6200.60009765625,6164.7001953125,6187.60009765625,1022351600
2018-01-30,6187.60009765625,6187.60009765625,6130.7998046875,6135.2998046875,768204700
2018-01-31,6135.2998046875,6151.7998046875,6103.89990234375,6146.5,979382900
2018-02-01,6146.5,6201.7001953125,6146.5,6198.7998046875,915146800
2018-02-02,6198.7998046875,6229.7998046875,6186.89990234375,6229.7998046875,711610700
2018-02-05,6229.7998046875,6229.7998046875,6117.2001953125,6128.39990234375,959583200
2018-02-06,6128.39990234375,6128.39990234375,5893.7998046875,5930.2001953125,1249153700
2018-02-07,5930.2001953125,6039.89990234375,5930.2001953125,5981.5,1007323200
2018-02-08,5981.5,5998.39990234375,5946.5,5995.2001953125,813200100
2018-02-09,5995.2001953125,5995.2001953125,5887.2998046875,5937.5,867699100
2018-02-12,5937.5,5939.10009765625,5893.10009765625,5919.7001953125,728159200
2018-02-13,5919.7001953125,5962.10009765625,5916.7001953125,5957.0,775392200
2018-02-14,5957.0,5968.0,5931.2998046875,5940.0,707420100
2018-02-15,5940.0,6012.2998046875,5940.0,6008.7001953125,859222700
2018-02-16,6008.7001953125,6037.5,6004.2998046875,6004.7998046875,745319600
2018-02-19,6005.10009765625,6052.10009765625,5992.89990234375,6044.0,700634300
2018-02-20,6044.0,6047.0,6019.0,6045.60009765625,772278200
2018-02-21,6045.60009765625,6059.10009765625,6026.89990234375,6047.2998046875,768469200
2018-02-22,6047.2998046875,6076.0,6036.89990234375,6057.7001953125,908923900
2018-02-23,6057.7001953125,6108.10009765625,6057.7001953125,6105.2001953125,926859700
2018-02-26,6105.2001953125,6146.10009765625,6105.2001953125,6146.10009765625,838647900
2018-02-27,6146.10009765625,6184.60009765625,6146.10009765625,6159.2998046875,1078674700
2018-02-28,6159.2998046875,6159.2998046875,6114.39990234375,6117.2998046875,1056646900
2018-03-01,6117.2998046875,6117.2998046875,6061.2001953125,6075.7001953125,828455600
2018-03-02,6075.7001953125,6075.7001953125,6004.2001953125,6028.39990234375,793000200
2018-03-05,6028.39990234375,6028.39990234375,5988.10009765625,5996.39990234375,686425200
2018-03-06,5996.39990234375,6077.39990234375,5996.39990234375,6061.5,799068700
2018-03-07,6061.5,6061.5,5998.2001953125,6005.39990234375,800440400
2018-03-08,6005.39990234375,6046.60009765625,6000.10009765625,6046.60009765625,1143533900
2018-03-09,6046.60009765625,6082.2001953125,6046.10009765625,6069.10009765625,1007215800
2018-03-12,6076.39990234375,6130.7001953125,6076.39990234375,6101.39990234375,726784000
2018-03-13,6101.39990234375,6101.39990234375,6055.10009765625,6077.10009765625,803135200
2018-03-14,6077.10009765625,6077.10009765625,6027.39990234375,6042.60009765625,934471900
2018-03-15,6042.60009765625,6042.60009765625,6013.5,6027.60009765625,996189600
2018-03-16,6027.60009765625,6058.7998046875,6027.60009765625,6054.89990234375,1434783400
2018-03-19,6054.89990234375,6086.10009765625,6040.2001953125,6064.7001953125,665393800
2018-03-20,6064.7001953125,6064.7001953125,6020.7001953125,6040.7998046875,705680400
2018-03-21,6040.7998046875,6066.2998046875,6039.7001953125,6053.10009765625,828262900
2018-03-22,6053.10009765625,6060.60009765625,6014.89990234375,6043.2001953125,769674800
2018-03-23,6043.2001953125,6043.2001953125,5916.89990234375,5929.0,839819900
2018-03-26,5929.0,5929.0,5881.0,5901.39990234375,711018000
2018-03-27,5901.39990234375,5948.2998046875,5901.39990234375,5943.7001953125,874229500
2018-03-28,5943.7001953125,5943.7001953125,5892.2998046875,5899.2001953125,794819600
2018-03-29,5899.2001953125,5912.39990234375,5861.89990234375,5868.89990234375,950131000
2018-04-03,5868.89990234375,5873.10009765625,5834.0,5859.10009765625,784069100
2018-04-04,5859.10009765625,5870.2998046875,5836.2001953125,5863.7001953125,797284400
2018-04-05,5863.7001953125,5905.2998046875,5863.7001953125,5888.0,616981700
2018-04-06,5888.0,5897.2001953125,5860.7998046875,5886.89990234375,590627300
2018-04-09,5886.89990234375,5911.2001953125,5868.89990234375,5904.7001953125,882821500
2018-04-10,5904.7001953125,5951.7998046875,5883.7001953125,5951.7998046875,1323474900
2018-04-11,5951.7998046875,5958.2001953125,5922.39990234375,5925.7998046875,1027759500
2018-04-12,5925.7998046875,5932.2001953125,5898.10009765625,5911.39990234375,931988700
2018-04-13,5911.39990234375,5940.0,5911.39990234375,5924.7001953125,910540200
2018-04-16,5924.7001953125,5959.2001953125,5924.7001953125,5933.0,827766600
2018-04-17,5933.0,5962.7998046875,5933.0,5934.2998046875,630529200
2018-04-18,5934.2998046875,5959.2001953125,5934.2998046875,5956.2998046875,706697000
2018-04-19,5956.2998046875,5996.2998046875,5956.2998046875,5976.39990234375,1198623400
2018-04-20,5976.39990234375,5979.89990234375,5957.89990234375,5964.39990234375,720445400
2018-04-23,5964.39990234375,5986.60009765625,5964.39990234375,5976.0,674547500
2018-04-24,5976.0,6015.7001953125,5970.0,6009.39990234375,932775500
2018-04-26,6009.2001953125,6027.60009765625,5996.39990234375,6003.0,983899700
2018-04-27,6003.0,6042.89990234375,6003.0,6042.89990234375,841907600
2018-04-30,6042.89990234375,6079.2998046875,6036.10009765625,6071.60009765625,852284800
2018-05-01,6071.60009765625,6107.5,6067.89990234375,6100.0,956190200
2018-05-02,6100.0,6139.7001953125,6096.0,6136.7001953125,1161729100
2018-05-03,6136.7001953125,6197.89990234375,6136.7001953125,6187.0,1165215700
2018-05-04,6187.0,6199.0,6154.7998046875,6155.39990234375,1375994400
2018-05-07,6155.39990234375,6201.2998046875,6155.39990234375,6175.60009765625,666953300
2018-05-08,6175.60009765625,6201.60009765625,6175.60009765625,6183.2001953125,922296100
2018-05-09,6183.2001953125,6208.7001953125,6175.5,6204.39990234375,815122800
2018-05-10,6204.39990234375,6240.7998046875,6204.39990234375,6215.89990234375,809863000
2018-05-11,6215.89990234375,6238.7001953125,6215.89990234375,6216.39990234375,744645700
2018-05-14,6216.39990234375,6235.0,6211.7998046875,6235.0,789958800
2018-05-15,6235.0,6245.89990234375,6198.7001953125,6198.7001953125,811287000
2018-05-16,6198.7001953125,6228.2998046875,6195.60009765625,6208.10009765625,1040890600
2018-05-17,6208.10009765625,6220.5,6181.89990234375,6197.2001953125,798175500
2018-05-18,6197.2001953125,6212.7001953125,6183.39990234375,6190.89990234375,642146500
2018-05-21,6190.89990234375,6200.7998046875,6176.2001953125,6190.2001953125,675667800
2018-05-22,6190.2001953125,6190.2001953125,6138.2998046875,6149.89990234375,674175500
2018-05-23,6149.89990234375,6163.89990234375,6135.2998046875,6140.2998046875,773447800
2018-05-24,6140.2998046875,6147.89990234375,6120.7998046875,6144.10009765625,782816900
2018-05-25,6144.10009765625,6145.2001953125,6123.60009765625,6141.0,866687700
2018-05-28,6141.0,6141.0,6103.7998046875,6113.60009765625,665813500
2018-05-29,6113.60009765625,6132.89990234375,6104.60009765625,6121.7001953125,753634700
2018-05-30,6121.7001953125,6121.7001953125,6072.60009765625,6093.7998046875,974972300
2018-05-31,6093.7998046875,6132.39990234375,6093.7998046875,6123.5,1238942500
2018-06-01,6123.5,6123.5,6086.7998046875,6104.0,879274600
2018-06-04,6104.0,6149.2001953125,6104.0,6138.60009765625,750661000
2018-06-05,6138.60009765625,6138.60009765625,6097.0,6108.5,932237000
2018-06-06,6108.5,6138.2998046875,6108.5,6137.39990234375,995302600
2018-06-07,6137.39990234375,6181.7998046875,6137.39990234375,6169.39990234375,2866711200
2018-06-08,6169.39990234375,6172.7998046875,6153.2001953125,6156.7998046875,1920946100
2018-06-12,6156.7998046875,6173.89990234375,6153.7998046875,6164.7998046875,1617021300
2018-06-13,6164.7998046875,6164.7998046875,6121.5,6133.10009765625,939592800
2018-06-14,6133.10009765625,6144.7001953125,6118.7998046875,6129.60009765625,1117865600
2018-06-15,6129.60009765625,6211.2001953125,6129.60009765625,6205.2998046875,1487521300
2018-06-18,6205.2998046875,6222.39990234375,6195.60009765625,6212.7998046875,952869500
2018-06-19,6212.7998046875,6253.2998046875,6208.7998046875,6208.89990234375,937565600
2018-06-20,6208.89990234375,6274.60009765625,6208.89990234375,6274.60009765625,989495300
2018-06-21,6274.60009765625,6347.7998046875,6274.60009765625,6332.89990234375,1482337500
2018-06-22,6332.89990234375,6341.60009765625,6314.5,6322.10009765625,854836300
2018-06-25,6322.5,6347.5,6302.7998046875,6308.7001953125,846878100
2018-06-26,6308.7001953125,6308.7001953125,6259.2998046875,6292.10009765625,838508500
2018-06-27,6292.10009765625,6311.2998046875,6286.10009765625,6290.5,833964100
2018-06-28,6290.5,6310.5,6273.39990234375,6305.7998046875,858838700
2018-06-29,6305.7998046875,6322.10009765625,6289.7001953125,6289.7001953125,945344200
2018-07-02,6289.7001953125,6315.5,6273.2998046875,6273.2998046875,700901700
2018-07-03,6273.2998046875,6310.0,6273.2998046875,6302.7998046875,725921400
2018-07-04,6302.7998046875,6306.0,6265.2001953125,6273.7001953125,760193600
2018-07-05,6273.7001953125,6306.0,6272.0,6302.89990234375,688269000
2018-07-06,6302.89990234375,6357.39990234375,6302.89990234375,6355.7001953125,734103000
2018-07-09,6355.7001953125,6383.2998046875,6355.7001953125,6366.39990234375,614960000
2018-07-10,6366.39990234375,6386.7001953125,6342.5,6342.7998046875,642544200
2018-07-11,6342.7998046875,6342.7998046875,6296.2001953125,6300.2001953125,650889900
2018-07-12,6300.2001953125,6360.39990234375,6295.10009765625,6349.7998046875,896670600
2018-07-13,6349.7998046875,6368.10009765625,6334.7998046875,6351.89990234375,623786400
2018-07-16,6351.2001953125,6358.7001953125,6320.89990234375,6326.7001953125,547729600
2018-07-17,6326.7001953125,6326.7001953125,6285.7001953125,6288.39990234375,681787000
2018-07-18,6288.39990234375,6340.7001953125,6288.39990234375,6329.10009765625,678114500
2018-07-19,6329.10009765625,6363.7001953125,6329.10009765625,6355.0,714676200
2018-07-20,6355.0,6387.39990234375,6347.7998046875,6377.39990234375,646845400
2018-07-23,6377.39990234375,6377.39990234375,6319.10009765625,6320.10009765625,585870400
2018-07-24,6320.10009765625,6358.5,6320.10009765625,6355.2001953125,657821300
2018-07-25,6355.2001953125,6366.89990234375,6333.10009765625,6341.7001953125,750235200
2018-07-26,6341.7001953125,6345.10009765625,6310.5,6337.60009765625,846643300
2018-07-27,6337.60009765625,6394.2998046875,6337.60009765625,6391.5,926499300
2018-07-30,6388.7998046875,6391.5,6352.60009765625,6368.7998046875,604176900
2018-07-31,6368.7998046875,6386.10009765625,6358.89990234375,6366.2001953125,761182900
2018-08-01,6366.2001953125,6379.2998046875,6357.7998046875,6362.10009765625,660391300
2018-08-02,6362.10009765625,6363.5,6327.7001953125,6327.7001953125,1012063300
2018-08-03,6327.7001953125,6358.89990234375,6323.0,6326.39990234375,981904900
2018-08-06,6326.39990234375,6372.7001953125,6326.39990234375,6359.0,541106400
2018-08-07,6359.0,6359.0,6333.2998046875,6340.7998046875,796079000
2018-08-08,6340.7998046875,6365.5,6340.7998046875,6354.89990234375,791031500
2018-08-09,6354.89990234375,6398.2001953125,6346.89990234375,6383.60009765625,740454800
2018-08-10,6383.60009765625,6394.60009765625,6365.2998046875,6366.7998046875,599945300
2018-08-13,6366.60009765625,6368.10009765625,6330.39990234375,6341.2998046875,611949300
2018-08-14,6341.2998046875,6394.39990234375,6341.2998046875,6386.2001953125,740686000
2018-08-15,6386.2001953125,6415.7001953125,6363.2998046875,6415.7001953125,827103100
2018-08-16,6415.7001953125,6416.5,6369.7998046875,6412.60009765625,995114200
2018-08-17,6412.60009765625,6433.89990234375,6404.7001953125,6426.2001953125,790706800
2018-08-20,6425.7998046875,6447.2998046875,6425.7998046875,6435.10009765625,867087100
2018-08-21,6435.10009765625,6436.5,6375.0,6383.0,701247000
2018-08-22,6383.0,6383.0,6353.60009765625,6373.7998046875,936894500
2018-08-23,6373.7998046875,6385.7001953125,6359.2998046875,6360.2998046875,1085950300
2018-08-24,6360.2998046875,6384.39990234375,6350.60009765625,6357.89990234375,1112772600
2018-08-27,6357.89990234375,6382.10009765625,6344.89990234375,6381.10009765625,778578700
2018-08-28,6381.10009765625,6427.2998046875,6381.10009765625,6413.60009765625,914512200
2018-08-29,6413.60009765625,6457.0,6412.5,6457.0,1054762000
2018-08-30,6457.0,6481.2998046875,6457.0,6460.5,872040700
2018-08-31,6460.5,6463.5,6427.7998046875,6427.7998046875,1010913300
2018-09-03,6427.7998046875,6441.2998046875,6416.5,6416.5,641852100
2018-09-04,6416.5,6421.0,6384.60009765625,6398.89990234375,666899200
2018-09-05,6398.39990234375,6398.39990234375,6339.2001953125,6339.2001953125,926336200
2018-09-06,6339.2001953125,6339.2001953125,6259.0,6267.7998046875,880060500
2018-09-07,6267.7998046875,6267.7998046875,6211.60009765625,6252.2998046875,716402100
2018-09-10,6252.2998046875,6262.2998046875,6233.60009765625,6249.7001953125,621015600
2018-09-11,6249.7001953125,6291.10009765625,6247.89990234375,6287.60009765625,737145100
2018-09-12,6287.60009765625,6288.89990234375,6263.10009765625,6283.89990234375,773179100
2018-09-13,6283.89990234375,6283.89990234375,6238.7998046875,6239.89990234375,813646900
2018-09-14,6239.89990234375,6283.7998046875,6239.89990234375,6276.2998046875,735360500
2018-09-17,6275.5,6302.2998046875,6255.10009765625,6293.89990234375,747286500
2018-09-18,6293.89990234375,6293.89990234375,6257.89990234375,6269.5,802634900
2018-09-19,6269.5,6303.60009765625,6269.5,6297.0,914163600
2018-09-20,6297.0,6303.2001953125,6270.0,6276.89990234375,1071196200
2018-09-21,6276.89990234375,6315.7001953125,6276.89990234375,6305.39990234375,1496659900
2018-09-24,6305.39990234375,6306.39990234375,6281.10009765625,6299.5,741909500
2018-09-25,6299.5,6306.2001953125,6280.89990234375,6299.10009765625,850203600
2018-09-26,6299.10009765625,6325.2998046875,6299.0,6307.7998046875,802728600
2018-09-27,6307.7998046875,6312.7001953125,6296.5,6299.2998046875,1271189100
2018-09-28,6299.2998046875,6348.39990234375,6299.2998046875,6325.5,949125800
2018-10-01,6325.5,6325.5,6276.0,6292.7001953125,433227200
2018-10-02,6292.7001953125,6300.10009765625,6241.0,6245.7998046875,802614000
2018-10-03,6245.7998046875,6270.0,6245.7998046875,6265.2001953125,762935200
2018-10-04,6265.2001953125,6312.7998046875,6265.2001953125,6293.89990234375,947218500
2018-10-05,6293.89990234375,6314.2998046875,6277.7998046875,6301.10009765625,675249400
2018-10-08,6293.89990234375,6293.89990234375,6218.60009765625,6218.60009765625,695149800
2018-10-09,6218.60009765625,6220.0,6149.10009765625,6155.5,913587500
2018-10-10,6155.5,6171.39990234375,6138.39990234375,6163.7998046875,886410300
2018-10-11,6163.7998046875,6163.7998046875,5993.39990234375,5993.5,1302085700
2018-10-12,5993.5,6013.7001953125,5954.2001953125,6006.60009765625,1159380600
2018-10-15,6006.60009765625,6006.60009765625,5909.7001953125,5948.0,821892000
2018-10-16,5948.0,5989.60009765625,5948.0,5977.7998046875,771378900
2018-10-17,5977.7998046875,6049.5,5977.7998046875,6047.10009765625,725261900
2018-10-18,6047.10009765625,6050.2998046875,6023.2998046875,6050.10009765625,716662400
2018-10-19,6050.10009765625,6050.10009765625,5990.89990234375,6042.7998046875,678252800
2018-10-22,6042.7998046875,6042.7998046875,5990.5,6006.2001953125,638148000
2018-10-23,6006.2001953125,6006.7001953125,5944.89990234375,5944.89990234375,784927500
2018-10-24,5944.89990234375,5955.7001953125,5917.7001953125,5926.5,820023500
2018-10-25,5926.5,5926.5,5759.5,5759.5,1251915500
2018-10-26,5759.5,5798.2998046875,5721.60009765625,5759.60009765625,1056672700
2018-10-29,5759.60009765625,5823.60009765625,5759.60009765625,5813.7998046875,806355800
2018-10-30,5813.7998046875,5887.89990234375,5775.7998046875,5887.89990234375,913279900
2018-10-31,5887.89990234375,5913.2998046875,5875.0,5913.2998046875,952900300
2018-11-01,5913.2998046875,5958.60009765625,5906.5,5925.89990234375,895863200
2018-11-02,5925.89990234375,5935.7998046875,5896.7001953125,5935.7998046875,832010200
2018-11-05,5935.7998046875,5943.60009765625,5904.7998046875,5904.7998046875,688937600
2018-11-06,5939.2998046875,5960.2001953125,5904.7998046875,5958.7001953125,539530800
2018-11-07,5958.7001953125,5982.0,5928.7998046875,5982.0,754352100
2018-11-08,5982.0,6025.2001953125,5982.0,6015.89990234375,724628200
2018-11-09,6015.89990234375,6019.89990234375,5986.10009765625,6011.0,809803600
2018-11-12,6011.0,6027.2001953125,5974.7998046875,6027.2001953125,770123200
2018-11-13,6027.2001953125,6027.2001953125,5912.10009765625,5922.60009765625,815881600
2018-11-14,5922.60009765625,5925.60009765625,5818.2998046875,5822.2998046875,966773500
2018-11-15,5822.2998046875,5842.2998046875,5778.5,5825.2001953125,906292500
2018-11-16,5825.2001953125,5846.89990234375,5817.2998046875,5822.7998046875,643116300
2018-11-19,5822.7998046875,5823.39990234375,5775.5,5786.39990234375,683296300
2018-11-20,5786.39990234375,5786.39990234375,5727.10009765625,5759.2001953125,839572100
2018-11-21,5759.2001953125,5759.2001953125,5675.89990234375,5722.10009765625,1065917000
2018-11-22,5722.10009765625,5773.60009765625,5722.10009765625,5770.2998046875,876962800
2018-11-23,5770.2998046875,5800.7001953125,5758.5,5793.39990234375,570256800
2018-11-26,5793.39990234375,5793.39990234375,5734.7998046875,5749.60009765625,832456100
2018-11-27,5749.60009765625,5802.7998046875,5748.89990234375,5802.7998046875,866758200
2018-11-28,5802.7998046875,5812.10009765625,5782.5,5800.10009765625,927596500
2018-11-29,5800.10009765625,5855.0,5800.10009765625,5835.7001953125,821149900
2018-11-30,5835.7001953125,5835.7001953125,5749.2998046875,5749.2998046875,1528964400
2018-12-03,5749.2998046875,5856.2998046875,5749.2998046875,5856.2998046875,868042100
2018-12-04,5856.2998046875,5856.2998046875,5797.5,5797.5,870707900
2018-12-05,5797.5,5797.5,5694.7998046875,5749.10009765625,863397400
2018-12-06,5749.10009765625,5749.10009765625,5703.2998046875,5736.7001953125,778253700
2018-12-07,5736.7001953125,5780.7001953125,5732.60009765625,5757.89990234375,710633100
2018-12-10,5757.89990234375,5757.89990234375,5624.7998046875,5627.5,840884800
2018-12-11,5629.89990234375,5663.60009765625,5629.0,5651.2001953125,847315300
2018-12-12,5651.2001953125,5728.39990234375,5651.2001953125,5727.2998046875,900062600
2018-12-13,5727.2998046875,5753.2998046875,5709.60009765625,5735.2998046875,936045800
2018-12-14,5735.2998046875,5738.5,5665.2001953125,5678.7998046875,853004900
2018-12-17,5678.7998046875,5739.0,5661.2001953125,5732.89990234375,755709300
2018-12-18,5732.89990234375,5732.89990234375,5650.60009765625,5661.7998046875,824670600
2018-12-19,5661.7998046875,5661.7998046875,5625.60009765625,5650.0,868126000
2018-12-20,5650.0,5652.2998046875,5572.89990234375,5572.89990234375,1260072800
2018-12-21,5572.89990234375,5605.7001953125,5494.39990234375,5533.2998046875,1564585000
2018-12-24,5533.2998046875,5563.7998046875,5478.39990234375,5559.60009765625,330998600
2018-12-27,5559.60009765625,5662.10009765625,5559.60009765625,5662.10009765625,572404400
2018-12-28,5662.10009765625,5716.0,5656.0,5716.0,518469800
2018-12-31,5716.0,5760.60009765625,5709.39990234375,5709.39990234375,379559000
2019-01-02,5709.39990234375,5716.2998046875,5620.2998046875,5625.60009765625,439390900
2019-01-03,5625.60009765625,5708.10009765625,5625.60009765625,5694.60009765625,554426700
2019-01-04,5694.60009765625,5694.60009765625,5630.10009765625,5677.0,572016100
2019-01-07,5677.0,5775.60009765625,5677.0,5744.5,543990200
2019-01-08,5744.5,5793.0,5730.0,5783.2998046875,660913200
2019-01-09,5783.2998046875,5841.39990234375,5783.2998046875,5838.39990234375,679356300
2019-01-10,5838.39990234375,5854.7998046875,5817.10009765625,5853.89990234375,651778300
2019-01-11,5853.89990234375,5867.39990234375,5834.7998046875,5834.7998046875,513356300
2019-01-14,5834.7998046875,5862.0,5817.39990234375,5833.2001953125,469710200
2019-01-15,5833.2001953125,5871.7998046875,5833.10009765625,5871.7998046875,606676200
2019-01-16,5871.7998046875,5893.7001953125,5863.2998046875,5893.7001953125,689076100
2019-01-17,5893.7001953125,5915.89990234375,5891.39990234375,5909.7998046875,628239100
2019-01-18,5909.7998046875,5948.2001953125,5909.7998046875,5941.2001953125,595726800
2019-01-21,5941.2001953125,5975.60009765625,5941.2001953125,5953.5,507831700
2019-01-22,5953.5,5953.5,5917.5,5924.2998046875,490883600
2019-01-23,5924.2998046875,5925.89990234375,5897.7001953125,5908.7001953125,648020900
2019-01-24,5909.39990234375,5930.5,5905.7998046875,5930.5,692021800
2019-01-25,5930.5,5979.89990234375,5929.39990234375,5971.10009765625,809421100
2019-01-29,5971.2001953125,5973.0,5928.60009765625,5939.5,851154800
2019-01-30,5939.5,5977.5,5932.7998046875,5951.2001953125,843884900
2019-01-31,5951.2001953125,5978.7998046875,5937.2998046875,5937.2998046875,1117877000
2019-02-01,5937.2998046875,5953.2998046875,5930.39990234375,5935.2998046875,890097900
2019-02-04,5935.2998046875,5969.7998046875,5924.5,5963.0,729429100
2019-02-05,5963.0,6099.0,5963.0,6068.10009765625,890426900
2019-02-06,6068.10009765625,6108.0,6059.2998046875,6091.7998046875,692964900
2019-02-07,6091.7998046875,6171.7998046875,6091.7998046875,6159.10009765625,854542500
2019-02-08,6159.10009765625,6159.10009765625,6119.39990234375,6136.2001953125,804678700
2019-02-11,6136.2001953125,6151.7001953125,6098.60009765625,6128.60009765625,678524000
2019-02-12,6128.60009765625,6161.10009765625,6122.10009765625,6148.7001953125,898552300
2019-02-13,6148.7001953125,6167.2998046875,6129.60009765625,6140.2001953125,887898200
2019-02-14,6140.2001953125,6170.5,6125.10009765625,6139.60009765625,1169227700
2019-02-15,6139.60009765625,6158.0,6131.89990234375,6148.60009765625,830332000
2019-02-19,6170.7001953125,6197.39990234375,6162.5,6184.2001953125,818751300
2019-02-20,6184.2001953125,6203.5,6158.60009765625,6175.7998046875,864048400
2019-02-21,6175.7998046875,6229.2001953125,6162.7001953125,6214.60009765625,1034571000
2019-02-22,6214.60009765625,6248.7998046875,6201.2001953125,6241.89990234375,973891400
2019-02-25,6241.89990234375,6267.7001953125,6237.5,6263.60009765625,939058500
2019-02-26,6263.60009765625,6263.60009765625,6186.89990234375,6209.0,933715100
2019-02-27,6209.0,6237.2001953125,6209.0,6233.60009765625,1114699200
2019-02-28,6233.60009765625,6257.2998046875,6221.2998046875,6252.7001953125,1191061800
2019-03-01,6252.7001953125,6291.7998046875,6249.10009765625,6273.7998046875,885954500
2019-03-04,6273.7998046875,6323.5,6273.7998046875,6302.5,765776300
2019-03-05,6302.5,6302.5,6258.39990234375,6281.39990234375,1018371400
2019-03-06,6281.39990234375,6327.5,6281.39990234375,6326.7998046875,1022955000
2019-03-07,6326.7998046875,6350.7998046875,6324.89990234375,6344.2001953125,1026473800
2019-03-08,6344.2001953125,6344.2001953125,6286.89990234375,6287.10009765625,830298800
2019-03-11,6287.10009765625,6287.10009765625,6255.60009765625,6263.2998046875,698254700
2019-03-12,6263.2998046875,6305.5,6260.60009765625,6260.60009765625,834689900
2019-03-13,6260.60009765625,6260.60009765625,6215.2998046875,6246.0,901110400
2019-03-14,6246.0,6266.7998046875,6240.5,6266.7998046875,776555100
2019-03-15,6266.7998046875,6285.39990234375,6262.7998046875,6265.10009765625,1534457300
2019-03-18,6265.10009765625,6292.0,6260.2001953125,6283.60009765625,802439900
2019-03-19,6283.60009765625,6296.7998046875,6265.7998046875,6276.60009765625,758351300
2019-03-20,6276.60009765625,6276.60009765625,6240.60009765625,6251.7998046875,947309900
2019-03-21,6251.7998046875,6257.10009765625,6221.10009765625,6253.5,1111736800
2019-03-22,6253.5,6311.39990234375,6253.5,6280.89990234375,726847200
2019-03-25,6280.89990234375,6280.89990234375,6197.7998046875,6208.7001953125,800082000
2019-03-26,6208.7001953125,6222.89990234375,6199.7001953125,6213.10009765625,844586300
2019-03-27,6213.10009765625,6217.60009765625,6181.10009765625,6217.60009765625,859877200
2019-03-28,6217.39990234375,6256.5,6195.7001953125,6256.5,856347000
2019-03-29,6256.5,6291.7001953125,6256.5,6261.7001953125,1043330700
2019-04-01,6261.7001953125,6315.60009765625,6261.7001953125,6299.7001953125,748302700
2019-04-02,6299.7001953125,6353.39990234375,6299.7001953125,6327.7998046875,846970200
2019-04-03,6327.7998046875,6372.60009765625,6327.7998046875,6368.7001953125,805939100
2019-04-04,6368.7001953125,6368.7001953125,6308.7998046875,6320.39990234375,854332100
2019-04-05,6320.39990234375,6320.39990234375,6258.7998046875,6270.60009765625,673938400
2019-04-08,6270.60009765625,6310.7998046875,6270.60009765625,6310.7998046875,705868600
2019-04-09,6310.7998046875,6322.7001953125,6298.7001953125,6315.5,755990500
2019-04-10,6315.5,6327.39990234375,6293.0,6316.5,659711500
2019-04-11,6316.5,6316.5,6280.0,6294.10009765625,650656000
2019-04-12,6294.10009765625,6347.0,6294.10009765625,6347.0,665333000
2019-04-15,6347.0,6355.2998046875,6334.89990234375,6347.89990234375,615012700
2019-04-16,6347.89990234375,6376.39990234375,6334.89990234375,6372.2998046875,692686300
2019-04-17,6372.2998046875,6378.60009765625,6342.89990234375,6350.2998046875,727115700
2019-04-18,6350.2998046875,6370.5,6338.2998046875,6349.89990234375,730577800
2019-04-23,6349.89990234375,6412.39990234375,6349.89990234375,6411.10009765625,708244500
2019-04-24,6411.10009765625,6477.89990234375,6411.10009765625,6470.60009765625,849731600
2019-04-26,6470.60009765625,6476.0,6450.7001953125,6473.2001953125,725378100
2019-04-29,6473.2001953125,6473.2998046875,6439.10009765625,6449.60009765625,660664800
2019-04-30,6449.60009765625,6449.60009765625,6408.2998046875,6418.39990234375,835955500
2019-05-01,6418.39990234375,6469.7998046875,6418.39990234375,6466.5,754629200
2019-05-02,6466.5,6466.5,6416.89990234375,6430.0,895264300
2019-05-03,6430.0,6445.7998046875,6419.7001953125,6427.2001953125,716683500
2019-05-06,6427.2001953125,6427.2001953125,6335.89990234375,6369.89990234375,793032500
2019-05-07,6369.89990234375,6427.2998046875,6369.89990234375,6383.5,874476000
2019-05-08,6383.5,6383.5,6327.39990234375,6351.7998046875,768194100
2019-05-09,6351.7998046875,6382.2001953125,6343.2998046875,6377.2998046875,712542700
2019-05-10,6377.2998046875,6400.0,6366.7001953125,6393.10009765625,712165300
2019-05-13,6393.10009765625,6393.10009765625,6363.39990234375,6381.2998046875,669618500
2019-05-14,6381.2998046875,6381.2998046875,6289.60009765625,6327.2001953125,873321900
2019-05-15,6327.2001953125,6378.7998046875,6327.2001953125,6370.89990234375,679781500
2019-05-16,6370.89990234375,6417.5,6364.5,6417.5,843630600
2019-05-17,6417.5,6489.10009765625,6417.5,6460.2001953125,786905000
2019-05-20,6460.2001953125,6564.7001953125,6460.2001953125,6564.7001953125,810686700
2019-05-21,6564.7001953125,6584.39990234375,6530.89990234375,6584.39990234375,850872900
2019-05-22,6584.39990234375,6598.2998046875,6567.7001953125,6598.10009765625,881851400
2019-05-23,6598.10009765625,6598.10009765625,6572.7998046875,6584.2998046875,897352800
2019-05-24,6584.2998046875,6584.2998046875,6529.2001953125,6545.60009765625,836105400
2019-05-27,6545.39990234375,6557.5,6540.89990234375,6544.7998046875,649481500
2019-05-28,6544.7998046875,6584.89990234375,6544.7998046875,6580.39990234375,1175193200
2019-05-29,6580.39990234375,6580.39990234375,6518.2998046875,6536.60009765625,916742200
2019-05-30,6536.60009765625,6536.60009765625,6478.39990234375,6489.2001953125,1000013600
2019-05-31,6489.2001953125,6493.5,6460.7998046875,6491.7998046875,1029816800
2019-06-03,6491.7998046875,6491.7998046875,6410.7998046875,6410.7998046875,930549900
2019-06-04,6410.7998046875,6426.7998046875,6401.0,6416.7001953125,999610200
2019-06-05,6416.7001953125,6474.2001953125,6416.7001953125,6443.60009765625,915731600
2019-06-06,6443.60009765625,6486.7998046875,6443.60009765625,6466.39990234375,936349300
2019-06-07,6466.39990234375,6525.2001953125,6466.39990234375,6525.2001953125,831154100
2019-06-11,6525.2001953125,6624.39990234375,6525.2001953125,6624.39990234375,928310300
2019-06-12,6624.39990234375,6668.2998046875,6624.39990234375,6628.89990234375,912270600
2019-06-13,6628.89990234375,6645.5,6612.10009765625,6619.10009765625,878245100
2019-06-14,6619.10009765625,6639.39990234375,6614.60009765625,6633.60009765625,798104100
2019-06-17,6633.60009765625,6633.60009765625,6606.7001953125,6609.39990234375,797359400
2019-06-18,6609.39990234375,6650.89990234375,6608.2998046875,6647.89990234375,1062712700
2019-06-19,6647.89990234375,6728.5,6647.89990234375,6728.5,946425700
2019-06-20,6728.5,6767.89990234375,6720.7998046875,6767.89990234375,1301164000
2019-06-21,6767.89990234375,6773.39990234375,6725.7001953125,6734.2998046875,1589634100
2019-06-24,6734.2998046875,6745.5,6700.2998046875,6745.5,822682400
2019-06-25,6745.5,6758.7998046875,6725.7001953125,6734.5,922709700
2019-06-26,6734.5,6734.5,6713.39990234375,6716.10009765625,1005504200
2019-06-27,6716.10009765625,6743.0,6686.2998046875,6743.0,958009200
2019-06-28,6743.0,6746.2001953125,6699.2001953125,6699.2001953125,1168656900
2019-07-01,6699.2001953125,6745.7001953125,6699.2001953125,6731.39990234375,751663000
2019-07-02,6731.39990234375,6772.39990234375,6731.39990234375,6741.10009765625,791185700
2019-07-03,6741.10009765625,6777.39990234375,6732.2998046875,6770.10009765625,835435700
2019-07-04,6770.10009765625,6814.7998046875,6770.10009765625,6800.89990234375,731524500
2019-07-05,6800.89990234375,6850.10009765625,6797.89990234375,6831.7998046875,755520700
2019-07-08,6821.89990234375,6831.7998046875,6757.39990234375,6757.39990234375,646549000
2019-07-09,6757.39990234375,6764.2001953125,6727.5,6750.10009765625,727630900
2019-07-10,6750.10009765625,6803.0,6750.10009765625,6777.7001953125,823585300
2019-07-11,6777.7001953125,6818.39990234375,6776.7998046875,6805.7998046875,845749300
2019-07-12,6805.7998046875,6806.7001953125,6779.89990234375,6788.7998046875,846926000
2019-07-15,6787.2998046875,6787.2998046875,6734.0,6746.2001953125,616583300
2019-07-16,6746.2001953125,6759.60009765625,6735.7998046875,6735.7998046875,735465300
2019-07-17,6735.7998046875,6766.39990234375,6721.2001953125,6764.0,706769400
2019-07-18,6764.0,6764.0,6718.5,6735.39990234375,723177800
2019-07-19,6735.39990234375,6789.7998046875,6734.7001953125,6786.2001953125,693385700
2019-07-22,6786.2001953125,6798.60009765625,6763.7998046875,6781.2001953125,747212200
2019-07-23,6781.2001953125,6818.10009765625,6778.5,6812.5,861786500
2019-07-24,6812.5,6869.7001953125,6812.5,6862.39990234375,884441300
2019-07-25,6862.39990234375,6901.89990234375,6857.5,6901.89990234375,991586400
2019-07-26,6901.89990234375,6901.89990234375,6863.89990234375,6879.2998046875,978786300
2019-07-29,6879.2998046875,6919.7001953125,6879.2998046875,6911.39990234375,722248700
2019-07-30,6911.39990234375,6958.7001953125,6911.39990234375,6928.2998046875,841078800
2019-07-31,6928.2998046875,6928.2998046875,6896.7001953125,6896.7001953125,1014396600
2019-08-01,6896.7001953125,6896.7001953125,6864.7998046875,6871.89990234375,822450600
2019-08-02,6871.89990234375,6871.89990234375,6826.7998046875,6846.10009765625,819880500
2019-08-05,6846.10009765625,6846.10009765625,6710.2998046875,6710.60009765625,841768400
2019-08-06,6710.60009765625,6710.60009765625,6508.7001953125,6546.5,1286135100
2019-08-07,6546.5,6598.7998046875,6540.89990234375,6588.5,862509300
2019-08-08,6588.5,6642.2998046875,6537.2998046875,6642.2998046875,977402500
2019-08-09,6642.2998046875,6670.39990234375,6641.2001953125,6663.39990234375,882917000
2019-08-12,6663.39990234375,6670.10009765625,6634.5,6670.10009765625,739232800
2019-08-13,6670.10009765625,6672.5,6638.39990234375,6648.10009765625,992145600
2019-08-14,6648.10009765625,6681.0,6638.60009765625,6677.5,1078230400
2019-08-15,6677.5,6677.5,6488.2998046875,6490.7998046875,1148270200
2019-08-16,6490.7998046875,6505.7001953125,6476.7001953125,6485.89990234375,1007042500
2019-08-19,6485.89990234375,6552.0,6485.89990234375,6550.5,801290600
2019-08-20,6550.5,6627.39990234375,6550.5,6627.39990234375,941414200
2019-08-21,6627.39990234375,6627.39990234375,6554.0,6572.60009765625,923975100
2019-08-22,6572.60009765625,6612.0,6572.60009765625,6593.0,863531900
2019-08-23,6593.0,6617.7001953125,6586.2998046875,6614.2998046875,1003861400
2019-08-26,6614.2998046875,6614.2998046875,6501.5,6531.0,1007879700
2019-08-27,6531.0,6576.39990234375,6531.0,6565.60009765625,1221372000
2019-08-28,6565.60009765625,6601.7998046875,6559.10009765625,6600.7998046875,990604400
2019-08-29,6600.7998046875,6609.0,6575.10009765625,6605.7001953125,996237800
2019-08-30,6605.7001953125,6706.7001953125,6605.7001953125,6698.2001953125,1211200000
2019-09-02,6698.2001953125,6698.89990234375,6658.2001953125,6677.5,813593700
2019-09-03,6677.5,6691.10009765625,6656.10009765625,6673.5,722304600
2019-09-04,6673.5,6673.5,6605.39990234375,6656.10009765625,945482700
2019-09-05,6656.10009765625,6728.2001953125,6654.2001953125,6720.7998046875,1113259600
2019-09-06,6720.7998046875,6762.2998046875,6720.7998046875,6752.7001953125,1042225900
2019-09-09,6752.7001953125,6769.10009765625,6739.2998046875,6760.10009765625,812081600
2019-09-10,6760.10009765625,6766.2001953125,6709.39990234375,6728.0,1058357000
2019-09-11,6728.0,6752.2001953125,6728.0,6752.2001953125,1141528600
2019-09-12,6752.2001953125,6800.5,6752.2001953125,6765.7001953125,997606400
2019-09-13,6765.7001953125,6785.89990234375,6762.60009765625,6777.10009765625,968392800
2019-09-16,6777.10009765625,6794.5,6757.89990234375,6782.0,1054622200
2019-09-17,6782.0,6801.7001953125,6759.0,6801.7001953125,970881500
2019-09-18,6801.7001953125,6810.39990234375,6784.5,6791.2001953125,1031694200
2019-09-19,6791.2001953125,6849.7001953125,6791.2001953125,6825.2001953125,1390438400
2019-09-20,6825.2001953125,6883.10009765625,6825.2001953125,6839.0,2039002400
2019-09-23,6839.0,6880.0,6839.0,6861.10009765625,789826300
2019-09-24,6861.10009765625,6873.89990234375,6854.7998046875,6856.60009765625,840352800
2019-09-25,6856.60009765625,6856.60009765625,6803.0,6814.7001953125,1025365300
2019-09-26,6814.7001953125,6827.2998046875,6776.39990234375,6785.60009765625,816240400
2019-09-27,6785.60009765625,6829.7998046875,6785.60009765625,6824.10009765625,852345300
2019-09-30,6824.7001953125,6844.10009765625,6800.60009765625,6800.60009765625,864744100
2019-10-01,6800.60009765625,6853.7001953125,6800.60009765625,6853.0,919756400
2019-10-02,6853.0,6853.0,6753.2001953125,6753.2998046875,829533800
2019-10-03,6753.2998046875,6753.2998046875,6594.60009765625,6611.7001953125,965890200
2019-10-04,6611.7001953125,6651.5,6611.2001953125,6636.89990234375,656671400
2019-10-07,6636.89990234375,6687.7001953125,6636.89990234375,6686.7001953125,383085100
2019-10-08,6686.7001953125,6721.7001953125,6686.7001953125,6713.7001953125,643831600
2019-10-09,6713.7001953125,6713.7001953125,6641.7001953125,6667.0,675791400
2019-10-10,6667.0,6688.7998046875,6646.7998046875,6662.89990234375,796149300
2019-10-11,6662.89990234375,6730.0,6662.89990234375,6721.89990234375,804679600
2019-10-14,6721.89990234375,6791.39990234375,6721.89990234375,6757.89990234375,699996800
2019-10-15,6757.89990234375,6768.7998046875,6737.89990234375,6763.2998046875,700739300
2019-10-16,6763.2998046875,6844.10009765625,6763.2998046875,6843.2001953125,836159300
2019-10-17,6843.2001953125,6843.39990234375,6788.5,6791.5,1136167300
2019-10-18,6791.5,6791.5,6741.7998046875,6758.39990234375,930659000
2019-10-21,6758.39990234375,6758.39990234375,6721.7998046875,6757.7001953125,790636500
2019-10-22,6757.7001953125,6786.39990234375,6754.0,6778.60009765625,812141200
2019-10-23,6778.60009765625,6780.10009765625,6743.60009765625,6778.2001953125,812360300
2019-10-24,6778.2001953125,6820.39990234375,6778.2001953125,6796.7001953125,834059100
2019-10-25,6796.7001953125,6843.5,6796.7001953125,6841.0,850764600
2019-10-28,6841.2001953125,6867.5,6841.2001953125,6842.5,734428700
2019-10-29,6842.5,6864.2001953125,6839.7001953125,6848.5,876435000
2019-10-30,6848.5,6848.5,6786.10009765625,6794.7001953125,856232400
2019-10-31,6794.7001953125,6794.7001953125,6749.7998046875,6772.89990234375,932363300
2019-11-01,6772.89990234375,6781.60009765625,6745.60009765625,6779.10009765625,910891000
2019-11-04,6779.10009765625,6825.2001953125,6779.10009765625,6799.7998046875,900105400
2019-11-05,6799.7998046875,6838.2001953125,6794.7001953125,6811.60009765625,735354600
2019-11-06,6811.60009765625,6828.2001953125,6772.0,6773.2001953125,976603500
2019-11-07,6773.2001953125,6837.39990234375,6773.0,6836.89990234375,905039700
2019-11-08,6836.89990234375,6851.7001953125,6816.10009765625,6833.2001953125,1001005400
2019-11-11,6833.2001953125,6877.2998046875,6827.89990234375,6877.0,882958700
2019-11-12,6877.0,6883.5,6836.39990234375,6857.10009765625,905481900
2019-11-13,6857.10009765625,6870.60009765625,6805.5,6805.60009765625,988631300
2019-11-14,6805.60009765625,6851.2001953125,6797.7001953125,6840.7998046875,954080700
2019-11-15,6840.7998046875,6901.60009765625,6840.7998046875,6898.89990234375,808458800
2019-11-18,6898.89990234375,6904.10009765625,6854.89990234375,6871.7001953125,611734700
2019-11-19,6871.7001953125,6914.10009765625,6858.39990234375,6914.10009765625,750577200
2019-11-20,6914.10009765625,6914.10009765625,6820.7998046875,6828.2998046875,864962400
2019-11-21,6828.2998046875,6828.2998046875,6743.7998046875,6777.7001953125,892480100
2019-11-22,6777.7001953125,6830.5,6777.7001953125,6816.5,697426700
2019-11-25,6818.89990234375,6864.10009765625,6818.89990234375,6835.60009765625,725706600
2019-11-26,6835.60009765625,6899.2998046875,6835.60009765625,6889.7998046875,1411376700
2019-11-27,6889.7998046875,6951.2001953125,6889.7998046875,6950.60009765625,786684000
2019-11-28,6950.60009765625,6979.7001953125,6950.60009765625,6965.60009765625,684960300
2019-11-29,6965.60009765625,6996.0,6948.0,6948.0,714180800
2019-12-02,6948.0,6990.39990234375,6943.2001953125,6965.2998046875,657459700
2019-12-03,6965.2998046875,6965.2998046875,6810.0,6818.39990234375,920352300
2019-12-04,6818.39990234375,6818.39990234375,6700.2001953125,6714.39990234375,1001140400
2019-12-05,6714.39990234375,6792.2998046875,6714.39990234375,6791.10009765625,785578200
2019-12-06,6791.10009765625,6818.2998046875,6790.0,6813.5,693454300
2019-12-09,6813.5,6846.60009765625,6813.5,6836.39990234375,689011700
2019-12-10,6836.39990234375,6840.60009765625,6808.2998046875,6812.10009765625,631803700
2019-12-11,6812.10009765625,6853.2001953125,6812.10009765625,6853.2001953125,830075800
2019-12-12,6853.2001953125,6853.39990234375,6803.39990234375,6810.7998046875,852431600
2019-12-13,6810.7998046875,6855.2001953125,6810.7998046875,6844.60009765625,901055000
2019-12-16,6846.39990234375,6967.89990234375,6846.39990234375,6952.2998046875,954447800
2019-12-17,6952.2998046875,6973.7001953125,6942.7998046875,6950.5,867159400
2019-12-18,6957.0,6971.5,6956.0,6967.0,292183300
2019-12-19,6957.0,6980.2001953125,6929.89990234375,6942.60009765625,1051325600
2019-12-20,6942.60009765625,6950.7001953125,6918.2001953125,6924.39990234375,1379618000
2019-12-23,6924.39990234375,6924.39990234375,6894.7001953125,6894.7001953125,564109300
2019-12-24,6894.7998046875,6906.39990234375,6886.7998046875,6906.39990234375,331006600
2019-12-27,6906.39990234375,6936.5,6906.39990234375,6936.2998046875,421032800
2019-12-30,6936.2998046875,6938.5,6881.7001953125,6921.60009765625,429175600
2019-12-31,6921.60009765625,6921.60009765625,6802.39990234375,6802.39990234375,418258800
2020-01-02,6802.39990234375,6828.7001953125,6789.39990234375,6810.0,406074000
2020-01-03,6810.0,6906.89990234375,6810.0,6855.2001953125,546775500
2020-01-06,6855.2001953125,6859.89990234375,6796.2001953125,6857.39990234375,638835300
2020-01-07,6857.39990234375,6950.7001953125,6857.39990234375,6943.60009765625,598462700
2020-01-08,6943.60009765625,6949.10009765625,6867.0,6930.10009765625,758447000
2020-01-09,6930.10009765625,7002.7998046875,6930.10009765625,6991.39990234375,721662200
2020-01-10,6991.39990234375,7046.2001953125,6991.39990234375,7041.89990234375,668912000
2020-01-13,7041.89990234375,7041.89990234375,6994.5,7020.2001953125,528770000
2020-01-14,7020.2001953125,7078.0,7020.2001953125,7078.0,783235300
2020-01-15,7078.0,7114.7998046875,7077.10009765625,7113.5,789195700
2020-01-16,7113.5,7158.60009765625,7113.5,7158.60009765625,747003100
2020-01-17,7158.60009765625,7205.5,7158.60009765625,7180.2998046875,695642900
2020-01-20,7180.2998046875,7209.7001953125,7180.2998046875,7196.2998046875,628185500
2020-01-21,7196.2998046875,7196.2998046875,7156.5,7180.5,666390800
2020-01-22,7180.7998046875,7260.0,7176.7998046875,7249.0,842809800
2020-01-23,7249.0,7249.0,7181.2001953125,7199.0,709610300
2020-01-24,7199.0,7233.7001953125,7197.10009765625,7203.2001953125,698619700
2020-01-28,7098.39990234375,7135.39990234375,7098.39990234375,7129.2998046875,108155900
2020-01-29,7098.39990234375,7150.89990234375,7098.39990234375,7135.89990234375,735732900
2020-01-30,7108.60009765625,7108.60009765625,7108.60009765625,7108.60009765625,0
2020-01-31,7108.60009765625,7147.60009765625,7108.60009765625,7121.2001953125,1011496700
2020-02-03,7121.2001953125,7121.2001953125,6995.0,7019.89990234375,883075100
2020-02-04,7019.89990234375,7061.2001953125,7014.2001953125,7047.60009765625,832894800
2020-02-05,7086.2998046875,7109.89990234375,7067.60009765625,7080.89990234375,892420000
2020-02-06,7148.7001953125,7150.60009765625,7144.60009765625,7146.5,48379700
2020-02-07,7148.7001953125,7150.60009765625,7101.5,7121.39990234375,913355900
2020-02-10,7121.39990234375,7122.39990234375,7079.2001953125,7108.0,832148900
2020-02-11,7151.39990234375,7181.5,7151.2001953125,7181.5,28397000
2020-02-12,7151.39990234375,7194.60009765625,7151.2001953125,7185.2998046875,891872600
2020-02-13,7185.2998046875,7244.10009765625,7185.2998046875,7226.89990234375,971906200
2020-02-14,7204.60009765625,7235.60009765625,7199.7998046875,7227.10009765625,1016613100
2020-02-17,7227.10009765625,7234.89990234375,7202.2001953125,7221.2001953125,689372200
2020-02-18,7221.2001953125,7221.2001953125,7192.5,7208.2998046875,926902900
2020-02-19,7208.2998046875,7237.39990234375,7199.0,7237.39990234375,1215789700
2020-02-20,7237.39990234375,7289.7001953125,7237.39990234375,7255.2001953125,1106600300
2020-02-21,7255.2001953125,7255.7998046875,7227.7998046875,7230.39990234375,1390447000
2020-02-24,7065.39990234375,7065.39990234375,7065.39990234375,7065.39990234375,0
2020-02-25,7065.39990234375,7065.39990234375,6881.10009765625,6953.7998046875,1438159800
2020-02-26,6953.7998046875,6953.7998046875,6773.0,6790.7001953125,1523108200
2020-02-27,6790.7001953125,6810.2001953125,6712.7001953125,6737.39990234375,1427440100
2020-02-28,6737.39990234375,6737.39990234375,6498.7998046875,6511.5,2354588700
2020-03-02,6501.2998046875,6501.2998046875,6307.7998046875,6461.10009765625,1621386000
2020-03-03,6461.10009765625,6598.7998046875,6461.10009765625,6511.60009765625,1379263400
2020-03-04,6511.60009765625,6511.60009765625,6384.2998046875,6398.5,1327885200
2020-03-05,6398.5,6524.7001953125,6398.5,6472.39990234375,1287172500
2020-03-06,6472.39990234375,6472.39990234375,6287.5,6287.5,1294802300
2020-03-09,6287.2998046875,6287.2998046875,5822.39990234375,5822.39990234375,2067890000
2020-03-10,5822.39990234375,5995.7998046875,5600.5,5995.7998046875,2438605500
2020-03-11,5995.7998046875,6033.60009765625,5789.2998046875,5789.2998046875,2023522400
2020-03-12,5789.2998046875,5789.2998046875,5355.60009765625,5370.89990234375,2416880100
2020-03-13,5370.89990234375,5590.7001953125,4940.10009765625,5590.7001953125,2936470100
2020-03-16,5590.7001953125,5590.7001953125,5058.2001953125,5058.2001953125,2191019000
2020-03-17,5058.2001953125,5340.60009765625,5050.10009765625,5332.7998046875,2561325900
2020-03-18,5332.7998046875,5332.7998046875,4935.2998046875,4998.7998046875,2291827600
2020-03-19,4998.7998046875,5134.5,4768.7001953125,4809.39990234375,2488643000
2020-03-20,4809.39990234375,5042.2001953125,4809.39990234375,4854.2998046875,2595237000
2020-03-23,4564.10009765625,4564.10009765625,4564.10009765625,4564.10009765625,0
2020-03-24,4564.10009765625,4753.2998046875,4564.10009765625,4753.2998046875,1833386700
2020-03-25,4753.2998046875,5041.2998046875,4753.2998046875,5006.2001953125,1846893600
2020-03-26,5006.2001953125,5193.7998046875,5006.2001953125,5135.2001953125,1653819900
2020-03-27,5135.2001953125,5261.39990234375,4874.2001953125,4874.2001953125,2072977400
2020-03-30,4874.10009765625,5194.0,4862.2001953125,5194.0,1409217800
2020-03-31,5194.0,5385.2998046875,5043.39990234375,5110.60009765625,2016956500
2020-04-01,5110.60009765625,5301.2998046875,5110.60009765625,5290.7001953125,1368703700
2020-04-02,5290.7001953125,5290.7001953125,5100.10009765625,5188.7001953125,1393658100
2020-04-03,5188.7001953125,5282.60009765625,5063.5,5106.89990234375,1548105600
2020-04-06,5106.89990234375,5338.0,5106.89990234375,5323.60009765625,1273475800
2020-04-07,5323.60009765625,5464.2001953125,5237.0,5301.2998046875,1523457800
2020-04-08,5301.2998046875,5368.0,5176.0,5258.7998046875,1507546700
2020-04-09,5258.7998046875,5439.39990234375,5258.7998046875,5439.39990234375,1363194100
2020-04-14,5439.39990234375,5545.10009765625,5414.89990234375,5542.5,1698645200
2020-04-15,5542.5,5589.7001953125,5476.2998046875,5523.2998046875,1486574700
2020-04-16,5523.2998046875,5523.2998046875,5400.2998046875,5467.60009765625,1694575000
2020-04-17,5467.60009765625,5618.10009765625,5467.60009765625,5544.7001953125,1486163100
2020-04-20,5543.2001953125,5550.0,5414.7001953125,5414.7001953125,1185697800
2020-04-21,5414.7001953125,5414.7001953125,5271.2998046875,5278.60009765625,1326339300
2020-04-22,5278.60009765625,5305.10009765625,5156.0,5273.7998046875,1292673200
2020-04-23,5273.7998046875,5337.89990234375,5238.7998046875,5272.7998046875,1172142300
2020-04-24,5272.7998046875,5321.39990234375,5265.5,5300.7001953125,1044956200
2020-04-27,5300.7001953125,5397.7001953125,5283.2998046875,5388.2998046875,961888000
2020-04-28,5388.2998046875,5439.2998046875,5340.89990234375,5381.2001953125,1126246000
2020-04-29,5381.2001953125,5463.7998046875,5381.2001953125,5463.7998046875,1241964900
2020-04-30,5463.7998046875,5623.0,5463.7998046875,5597.7001953125,1664887500
2020-05-01,5597.7001953125,5597.7001953125,5325.0,5325.0,1378619600
2020-05-04,5325.0,5398.2001953125,5246.39990234375,5389.5,1217178000
2020-05-05,5389.5,5478.10009765625,5389.5,5478.10009765625,1009812300
2020-05-06,5478.10009765625,5483.2001953125,5424.5,5464.7998046875,418431800
2020-05-07,5464.7998046875,5468.2998046875,5428.60009765625,5449.89990234375,1067694900
2020-05-08,5449.89990234375,5521.2001953125,5449.89990234375,5488.0,1255940100
2020-05-11,5488.0,5587.39990234375,5488.0,5559.10009765625,1290803900
2020-05-12,5559.10009765625,5559.10009765625,5469.89990234375,5497.2998046875,1240427500
2020-05-13,5497.2998046875,5513.7001953125,5394.60009765625,5513.7001953125,1279046700
2020-05-14,5513.2998046875,5513.2998046875,5418.0,5418.0,1192666200
2020-05-15,5418.0,5499.60009765625,5418.0,5492.7998046875,1077501100
2020-05-18,5492.7998046875,5581.10009765625,5492.7998046875,5557.5,1140000000
2020-05-19,5557.5,5704.39990234375,5557.5,5658.7998046875,1257544300
2020-05-20,5658.7998046875,5693.39990234375,5608.2001953125,5680.10009765625,1111769100
2020-05-21,5680.10009765625,5721.89990234375,5653.7001953125,5660.89990234375,1190000000
2020-05-22,5660.89990234375,5682.5,5605.60009765625,5608.7998046875,1110646900
2020-05-25,5608.7998046875,5729.89990234375,5608.7998046875,5729.89990234375,995242500
2020-05-26,5729.89990234375,5889.89990234375,5729.89990234375,5889.89990234375,1461385100
2020-05-27,5889.89990234375,5941.7001953125,5820.89990234375,5884.89990234375,1801612900
2020-05-28,5884.89990234375,6029.89990234375,5884.89990234375,5957.7998046875,1668836800
2020-05-29,5957.7998046875,5957.7998046875,5870.7001953125,5872.2001953125,3067783700
2020-06-01,5872.2001953125,5938.39990234375,5823.5,5938.39990234375,1184008100
2020-06-02,5938.39990234375,5982.7001953125,5920.39990234375,5960.10009765625,1417716100
2020-06-03,5960.10009765625,6067.2998046875,5960.10009765625,6064.89990234375,1667446000
2020-06-04,6064.89990234375,6159.5,6062.7001953125,6112.0,1963276800
2020-06-05,6112.0,6134.89990234375,6082.7001953125,6116.5,1417835800
2020-06-09,6116.5,6314.60009765625,6116.5,6262.89990234375,1981579000
2020-06-10,6262.89990234375,6300.60009765625,6210.10009765625,6269.2998046875,1515742600
2020-06-11,6269.2998046875,6269.2998046875,6070.0,6079.5,1652638800
2020-06-12,6079.5,6079.5,5862.60009765625,5959.89990234375,2081144700
2020-06-15,5959.89990234375,5975.7001953125,5830.0,5830.0,1548717100
2020-06-16,5830.0,6088.89990234375,5830.0,6058.10009765625,1518264700
2020-06-17,6058.10009765625,6109.2001953125,6049.5,6109.10009765625,1402229200
2020-06-18,6109.10009765625,6109.10009765625,6005.10009765625,6051.89990234375,1548327400
2020-06-19,6051.89990234375,6125.89990234375,6051.89990234375,6061.60009765625,2713131700
2020-06-22,6061.60009765625,6085.0,5998.0,6058.0,1260127000
2020-06-23,6058.0,6118.10009765625,5996.60009765625,6069.2998046875,1429935200
2020-06-24,6069.2998046875,6107.89990234375,6057.39990234375,6081.60009765625,1535707900
2020-06-25,6081.60009765625,6081.60009765625,5928.0,5928.0,1450842200
2020-06-26,5928.0,6021.2001953125,5928.0,6011.7998046875,1354586600
2020-06-29,6011.7998046875,6011.7998046875,5875.5,5915.60009765625,1126709400
2020-06-30,5915.60009765625,6057.2998046875,5915.60009765625,6001.2998046875,1488430600
2020-07-01,6001.2998046875,6063.2998046875,6000.39990234375,6041.0,1150631300
2020-07-02,6041.0,6144.2001953125,6041.0,6142.2998046875,1218556400
2020-07-03,6142.2998046875,6209.2998046875,6128.7998046875,6163.7001953125,981157500
2020-07-06,6163.7001953125,6186.7998046875,6125.89990234375,6125.89990234375,899893500
2020-07-07,6125.89990234375,6192.89990234375,6118.39990234375,6126.7001953125,1148699700
2020-07-08,6126.7001953125,6131.2998046875,6034.2998046875,6034.2998046875,1158604100
2020-07-09,6034.2998046875,6117.89990234375,6034.2998046875,6074.89990234375,1079136400
2020-07-10,6074.89990234375,6076.5,6017.0,6036.2998046875,934589100
2020-07-13,6116.2998046875,6124.7001953125,6036.39990234375,6089.2998046875,1085361300
2020-07-14,6089.2998046875,6089.2998046875,6025.60009765625,6045.5,1001571600
2020-07-15,6045.5,6160.39990234375,6045.5,6160.39990234375,1004062900
2020-07-16,6160.39990234375,6186.39990234375,6102.5,6123.0,1004128000
2020-07-17,6123.0,6155.7001953125,6108.60009765625,6144.89990234375,872182500
2020-07-20,6144.89990234375,6151.0,6100.7001953125,6112.2998046875,827954200
2020-07-21,6112.2998046875,6272.2998046875,6112.2998046875,6268.7998046875,1119674300
2020-07-22,6268.7998046875,6268.7998046875,6173.2998046875,6192.60009765625,1008566000
2020-07-23,6192.60009765625,6221.7998046875,6171.7998046875,6213.89990234375,97538000
2020-07-24,6213.89990234375,6213.89990234375,6132.7998046875,6148.0,856041300
2020-07-27,6148.0,6170.89990234375,6138.89990234375,6169.60009765625,948324400
2020-07-28,6169.60009765625,6239.7998046875,6146.2998046875,6146.7998046875,1396454500
2020-07-29,6146.7998046875,6174.2001953125,6122.0,6128.0,993650000
2020-07-30,6128.0,6191.60009765625,6128.0,6177.5,992770000
2020-07-31,6177.5,6177.5,6023.60009765625,6058.2998046875,1237147200
2020-08-03,6058.2998046875,6075.2001953125,5992.39990234375,6053.89990234375,1040000000
2020-08-04,6053.89990234375,6188.7001953125,6053.89990234375,6166.5,991362900
2020-08-05,6166.5,6166.5,6099.5,6135.89990234375,962380000
2020-08-06,6135.89990234375,6186.7001953125,6135.89990234375,6180.2998046875,1020000000
2020-08-07,6180.2998046875,6180.2998046875,6133.39990234375,6144.89990234375,935627400
2020-08-10,6144.89990234375,6261.10009765625,6144.89990234375,6247.10009765625,944950000
2020-08-11,6247.10009765625,6319.7001953125,6247.10009765625,6272.10009765625,1066833700
2020-08-12,6272.10009765625,6282.2001953125,6228.10009765625,6257.0,1179687200
2020-08-13,6257.0,6286.7001953125,6209.39990234375,6223.89990234375,1169069000
2020-08-14,6223.89990234375,6271.89990234375,6223.89990234375,6261.7001953125,1048848800
2020-08-17,6261.7001953125,6261.7001953125,6200.0,6218.5,974500000
2020-08-18,6218.5,6283.60009765625,6218.5,6268.7001953125,1218229800
2020-08-19,6268.7001953125,6339.39990234375,6268.7001953125,6314.10009765625,1220153500
2020-08-20,6314.10009765625,6314.10009765625,6250.7998046875,6271.7001953125,1209701800
2020-08-21,6271.7001953125,6319.10009765625,6262.2998046875,6270.7001953125,1149851000
2020-08-24,6270.7001953125,6305.60009765625,6262.2001953125,6300.2998046875,1433187700
2020-08-25,6300.2998046875,6369.89990234375,6300.2998046875,6332.0,1355633800
2020-08-26,6331.10009765625,6331.10009765625,6258.89990234375,6294.5,1336691700
2020-08-27,6294.5,6342.60009765625,6294.5,6310.60009765625,1373712600
2020-08-28,6310.60009765625,6310.60009765625,6242.2998046875,6260.7998046875,1236917000
2020-08-31,6262.5,6277.39990234375,6245.89990234375,6245.89990234375,1452041900
2020-09-01,6245.89990234375,6245.89990234375,6097.0,6143.2001953125,1332413100
2020-09-02,6143.2001953125,6263.2998046875,6143.2001953125,6251.7998046875,1319115800
2020-09-03,6251.7998046875,6316.2001953125,6251.7998046875,6301.0,1124779200
2020-09-04,6301.0,6301.0,6102.0,6108.7998046875,1162597700
2020-09-07,6108.7998046875,6144.7998046875,6054.60009765625,6129.89990234375,895983900
2020-09-08,6129.89990234375,6210.5,6129.89990234375,6190.2001953125,1001584400
2020-09-09,6190.2001953125,6190.2001953125,6032.5,6058.89990234375,1139450500
2020-09-10,6058.89990234375,6139.7998046875,6058.39990234375,6090.0,1075075600
2020-09-11,6090.0,6090.0,6015.89990234375,6038.89990234375,928193000
2020-09-14,6038.89990234375,6081.2998046875,6038.89990234375,6078.5,981785100
2020-09-15,6078.5,6100.2998046875,6068.7998046875,6079.2998046875,1164963200
2020-09-16,6079.2998046875,6149.10009765625,6079.2998046875,6146.89990234375,1202550400
2020-09-17,6146.89990234375,6147.2998046875,6069.2001953125,6069.2001953125,1302431700
2020-09-18,6069.2001953125,6108.7001953125,6054.2998046875,6057.60009765625,2400240000
2020-09-21,6057.60009765625,6060.5,6000.10009765625,6013.5,1038976300
2020-09-22,6013.5,6013.5,5951.2998046875,5973.5,1244941200
2020-09-23,5973.5,6120.2001953125,5973.5,6111.2998046875,1178934600
2020-09-24,6111.2998046875,6111.2998046875,6009.89990234375,6056.5,1026257600
2020-09-25,6056.5,6149.39990234375,6056.5,6140.5,932064200
2020-09-28,6140.5,6157.39990234375,6121.7998046875,6134.89990234375,821559600
2020-09-29,6134.89990234375,6181.60009765625,6124.0,6141.5,920763000
2020-09-30,6141.39990234375,6141.39990234375,6009.2998046875,6009.2998046875,1246864300
2020-10-01,6009.2998046875,6111.2998046875,6009.2998046875,6069.39990234375,849277000
2020-10-02,6069.39990234375,6069.39990234375,5970.2998046875,5983.2001953125,1107436800
2020-10-05,5983.2001953125,6136.5,5983.2001953125,6135.10009765625,604950200
2020-10-06,6135.10009765625,6167.5,6110.39990234375,6164.2001953125,957832800
2020-10-07,6164.2001953125,6247.10009765625,6149.2001953125,6239.60009765625,918613900
2020-10-08,6239.60009765625,6328.5,6239.60009765625,6305.7998046875,964449100
2020-10-09,6305.7998046875,6335.7998046875,6293.7998046875,6312.5,879068000
2020-10-12,6312.5,6343.10009765625,6306.2001953125,6343.10009765625,796573900
2020-10-13,6343.10009765625,6418.5,6343.10009765625,6400.2001953125,922878100
2020-10-14,6400.2001953125,6404.7001953125,6380.2001953125,6387.39990234375,919030300
2020-10-15,6387.39990234375,6439.0,6387.39990234375,6414.2001953125,956503900
2020-10-16,6414.2001953125,6424.39990234375,6373.10009765625,6385.0,956985100
2020-10-19,6385.0,6455.60009765625,6385.0,6435.60009765625,760556000
2020-10-20,6435.60009765625,6447.0,6392.60009765625,6396.7998046875,936374900
2020-10-21,6396.7998046875,6418.0,6392.60009765625,6403.10009765625,1071335400
2020-10-22,6403.10009765625,6403.10009765625,6312.7001953125,6383.7001953125,1066792300
2020-10-23,6383.7001953125,6394.10009765625,6356.60009765625,6373.7001953125,832932100
2020-10-26,6373.7001953125,6415.2998046875,6356.60009765625,6357.2998046875,898386300
2020-10-27,6357.2998046875,6357.2998046875,6229.2998046875,6247.2001953125,1054456500
2020-10-28,6247.2001953125,6279.7001953125,6219.10009765625,6261.7998046875,940273700
2020-10-29,6261.7998046875,6261.7998046875,6145.7998046875,6168.0,993541800
2020-10-30,6168.0,6195.0,6132.39990234375,6133.2001953125,1236425000
2020-11-02,6133.2001953125,6158.2998046875,6105.39990234375,6147.39990234375,868523400
2020-11-03,6147.39990234375,6286.39990234375,6147.39990234375,6262.7998046875,890606100
2020-11-04,6262.7998046875,6297.5,6184.10009765625,6265.0,1004506300
2020-11-05,6265.0,6347.0,6265.0,6344.0,1258433700
2020-11-06,6344.0,6409.7998046875,6344.0,6395.0,934117500
2020-11-09,6395.0,6517.7001953125,6395.0,6515.7001953125,961094700
2020-11-10,6515.7001953125,6647.2001953125,6515.7001953125,6544.0,1727019000
2020-11-11,6544.0,6652.2998046875,6544.0,6651.10009765625,1393471900
2020-11-12,6651.10009765625,6673.7998046875,6601.89990234375,6619.39990234375,1137476000
2020-11-13,6619.60009765625,6619.60009765625,6581.60009765625,6609.2998046875,940930800
2020-11-16,6609.2998046875,6690.10009765625,6609.2998046875,6687.0,76472000
2020-11-17,6687.0,6730.10009765625,6687.0,6697.7998046875,1397418000
2020-11-18,6697.7998046875,6738.2998046875,6694.5,6726.5,1131807800
2020-11-19,6726.5,6742.7001953125,6695.39990234375,6742.7001953125,1064496900
2020-11-20,6742.7001953125,6762.2001953125,6735.0,6739.89990234375,967910000
2020-11-23,6772.0,6845.2001953125,6772.0,6841.10009765625,209934000
2020-11-24,6772.0,6870.89990234375,6772.0,6855.5,1287361300
2020-11-25,6855.5,6923.10009765625,6855.5,6888.2001953125,1408672100
2020-11-26,6888.2001953125,6893.5,6848.10009765625,6848.7998046875,958479300
2020-11-27,6848.7998046875,6848.7998046875,6803.5,6816.7998046875,758846100
2020-11-30,6816.7998046875,6860.7998046875,6742.10009765625,6742.10009765625,1642592500
2020-12-01,6742.10009765625,6833.7998046875,6732.60009765625,6812.2001953125,993594700
2020-12-02,6812.2001953125,6840.7998046875,6784.39990234375,6811.2998046875,1024029300
2020-12-03,6811.2998046875,6861.7001953125,6811.2998046875,6847.2998046875,986919400
2020-12-04,6847.2998046875,6879.39990234375,6846.39990234375,6865.2998046875,872833200
2020-12-07,6874.7998046875,6948.0,6874.7998046875,6908.89990234375,955908900
2020-12-08,6908.89990234375,6933.2001953125,6894.7001953125,6922.2001953125,1096358500
2020-12-09,6922.2001953125,6980.0,6922.2001953125,6965.39990234375,890192000
2020-12-10,6965.39990234375,6965.39990234375,6912.5,6917.10009765625,1011392500
2020-12-11,6917.10009765625,6921.89990234375,6874.0,6886.39990234375,993423100
2020-12-14,6886.39990234375,6932.89990234375,6886.39990234375,6900.2998046875,862867600
2020-12-15,6900.2998046875,6900.2998046875,6857.5,6866.7001953125,1004612800
2020-12-16,6866.7001953125,6954.60009765625,6866.7001953125,6916.7001953125,1008902400
2020-12-17,6916.7001953125,7000.10009765625,6916.7001953125,7000.10009765625,1150285100
2020-12-18,7000.10009765625,7009.7001953125,6924.10009765625,6924.10009765625,2012087600
2020-12-21,6924.10009765625,6926.0,6883.39990234375,6920.0,857593500
2020-12-22,6920.0,6920.0,6831.2998046875,6845.5,854750800
2020-12-23,6845.5,6910.7001953125,6845.5,6892.60009765625,694790500
2020-12-24,6892.60009765625,6953.60009765625,6892.60009765625,6917.5,418443800
2020-12-29,6917.5,6978.7998046875,6917.5,6962.10009765625,671628800
2020-12-30,6962.10009765625,6962.10009765625,6889.5,6942.89990234375,595004800
2020-12-31,6942.89990234375,6943.2998046875,6850.60009765625,6850.60009765625,476277500
2021-01-04,6850.60009765625,6953.7001953125,6850.60009765625,6953.7001953125,664272900
2021-01-05,6953.7001953125,6955.7001953125,6904.7001953125,6955.7001953125,828769600
2021-01-06,6955.7001953125,6959.10009765625,6864.7998046875,6881.39990234375,840514300
2021-01-07,6881.39990234375,7002.10009765625,6881.39990234375,6980.5,889453100
2021-01-08,6980.5,7024.2001953125,6980.5,7024.2001953125,766250700
2021-01-11,7024.2001953125,7027.0,6952.7001953125,6959.5,783774600
2021-01-12,6959.5,6992.2998046875,6939.10009765625,6939.10009765625,729830200
2021-01-13,6939.10009765625,6958.2001953125,6924.7998046875,6953.89990234375,846851900
2021-01-14,6953.89990234375,6991.2998046875,6936.2001953125,6982.7001953125,803167300
2021-01-15,6982.7001953125,7019.89990234375,6982.7001953125,6986.7998046875,856153100
2021-01-18,6986.0,6986.0,6923.39990234375,6935.39990234375,695258900
2021-01-19,6935.39990234375,7019.2001953125,6935.39990234375,7015.0,746872000
2021-01-20,7015.0,7064.39990234375,7015.0,7051.0,833932500
2021-01-21,7051.0,7113.60009765625,7051.0,7107.10009765625,998445800
2021-01-22,7107.10009765625,7108.2001953125,7072.89990234375,7078.89990234375,967317000
2021-01-25,7078.89990234375,7118.60009765625,7078.89990234375,7111.39990234375,654733700
2021-01-27,7111.39990234375,7111.39990234375,7046.0,7060.2001953125,1025612700
2021-01-28,7060.2001953125,7060.2001953125,6867.0,6917.60009765625,1100983700
2021-01-29,6917.60009765625,7001.39990234375,6849.5,6870.89990234375,1234493600
2021-02-01,6870.89990234375,6933.2998046875,6770.7998046875,6922.7998046875,1003009400
2021-02-02,6922.7998046875,7038.7998046875,6922.7998046875,7027.5,909143900
2021-02-03,7027.5,7116.39990234375,7027.5,7090.89990234375,990657200
2021-02-04,7090.89990234375,7098.39990234375,7029.39990234375,7037.89990234375,812096400
2021-02-05,7037.89990234375,7120.89990234375,7037.89990234375,7112.89990234375,824492500
2021-02-08,7112.89990234375,7181.2001953125,7112.89990234375,7160.7998046875,799051100
2021-02-09,7160.7998046875,7181.5,7102.10009765625,7102.10009765625,902599400
2021-02-10,7102.10009765625,7144.7001953125,7102.10009765625,7133.7998046875,807840600
2021-02-11,7133.7998046875,7150.39990234375,7114.7998046875,7122.10009765625,774732000
2021-02-12,7122.10009765625,7127.5,7076.10009765625,7081.2998046875,668096600
2021-02-15,7081.2998046875,7162.7998046875,7081.2998046875,7149.7001953125,848328500
2021-02-16,7149.7001953125,7194.7001953125,7149.7001953125,7189.2998046875,948373000
2021-02-17,7189.2998046875,7207.7001953125,7134.7998046875,7158.7998046875,1128404100
2021-02-18,7158.7998046875,7187.39990234375,7143.0,7155.5,1088000800
2021-02-19,7155.5,7156.89990234375,7039.2001953125,7064.0,1006170100
2021-02-22,7064.0,7098.2001953125,7053.89990234375,7061.60009765625,982868000
2021-02-23,7061.60009765625,7110.7998046875,7041.60009765625,7110.7998046875,1170486300
2021-02-24,7110.7998046875,7110.7998046875,7035.39990234375,7049.39990234375,1041173300
2021-02-25,7049.39990234375,7127.60009765625,7049.39990234375,7105.7001953125,1113993600
2021-02-26,7105.7001953125,7105.7001953125,6921.89990234375,6940.60009765625,1424888600
2021-03-01,6940.60009765625,7043.5,6931.2001953125,7042.7001953125,1130707300
2021-03-02,7042.7001953125,7119.2001953125,7009.89990234375,7009.89990234375,1110036500
2021-03-03,7009.89990234375,7068.39990234375,7009.89990234375,7067.89990234375,952105900
2021-03-04,7067.89990234375,7067.89990234375,6950.2001953125,7000.60009765625,1070361800
2021-03-05,7000.60009765625,7000.60009765625,6887.7001953125,6943.0,1111169100
2021-03-08,6943.0,7069.2998046875,6943.0,6971.60009765625,877288400
2021-03-09,6971.60009765625,7033.7001953125,6971.60009765625,7000.39990234375,1034324600
2021-03-10,7000.39990234375,7038.60009765625,6947.2001953125,6947.2001953125,1084123800
2021-03-11,6947.2001953125,6992.0,6885.10009765625,6952.89990234375,906895000
2021-03-12,6952.89990234375,7025.39990234375,6952.89990234375,7014.60009765625,779523700
2021-03-15,7014.60009765625,7036.7001953125,6976.10009765625,7019.10009765625,819830300
2021-03-16,7019.10009765625,7109.39990234375,7014.89990234375,7079.0,923276300
2021-03-17,7079.0,7079.0,7016.60009765625,7048.0,854597300
2021-03-18,7048.0,7061.89990234375,7002.39990234375,7003.60009765625,1041932700
2021-03-19,7003.60009765625,7003.60009765625,6925.2001953125,6959.60009765625,2123517100
2021-03-22,6959.60009765625,7006.0,6938.5,6995.0,902505300
2021-03-23,6995.0,7028.60009765625,6981.89990234375,6986.60009765625,891739800
2021-03-24,6986.60009765625,7034.89990234375,6974.2001953125,7013.89990234375,856818600
2021-03-25,7013.89990234375,7036.7998046875,7003.2001953125,7022.60009765625,880689100
2021-03-26,7022.60009765625,7071.2998046875,7022.60009765625,7063.10009765625,864029900
2021-03-29,7063.10009765625,7100.2001953125,7030.5,7036.39990234375,822782000
2021-03-30,7036.39990234375,7068.7001953125,6969.60009765625,6969.7998046875,838985700
2021-03-31,6969.7998046875,7088.2001953125,6969.7998046875,7017.0,1056427000
2021-04-01,7017.0,7065.5,7015.2001953125,7064.2001953125,766867600
2021-04-06,7064.2001953125,7158.2998046875,7064.2001953125,7133.89990234375,850836300
2021-04-07,7133.89990234375,7182.89990234375,7133.89990234375,7177.39990234375,955136300
2021-04-08,7177.39990234375,7260.60009765625,7177.39990234375,7250.2998046875,916138900
2021-04-09,7250.2998046875,7252.2998046875,7221.60009765625,7252.2998046875,868183700
2021-04-12,7253.7998046875,7253.7998046875,7209.2001953125,7225.2001953125,825256400
2021-04-13,7225.2001953125,7251.2001953125,7217.89990234375,7231.0,774725600
2021-04-14,7231.0,7284.7998046875,7231.0,7280.60009765625,1255815600
2021-04-15,7280.60009765625,7331.10009765625,7248.39990234375,7317.5,1008787300
2021-04-16,7317.5,7325.89990234375,7292.10009765625,7325.7998046875,961396600
2021-04-19,7325.7998046875,7358.7998046875,7325.7998046875,7328.0,819198100
2021-04-20,7328.0,7329.7998046875,7273.0,7282.10009765625,842703000
2021-04-21,7282.10009765625,7282.10009765625,7166.2001953125,7258.89990234375,1063551900
2021-04-22,7258.89990234375,7312.0,7253.2001953125,7312.0,990647800
2021-04-23,7312.0,7320.7001953125,7293.10009765625,7320.7001953125,814150000
2021-04-26,7320.7001953125,7334.39990234375,7307.2001953125,7307.7998046875,690278600
2021-04-27,7307.7998046875,7316.5,7270.10009765625,7295.5,908293800
2021-04-28,7295.60009765625,7334.5,7291.60009765625,7320.0,962912000
2021-04-29,7320.0,7358.2001953125,7320.0,7346.0,965968300
2021-04-30,7346.0,7346.0,7278.10009765625,7290.7001953125,966526800
2021-05-03,7290.7001953125,7329.60009765625,7280.2001953125,7286.7998046875,761029700
2021-05-04,7286.7998046875,7323.5,7286.7998046875,7323.5,836158500
2021-05-05,7323.5,7371.0,7303.89990234375,7344.2001953125,853994500
2021-05-06,7344.2001953125,7359.7998046875,7287.0,7306.0,1010012900
2021-05-07,7306.0,7345.2001953125,7299.7001953125,7325.2001953125,855567600
2021-05-10,7325.2001953125,7419.7998046875,7321.0,7419.7998046875,954823100
2021-05-11,7419.7998046875,7419.7998046875,7311.89990234375,7331.60009765625,887298800
2021-05-12,7331.60009765625,7332.0,7242.39990234375,7281.10009765625,983456100
2021-05-13,7281.10009765625,7281.10009765625,7193.2001953125,7209.0,937712500
2021-05-14,7209.0,7281.39990234375,7209.0,7239.39990234375,825354000
2021-05-17,7239.39990234375,7297.2001953125,7239.39990234375,7255.7998046875,755818500
2021-05-18,7255.7998046875,7314.7001953125,7255.7998046875,7299.10009765625,923042900
2021-05-19,7299.10009765625,7299.10009765625,7154.0,7165.7001953125,1049135900
2021-05-20,7252.60009765625,7252.60009765625,7252.60009765625,7252.60009765625,0
2021-05-21,7252.60009765625,7290.7001953125,7234.39990234375,7265.2998046875,917019700
2021-05-24,7265.2998046875,7296.5,7245.7998046875,7276.0,753765300
2021-05-25,7276.0,7349.10009765625,7276.0,7349.10009765625,821401200
2021-05-26,7349.10009765625,7374.39990234375,7325.2001953125,7331.60009765625,886004200
2021-05-27,7331.60009765625,7365.7001953125,7322.7001953125,7344.0,2203539800
2021-05-28,7344.0,7431.39990234375,7344.0,7424.0,1085086100
2021-05-31,7424.0,7448.2998046875,7402.2001953125,7406.7001953125,912032100
2021-06-01,7406.7001953125,7411.2001953125,7366.7998046875,7392.10009765625,760949300
2021-06-02,7392.10009765625,7469.60009765625,7392.10009765625,7468.89990234375,976864500
2021-06-03,7468.89990234375,7530.2001953125,7468.89990234375,7510.7001953125,1000423900
2021-06-04,7510.7001953125,7548.2001953125,7491.2998046875,7543.2998046875,992577900
2021-06-07,7543.2998046875,7561.2001953125,7520.2001953125,7531.60009765625,798863600
2021-06-08,7531.60009765625,7567.10009765625,7519.2001953125,7542.2998046875,896362400
2021-06-09,7542.2998046875,7586.7998046875,7522.0,7522.0,976722000
2021-06-10,7522.0,7569.7001953125,7517.7001953125,7558.7998046875,998544500
2021-06-11,7558.7998046875,7593.39990234375,7537.2001953125,7577.2001953125,921304200
2021-06-15,7577.2001953125,7653.10009765625,7577.2001953125,7633.0,1019713200
2021-06-16,7633.0,7655.89990234375,7620.60009765625,7633.39990234375,999010500
2021-06-17,7633.39990234375,7633.39990234375,7583.60009765625,7600.5,1114474600
2021-06-18,7600.5,7652.5,7580.39990234375,7624.2998046875,1841672800
2021-06-21,7624.2998046875,7624.2998046875,7467.7001953125,7485.2001953125,968680000
2021-06-22,7485.2001953125,7616.0,7485.2001953125,7592.7001953125,1103925600
2021-06-23,7592.7001953125,7594.7001953125,7547.39990234375,7552.10009765625,973445600
2021-06-24,7552.10009765625,7559.39990234375,7520.7001953125,7539.10009765625,1024389900
2021-06-25,7539.10009765625,7594.2001953125,7539.10009765625,7578.60009765625,1074366000
2021-06-28,7578.60009765625,7580.2001953125,7540.7998046875,7572.5,884230500
2021-06-29,7573.2998046875,7573.2998046875,7506.2998046875,7565.5,852021000
2021-06-30,7565.5,7634.2001953125,7565.5,7585.0,1102953200
2021-07-01,7585.0,7590.39990234375,7541.5,7541.5,935373300
2021-07-02,7541.5,7587.7001953125,7541.5,7587.10009765625,877281500
2021-07-05,7587.10009765625,7619.60009765625,7584.5,7589.0,942349600
2021-07-06,7589.0,7620.10009765625,7531.39990234375,7531.39990234375,970250800
2021-07-07,7531.39990234375,7604.89990234375,7525.89990234375,7599.2998046875,1071333900
2021-07-08,7599.2998046875,7654.0,7599.2998046875,7614.89990234375,873023300
2021-07-09,7614.89990234375,7614.89990234375,7498.89990234375,7545.2998046875,909386500
2021-07-12,7545.2998046875,7625.7998046875,7545.2998046875,7604.89990234375,831189400
2021-07-13,7604.89990234375,7656.2998046875,7604.89990234375,7612.2001953125,955831600
2021-07-14,7612.2001953125,7645.10009765625,7605.10009765625,7631.7998046875,882762000
2021-07-15,7631.7998046875,7644.7998046875,7604.0,7616.60009765625,1032360700
2021-07-16,7616.60009765625,7630.7001953125,7597.2998046875,7630.7001953125,979316200
2021-07-19,7630.7001953125,7630.7001953125,7528.5,7559.7001953125,910807600
2021-07-20,7559.7001953125,7559.7001953125,7478.0,7525.7998046875,1043975600
2021-07-21,7525.7998046875,7630.10009765625,7525.7998046875,7580.89990234375,922291100
2021-07-22,7580.89990234375,7659.2001953125,7580.89990234375,7658.89990234375,0
2021-07-23,7658.89990234375,7676.2001953125,7632.2001953125,7670.89990234375,846002300
2021-07-26,7670.89990234375,7694.7998046875,7666.60009765625,7670.5,944657500
2021-07-27,7670.5,7722.0,7670.5,7704.0,947282500
2021-07-28,7704.0,7704.0,7640.10009765625,7649.60009765625,936096500
2021-07-29,7649.60009765625,7695.2001953125,7649.60009765625,7695.2001953125,903402400
2021-07-30,7695.2001953125,7713.2998046875,7659.7001953125,7664.2001953125,999790100
2021-08-02,7689.2998046875,7777.10009765625,7688.5,7760.5,915827700
2021-08-03,7760.5,7767.10009765625,7731.10009765625,7750.5,947588900
2021-08-04,7750.5,7785.10009765625,7750.5,7778.7001953125,894573600
2021-08-05,7778.7001953125,7797.5,7769.10009765625,7779.60009765625,899280600
2021-08-06,7779.60009765625,7806.5,7765.0,7806.5,898853100
2021-08-09,7805.89990234375,7831.2998046875,7799.60009765625,7804.2998046875,967348400
2021-08-10,7804.2998046875,7841.7998046875,7804.2998046875,7830.39990234375,934817700
2021-08-11,7830.39990234375,7882.7998046875,7830.39990234375,7854.60009765625,1085190200
2021-08-12,7854.60009765625,7876.7001953125,7844.2001953125,7860.5,1046391800
2021-08-13,7860.5,7902.2001953125,7858.89990234375,7897.7001953125,974246900
2021-08-16,7897.7001953125,7897.7001953125,7849.60009765625,7849.60009765625,1094182100
2021-08-17,7849.60009765625,7849.60009765625,7759.2001953125,7773.2998046875,929792500
2021-08-18,7773.2998046875,7796.2001953125,7734.89990234375,7770.7001953125,1030237300
2021-08-19,7770.7001953125,7770.7001953125,7700.39990234375,7735.2998046875,1135993800
2021-08-20,7735.2998046875,7779.39990234375,7716.2998046875,7725.10009765625,1155029700
2021-08-23,7725.10009765625,7765.2001953125,7725.10009765625,7761.10009765625,1001387100
2021-08-24,7761.10009765625,7796.2998046875,7761.10009765625,7773.7001953125,1122035700
2021-08-25,7773.7001953125,7818.89990234375,7773.7001953125,7809.60009765625,1147633400
2021-08-26,7809.60009765625,7809.60009765625,7759.60009765625,7770.39990234375,1167734600
2021-08-27,7770.39990234375,7770.39990234375,7740.39990234375,7760.10009765625,1116344900
2021-08-30,7760.10009765625,7807.39990234375,7758.89990234375,7788.60009765625,1062115700
2021-08-31,7788.60009765625,7841.7998046875,7788.60009765625,7823.2998046875,1280280000
2021-09-01,7823.2998046875,7823.2998046875,7750.5,7813.0,1041084500
2021-09-02,7813.0,7813.0,7734.2001953125,7783.7998046875,1062252200
2021-09-03,7783.7998046875,7840.7001953125,7783.60009765625,7826.7001953125,1141348500
2021-09-06,7826.7001953125,7826.7001953125,7742.0,7823.7998046875,1285880300
2021-09-07,7823.7998046875,7833.39990234375,7783.7001953125,7826.39990234375,994680100
2021-09-08,7826.39990234375,7826.39990234375,7772.7998046875,7807.5,1138044900
2021-09-09,7807.5,7807.5,7635.7998046875,7658.89990234375,1196353500
2021-09-10,7658.89990234375,7722.5,7658.89990234375,7706.2001953125,1009024000
2021-09-13,7706.2001953125,7735.5,7691.0,7726.10009765625,1140033000
2021-09-14,7726.10009765625,7746.7998046875,7691.10009765625,7740.2998046875,1280182400
2021-09-15,7740.2998046875,7740.2998046875,7685.7998046875,7723.2001953125,1267920800
2021-09-16,7723.2001953125,7789.60009765625,7723.2001953125,7759.7998046875,1455970100
2021-09-17,7759.7998046875,7759.7998046875,7677.39990234375,7702.89990234375,3359218700
2021-09-20,7691.10009765625,7691.10009765625,7521.89990234375,7537.89990234375,1290617600
2021-09-21,7537.89990234375,7575.2001953125,7474.10009765625,7563.10009765625,1252759500
2021-09-22,7563.10009765625,7634.60009765625,7534.0,7593.7998046875,1079500500
2021-09-23,7593.7998046875,7695.7998046875,7593.7998046875,7681.2998046875,1189752800
2021-09-24,7681.2998046875,7689.7001953125,7642.60009765625,7649.2998046875,1091592600
2021-09-27,7649.2998046875,7725.2998046875,7649.2998046875,7690.7001953125,1090661000
2021-09-28,7690.39990234375,7690.39990234375,7580.7001953125,7581.10009765625,1209689800
2021-09-29,7581.10009765625,7581.10009765625,7446.5,7500.2001953125,1298306200
2021-09-30,7500.2001953125,7629.7001953125,7500.2001953125,7629.7001953125,1221123100
2021-10-01,7629.7001953125,7629.7001953125,7457.60009765625,7486.60009765625,1201623900
2021-10-04,7486.60009765625,7607.0,7486.60009765625,7576.7998046875,760548600
2021-10-05,7576.7998046875,7576.7998046875,7486.0,7536.5,1237890900
2021-10-06,7536.5,7570.39990234375,7473.2998046875,7496.2001953125,1220510900
2021-10-07,7496.2001953125,7559.10009765625,7496.2001953125,7551.2001953125,1109868900
2021-10-08,7551.2001953125,7618.5,7551.2001953125,7617.2998046875,998838600
2021-10-11,7617.2998046875,7617.2998046875,7548.0,7601.10009765625,1084622200
2021-10-12,7601.10009765625,7629.39990234375,7554.7998046875,7575.60009765625,1153652900
2021-10-13,7575.60009765625,7595.10009765625,7556.7001953125,7571.89990234375,1083320500
2021-10-14,7571.89990234375,7666.2998046875,7571.89990234375,7620.2001953125,1190859400
2021-10-15,7620.2001953125,7684.0,7620.2001953125,7674.2001953125,986274800
2021-10-18,7674.2001953125,7705.7998046875,7665.2001953125,7689.7001953125,978624900
2021-10-19,7689.7001953125,7718.89990234375,7684.2001953125,7690.2001953125,1005704100
2021-10-20,7690.2001953125,7765.0,7690.2001953125,7727.2001953125,1142891100
2021-10-21,7727.2001953125,7759.0,7716.2001953125,7728.5,1142948200
2021-10-22,7728.5,7745.39990234375,7704.2998046875,7726.7998046875,999187600
2021-10-25,7726.7998046875,7779.7998046875,7725.5,7754.2998046875,848068000
2021-10-26,7754.2998046875,7786.10009765625,7754.2998046875,7759.2998046875,890655700
2021-10-27,7759.2998046875,7785.60009765625,7731.7998046875,7758.0,952749500
2021-10-28,7758.0,7758.0,7712.60009765625,7739.7001953125,949442200
2021-10-29,7739.7001953125,7756.89990234375,7634.10009765625,7639.10009765625,1110066600
2021-11-01,7639.10009765625,7710.2998046875,7639.10009765625,7692.2001953125,989091900
2021-11-02,7692.2001953125,7719.2998046875,7636.89990234375,7646.60009765625,819874200
2021-11-03,7646.60009765625,7752.2998046875,7646.60009765625,7713.0,962955300
2021-11-04,7713.0,7746.2998046875,7713.0,7746.2998046875,1151008500
2021-11-05,7746.2998046875,7797.7998046875,7743.5,7777.2001953125,945144500
2021-11-08,7777.2001953125,7797.39990234375,7748.5,7767.89990234375,1003970400
2021-11-09,7767.89990234375,7789.5,7756.2998046875,7756.2998046875,1008437500
2021-11-10,7756.2998046875,7774.89990234375,7725.0,7737.39990234375,962899300
2021-11-11,7737.39990234375,7737.39990234375,7647.5,7701.2001953125,1036106700
2021-11-12,7701.2001953125,7787.39990234375,7701.2001953125,7765.7998046875,1083840500
2021-11-15,7765.7998046875,7809.39990234375,7762.7001953125,7798.2001953125,962171400
2021-11-16,7798.2001953125,7798.2001953125,7730.7998046875,7747.10009765625,1060159900
2021-11-17,7747.10009765625,7763.89990234375,7679.10009765625,7704.0,1037934900
2021-11-18,7704.0,7731.2001953125,7678.89990234375,7713.2001953125,1027766400
2021-11-19,7713.2001953125,7736.39990234375,7709.0,7729.89990234375,825160600
2021-11-22,7729.89990234375,7729.89990234375,7672.10009765625,7688.2998046875,914716900
2021-11-23,7688.2998046875,7747.89990234375,7688.2998046875,7741.7001953125,1009741000
2021-11-24,7741.7001953125,7750.2998046875,7707.2998046875,7725.5,937009300
2021-11-25,7725.5,7743.5,7702.2998046875,7736.89990234375,963784900
2021-11-26,7736.89990234375,7736.89990234375,7583.10009765625,7599.89990234375,950538500
2021-11-29,7599.89990234375,7599.89990234375,7482.7998046875,7562.5,1333434700
2021-11-30,7562.5,7661.7001953125,7562.5,7587.39990234375,2019504700
2021-12-01,7587.39990234375,7588.2998046875,7507.60009765625,7557.7998046875,975596100
2021-12-02,7557.7998046875,7557.7998046875,7487.2001953125,7536.10009765625,1060027400
2021-12-03,7536.10009765625,7598.7001953125,7514.7998046875,7543.60009765625,977410500
2021-12-06,7543.60009765625,7550.2001953125,7496.7998046875,7529.0,1134440500
2021-12-07,7529.0,7617.60009765625,7529.0,7605.2001953125,988651300
2021-12-08,7605.2001953125,7744.2998046875,7605.2001953125,7707.2001953125,1012567700
2021-12-09,7707.2001953125,7724.0,7681.60009765625,7689.39990234375,849877200
2021-12-10,7689.39990234375,7689.39990234375,7642.7001953125,7667.89990234375,1023707100
2021-12-13,7667.89990234375,7732.10009765625,7667.89990234375,7697.5,852629400
2021-12-14,7697.5,7713.10009765625,7660.60009765625,7698.2998046875,1032858000
2021-12-15,7698.2998046875,7698.2998046875,7635.10009765625,7636.2001953125,877312200
2021-12-16,7636.2001953125,7644.2998046875,7592.39990234375,7618.5,1160290200
2021-12-17,7618.5,7668.5,7618.5,7626.2001953125,2339372300
2021-12-20,7625.7998046875,7625.7998046875,7571.7998046875,7602.2001953125,838710700
2021-12-21,7602.2001953125,7669.2998046875,7597.10009765625,7666.7001953125,833152600
2021-12-22,7666.7001953125,7688.0,7650.5,7682.60009765625,756175300
2021-12-23,7682.60009765625,7722.2998046875,7681.89990234375,7707.5,619030000
2021-12-24,7707.5,7759.7998046875,7707.5,7744.7001953125,345308700
2021-12-29,7744.7001953125,7847.2998046875,7744.7001953125,7840.2998046875,701289600
2021-12-30,7840.2998046875,7847.89990234375,7826.2001953125,7843.7001953125,577490600
2021-12-31,7843.7001953125,7845.39990234375,7779.2001953125,7779.2001953125,450764900
2022-01-04,7779.2001953125,7930.60009765625,7779.2001953125,7926.7998046875,822312300
2022-01-05,7926.7998046875,7956.2998046875,7897.10009765625,7899.60009765625,775963300
2022-01-06,7899.60009765625,7899.60009765625,7660.89990234375,7679.2998046875,929692400
2022-01-07,7679.2998046875,7805.7001953125,7679.2998046875,7774.39990234375,733907300
2022-01-10,7774.39990234375,7780.2998046875,7727.5,7766.10009765625,674499500
2022-01-11,7766.10009765625,7766.10009765625,7698.7998046875,7710.7001953125,834171800
2022-01-12,7710.7001953125,7787.60009765625,7710.7001953125,7762.2001953125,873019700
2022-01-13,7762.2001953125,7811.2001953125,7762.2001953125,7797.5,972169300
2022-01-14,7797.5,7797.5,7711.2998046875,7717.10009765625,1026596200
2022-01-17,7717.10009765625,7751.5,7708.2001953125,7739.2998046875,813630000
2022-01-18,7739.2998046875,7771.60009765625,7725.2998046875,7735.7998046875,944001300
2022-01-19,7735.7998046875,7735.7998046875,7650.10009765625,7656.60009765625,1051789600
2022-01-20,7656.60009765625,7676.89990234375,7624.89990234375,7668.89990234375,1117791000
2022-01-21,7668.89990234375,7668.89990234375,7468.0,7490.10009765625,1426069100
2022-01-24,7488.0,7488.0,7387.39990234375,7441.5,1206286300
2022-01-25,7441.5,7441.5,7205.89990234375,7248.10009765625,1717659200
2022-01-27,7248.10009765625,7334.39990234375,7031.89990234375,7114.5,1749098500
2022-01-28,7114.5,7279.39990234375,7113.60009765625,7266.2998046875,2589166300
2022-01-31,7266.2998046875,7298.39990234375,7217.2001953125,7268.2998046875,1070490200
2022-02-01,7268.2998046875,7349.5,7252.0,7312.7998046875,1009843000
2022-02-02,7312.7998046875,7417.7001953125,7312.7998046875,7399.60009765625,950314900
2022-02-03,7399.60009765625,7405.89990234375,7345.2998046875,7374.60009765625,926516700
2022-02-04,7374.60009765625,7418.89990234375,7343.0,7418.89990234375,1149547500
2022-02-07,7418.7998046875,7431.60009765625,7347.0,7414.2001953125,882995600
2022-02-08,7414.2001953125,7506.89990234375,7414.2001953125,7489.0,1083741000
2022-02-09,7489.0,7572.7998046875,7486.7998046875,7572.7998046875,1297304900
2022-02-10,7572.7998046875,7646.7001953125,7566.7998046875,7595.5,1228289900
2022-02-11,7595.5,7599.7998046875,7488.89990234375,7515.7998046875,896862200
2022-02-14,7515.7998046875,7554.0,7478.2001953125,7535.10009765625,1107133500
2022-02-15,7535.10009765625,7541.60009765625,7482.7001953125,7490.2998046875,1093662700
2022-02-16,7490.2998046875,7573.0,7487.7001953125,7573.0,1153301900
2022-02-17,7573.0,7640.39990234375,7563.7001953125,7574.7998046875,1138571000
2022-02-18,7574.7998046875,7574.7998046875,7479.0,7502.7998046875,1127088800
2022-02-21,7502.7998046875,7521.39990234375,7427.7001953125,7507.0,0
2022-02-22,7507.0,7507.0,7370.5,7422.2001953125,1305016700
2022-02-23,7422.2001953125,7473.89990234375,7406.60009765625,7473.89990234375,1223398300
2022-02-24,7473.89990234375,7473.89990234375,7225.0,7253.10009765625,1704536900
2022-02-25,7253.10009765625,7315.60009765625,7250.0,7273.60009765625,1366595600
2022-02-28,7273.7001953125,7323.7001953125,7249.39990234375,7323.2001953125,1454099500
2022-03-01,7323.2001953125,7442.7998046875,7323.2001953125,7385.2998046875,1274543900
2022-03-02,7385.2998046875,7409.2998046875,7328.60009765625,7406.2998046875,1331140300
2022-03-03,7406.2998046875,7491.2998046875,7406.2998046875,7446.7998046875,1263599200
2022-03-04,7446.7998046875,7446.7998046875,7308.60009765625,7395.2998046875,1392860200
2022-03-07,7395.2998046875,7421.7001953125,7293.10009765625,7321.2001953125,1566665300
2022-03-08,7321.2001953125,7331.10009765625,7252.89990234375,7252.89990234375,1519230600
2022-03-09,7252.89990234375,7350.10009765625,7242.7998046875,7331.7998046875,1510241700
2022-03-10,7331.7998046875,7443.5,7320.7001953125,7410.89990234375,1482868200
2022-03-11,7410.89990234375,7429.7001953125,7327.0,7339.2998046875,1280227600
2022-03-14,7339.2998046875,7423.2001953125,7339.2998046875,7422.2001953125,980249700
2022-03-15,7422.2001953125,7422.2001953125,7339.89990234375,7356.10009765625,1176807200
2022-03-16,7356.10009765625,7441.60009765625,7356.10009765625,7435.7998046875,1039797300
2022-03-17,7435.7998046875,7567.7998046875,7435.7998046875,7521.60009765625,1284007700
2022-03-18,7521.60009765625,7571.2001953125,7519.7998046875,7571.2001953125,2609017900
2022-03-21,7571.2001953125,7634.2001953125,7558.89990234375,7558.89990234375,1150121600
2022-03-22,7558.89990234375,7655.2998046875,7558.89990234375,7620.7001953125,1240568700
2022-03-23,7620.7001953125,7672.10009765625,7611.60009765625,7665.0,1588960700
2022-03-24,7665.0,7681.89990234375,7640.7998046875,7669.0,1539585900
2022-03-25,7669.0,7714.5,7669.0,7689.89990234375,1344233500
2022-03-28,7689.89990234375,7725.39990234375,7689.2998046875,7689.2998046875,1155175600
2022-03-29,7689.2998046875,7761.2001953125,7687.60009765625,7747.0,1262355800
2022-03-30,7747.0,7817.60009765625,7747.0,7799.89990234375,2159230600
2022-03-31,7799.89990234375,7839.89990234375,7789.60009765625,7789.60009765625,1583986800
2022-04-01,7789.60009765625,7804.10009765625,7768.5,7785.89990234375,1416152900
2022-04-04,7785.89990234375,7834.7001953125,7785.89990234375,7818.89990234375,1387729600
2022-04-05,7818.89990234375,7880.10009765625,7816.0,7833.2001953125,1488937700
2022-04-06,7833.2001953125,7833.2001953125,7738.7998046875,7788.2998046875,1593628000
2022-04-07,7788.2998046875,7788.2998046875,7730.5,7734.7998046875,1359880400
2022-04-08,7734.7998046875,7787.7998046875,7734.7998046875,7772.0,1377984900
2022-04-11,7772.0,7818.10009765625,7761.0,7773.2001953125,1166251800
2022-04-12,7773.2001953125,7773.2001953125,7713.5,7735.5,1134249900
2022-04-13,7735.5,7781.39990234375,7735.5,7772.0,1152855700
2022-04-14,7772.0,7826.7998046875,7772.0,7822.2001953125,1239313600
2022-04-19,7822.2001953125,7886.2001953125,7822.2001953125,7867.89990234375,1206844000
2022-04-20,7867.89990234375,7923.39990234375,7867.2001953125,7869.60009765625,1118758800
2022-04-21,7869.60009765625,7898.2001953125,7863.5,7887.10009765625,1065167700
2022-04-22,7887.10009765625,7887.10009765625,7746.7001953125,7768.2001953125,1325599600
2022-04-26,7768.2001953125,7768.2001953125,7576.0,7604.0,1497230800
2022-04-27,7604.0,7604.0,7514.5,7547.0,1371985400
2022-04-28,7547.0,7642.39990234375,7547.0,7642.39990234375,0
2022-04-29,7642.39990234375,7724.7998046875,7642.39990234375,7724.7998046875,1222626700
2022-05-02,7724.7998046875,7724.7998046875,7579.89990234375,7623.60009765625,1004868500
2022-05-03,7623.60009765625,7631.5,7571.7998046875,7587.60009765625,1043679700
2022-05-04,7587.60009765625,7638.5,7559.10009765625,7564.7998046875,1388456200
2022-05-05,7564.7998046875,7643.5,7564.7998046875,7639.2001953125,1349483900
2022-05-06,7639.2001953125,7639.2001953125,7420.2001953125,7467.60009765625,1538135100
2022-05-09,7467.60009765625,7467.60009765625,7331.10009765625,7357.89990234375,1391816400
2022-05-10,7357.89990234375,7357.89990234375,7158.0,7285.2001953125,1787168400
2022-05-11,7285.2001953125,7304.39990234375,7221.7001953125,7304.39990234375,1265817500
2022-05-12,7304.39990234375,7304.39990234375,7157.2001953125,7166.60009765625,1410795300
2022-05-13,7166.60009765625,7307.7001953125,7166.60009765625,7307.7001953125,1256607800
2022-05-16,7307.7001953125,7392.60009765625,7307.7001953125,7326.2001953125,1086510200
2022-05-17,7326.2001953125,7366.39990234375,7326.2001953125,7350.60009765625,1076605300
2022-05-18,7350.60009765625,7442.89990234375,7350.60009765625,7426.60009765625,1131840800
2022-05-19,7426.60009765625,7426.60009765625,7276.0,7303.2998046875,1227800700
2022-05-20,7303.2998046875,7397.2998046875,7303.2998046875,7391.0,1138416900
2022-05-23,7391.0,7449.5,7386.5,7398.89990234375,1076124100
2022-05-24,7398.89990234375,7415.2001953125,7367.0,7373.2001953125,1427635300
2022-05-25,7453.0,7453.0,7378.5,7391.7001953125,1066129600
2022-05-26,7391.7001953125,7420.39990234375,7339.2998046875,7339.2998046875,922611300
2022-05-27,7339.2998046875,7430.5,7339.2998046875,7413.10009765625,1162784300
2022-05-30,7413.10009765625,7522.60009765625,7413.10009765625,7522.60009765625,1228453600
2022-05-31,7522.60009765625,7524.5,7455.2001953125,7455.2001953125,2385999000
2022-06-01,7455.2001953125,7475.5,7434.89990234375,7462.89990234375,1477517700
2022-06-02,7462.89990234375,7462.89990234375,7376.7001953125,7400.7998046875,1318491500
2022-06-03,7400.7998046875,7488.7998046875,7400.7998046875,7472.39990234375,1174895400
2022-06-06,7472.39990234375,7472.39990234375,7423.7998046875,7433.10009765625,983199900
2022-06-07,7433.10009765625,7435.60009765625,7304.2001953125,7318.60009765625,1247880000
2022-06-08,7318.60009765625,7389.0,7318.60009765625,7347.0,1352930200
2022-06-09,7347.0,7347.0,7240.39990234375,7240.39990234375,1228491900
2022-06-10,7240.39990234375,7240.39990234375,7137.0,7145.2001953125,1324966000
2022-06-14,7145.2001953125,7145.2001953125,6760.2001953125,6881.2001953125,2284022500
2022-06-15,6881.2001953125,6881.2001953125,6775.39990234375,6785.7998046875,1692958100
2022-06-16,6785.7998046875,6866.2998046875,6776.2998046875,6783.7001953125,1609224500
2022-06-17,6783.7001953125,6783.7001953125,6595.89990234375,6663.2998046875,3019299400
2022-06-20,6663.2998046875,6675.60009765625,6581.60009765625,6609.5,1378366800
2022-06-21,6609.5,6718.10009765625,6609.5,6700.7998046875,1386684400
2022-06-22,6700.7998046875,6736.10009765625,6667.60009765625,6682.2998046875,1392081300
2022-06-23,6682.2998046875,6719.5,6670.2001953125,6691.39990234375,1688800000
2022-06-24,6691.39990234375,6768.39990234375,6674.2998046875,6762.39990234375,1404235400
2022-06-27,6762.39990234375,6904.10009765625,6762.39990234375,6893.60009765625,1553171200
2022-06-28,6893.60009765625,6953.39990234375,6893.60009765625,6953.39990234375,1338323200
2022-06-29,6953.39990234375,6953.39990234375,6845.7001953125,6877.89990234375,1325771500
2022-06-30,6877.89990234375,6877.89990234375,6746.5,6746.5,1400777500
2022-07-01,6746.5,6807.7001953125,6720.39990234375,6720.39990234375,976001900
2022-07-04,6720.39990234375,6843.7001953125,6720.39990234375,6796.89990234375,896044900
2022-07-05,6796.89990234375,6844.39990234375,6784.7001953125,6818.10009765625,915948000
2022-07-06,6818.10009765625,6844.0,6779.7998046875,6784.2998046875,1199126800
2022-07-07,6784.2998046875,6836.89990234375,6780.7001953125,6836.89990234375,1065452600
2022-07-08,6836.89990234375,6913.7001953125,6836.89990234375,6877.0,930923200
2022-07-11,6877.0,6877.0,6792.60009765625,6792.60009765625,872069100
2022-07-12,6792.60009765625,6834.10009765625,6782.89990234375,6786.7998046875,996743800
2022-07-13,6786.7998046875,6807.7998046875,6767.7001953125,6807.7998046875,1071168600
2022-07-14,6807.7998046875,6855.2001953125,6800.10009765625,6848.60009765625,1227606700
2022-07-15,6848.60009765625,6848.60009765625,6733.7998046875,6798.0,992796500
2022-07-18,6798.0,6888.0,6798.0,6888.0,822372600
2022-07-19,6888.0,6895.10009765625,6843.0,6853.0,933769800
2022-07-20,6853.0,6988.7998046875,6853.0,6975.2001953125,1112954700
2022-07-21,6975.2001953125,7018.39990234375,6968.2998046875,7018.39990234375,1232997200
2022-07-22,7018.39990234375,7037.60009765625,6982.60009765625,7011.7998046875,1234361300
2022-07-25,7011.7998046875,7021.7998046875,6993.0,7006.39990234375,881205800
2022-07-26,7006.39990234375,7032.2998046875,6998.10009765625,7025.2001953125,1101076900
2022-07-27,7025.2001953125,7047.39990234375,6991.7001953125,7038.10009765625,1148818500
2022-07-28,7038.10009765625,7117.0,7038.10009765625,7115.89990234375,1219893300
2022-07-29,7115.89990234375,7201.7001953125,7115.89990234375,7173.7998046875,1429654000
2022-08-01,7173.7998046875,7216.0,7173.7998046875,7213.0,1068854500
2022-08-02,7213.0,7221.7998046875,7163.7998046875,7216.39990234375,1009093900
2022-08-03,7216.39990234375,7216.39990234375,7134.89990234375,7202.89990234375,1023422800
2022-08-04,7202.89990234375,7253.0,7202.89990234375,7207.5,1090522200
2022-08-05,7207.5,7251.0,7203.39990234375,7250.2998046875,1029660100
2022-08-08,7250.2998046875,7263.7998046875,7221.7998046875,7259.5,1256798500
2022-08-09,7259.5,7283.7998046875,7252.60009765625,7278.60009765625,1334521800
2022-08-10,7278.60009765625,7278.60009765625,7229.7001953125,7238.7001953125,1107034500
2022-08-11,7238.7001953125,7331.0,7238.7001953125,7325.39990234375,1239173200
2022-08-12,7325.39990234375,7325.39990234375,7268.89990234375,7288.7998046875,1155225100
2022-08-15,7288.7998046875,7336.7998046875,7288.7998046875,7324.89990234375,999824100
2022-08-16,7324.89990234375,7386.39990234375,7324.89990234375,7361.89990234375,1107517700
2022-08-17,7361.89990234375,7383.7998046875,7333.5,7381.10009765625,1318442100
2022-08-18,7381.10009765625,7381.10009765625,7327.7998046875,7357.7001953125,1227197800
2022-08-19,7357.7001953125,7384.10009765625,7355.2998046875,7358.7001953125,1070304800
2022-08-22,7358.7001953125,7358.7001953125,7269.89990234375,7287.2001953125,1098173500
2022-08-23,7287.2001953125,7288.10009765625,7199.2001953125,7199.2001953125,1328457200
2022-08-24,7199.2001953125,7255.60009765625,7199.2001953125,7242.2998046875,1292622900
2022-08-25,7242.2998046875,7303.60009765625,7238.10009765625,7291.89990234375,1197685000
2022-08-26,7291.89990234375,7368.89990234375,7291.89990234375,7345.7998046875,1125334000
2022-08-29,7345.7998046875,7345.7998046875,7171.5,7193.39990234375,1250014800
2022-08-30,7193.39990234375,7251.5,7193.39990234375,7230.39990234375,1174489600
2022-08-31,7230.39990234375,7232.0,7169.39990234375,7226.10009765625,1451986600
2022-09-01,7226.10009765625,7226.10009765625,7075.7001953125,7079.89990234375,1239740800
2022-09-02,7079.89990234375,7086.2001953125,7048.2998046875,7056.2998046875,1031875300
2022-09-05,7056.2998046875,7082.2001953125,7044.89990234375,7074.5,1053774900
2022-09-06,7074.5,7118.89990234375,7055.5,7055.89990234375,1044356200
2022-09-07,7055.89990234375,7055.89990234375,6947.10009765625,6959.2998046875,1335366400
2022-09-08,6959.2998046875,7085.2998046875,6959.2998046875,7085.2998046875,1328990000
2022-09-09,7085.2998046875,7142.2001953125,7085.2998046875,7139.0,1337890400
2022-09-12,7139.0,7218.7001953125,7139.0,7208.2001953125,1120819800
2022-09-13,7208.2001953125,7258.0,7208.2001953125,7253.7001953125,1275128600
2022-09-14,7253.7001953125,7253.7001953125,7045.0,7071.7998046875,1312666900
2022-09-15,7071.7998046875,7120.60009765625,7071.7998046875,7082.5,1461945300
2022-09-16,7082.5,7082.5,6972.0,6975.2001953125,3361315300
2022-09-19,6975.2001953125,6988.10009765625,6945.39990234375,6948.60009765625,1052601500
2022-09-20,6948.60009765625,7035.89990234375,6948.60009765625,7030.0,909184700
2022-09-21,7030.0,7030.0,6916.7001953125,6921.39990234375,1095465600
2022-09-23,6921.39990234375,6929.2001953125,6756.60009765625,6788.7001953125,1380999200
2022-09-26,6788.7001953125,6788.7001953125,6636.7998046875,6667.5,1531545400
2022-09-27,6667.5,6710.2998046875,6667.5,6696.5,1329216000
2022-09-28,6696.5,6717.89990234375,6630.0,6659.7998046875,1272220400
2022-09-29,6659.7998046875,6798.0,6659.7998046875,6760.60009765625,1115645400
2022-09-30,6760.60009765625,6767.2001953125,6663.2001953125,6678.7001953125,1242533600
2022-10-03,6678.7001953125,6704.7001953125,6609.7998046875,6656.39990234375,928463600
2022-10-04,6656.39990234375,6905.2998046875,6656.39990234375,6905.2998046875,1318025200
2022-10-05,6905.2998046875,7031.89990234375,6905.2998046875,7030.89990234375,1409055900
2022-10-06,7030.60009765625,7041.2001953125,7001.60009765625,7033.5,1100789600
2022-10-07,7033.5,7033.5,6976.10009765625,6976.10009765625,982780500
2022-10-10,6975.39990234375,6975.39990234375,6854.10009765625,6872.0,887329700
2022-10-11,6872.0,6916.2998046875,6844.2998046875,6844.2998046875,1036803300
2022-10-12,6844.2998046875,6866.39990234375,6828.60009765625,6842.2998046875,1020376700
2022-10-13,6842.2998046875,6876.5,6833.7998046875,6834.5,993206400
2022-10-14,6834.5,6962.39990234375,6834.5,6948.60009765625,929276400
2022-10-17,6948.60009765625,6948.60009765625,6832.60009765625,6854.2998046875,966318900
2022-10-18,6854.2998046875,6986.7001953125,6854.2998046875,6976.2001953125,1136757100
2022-10-19,6976.2001953125,7020.7998046875,6974.7998046875,6999.7998046875,1000878600
2022-10-20,6999.7998046875,6999.7998046875,6891.10009765625,6918.7001953125,1203745700
2022-10-21,6918.7001953125,6918.7001953125,6859.60009765625,6869.89990234375,1082377200
2022-10-24,6869.89990234375,7022.0,6869.89990234375,6978.39990234375,970788000
2022-10-25,6978.39990234375,7028.2001953125,6978.39990234375,6993.7001953125,1043310700
2022-10-26,6993.7001953125,7038.7001953125,6993.7001953125,7005.10009765625,1116079900
2022-10-27,7005.10009765625,7071.0,7005.10009765625,7042.2998046875,1051316600
2022-10-28,7042.2998046875,7042.2998046875,6964.10009765625,6973.5,1075045500
2022-10-31,6973.5,7061.89990234375,6973.5,7054.7998046875,1441695700
2022-11-01,7054.7998046875,7169.60009765625,7051.2998046875,7169.60009765625,1006353400
2022-11-02,7169.60009765625,7201.7998046875,7169.60009765625,7177.7998046875,1119803200
2022-11-03,7177.7998046875,7177.7998046875,7011.39990234375,7050.60009765625,1019166400
2022-11-04,7050.60009765625,7091.0,7022.7998046875,7089.2998046875,968416300
2022-11-07,7089.2998046875,7143.0,7089.2998046875,7129.2001953125,978752900
2022-11-08,7129.2001953125,7160.89990234375,7129.2001953125,7150.10009765625,1047376200
2022-11-09,7150.10009765625,7198.2998046875,7150.10009765625,7187.39990234375,1142537300
2022-11-10,7187.39990234375,7187.39990234375,7134.7998046875,7145.7001953125,1277488900
2022-11-11,7145.7001953125,7364.2998046875,7145.7001953125,7350.10009765625,1692634000
2022-11-14,7350.10009765625,7395.2001953125,7350.10009765625,7350.2001953125,1427105300
2022-11-15,7350.2001953125,7350.2001953125,7316.39990234375,7345.39990234375,1244563100
2022-11-16,7345.39990234375,7346.10009765625,7309.7998046875,7327.39990234375,1108708200
2022-11-17,7327.39990234375,7352.10009765625,7313.2001953125,7339.0,1002227100
2022-11-18,7339.0,7368.39990234375,7339.0,7354.7001953125,1040983600
2022-11-21,7354.7001953125,7375.7001953125,7328.0,7335.10009765625,938386900
2022-11-22,7335.10009765625,7390.2001953125,7335.10009765625,7376.39990234375,981003100
2022-11-23,7422.39990234375,7441.7001953125,7422.39990234375,7437.7998046875,150812800
2022-11-24,7422.39990234375,7454.60009765625,7422.39990234375,7432.2001953125,879576300
2022-11-25,7432.2001953125,7457.7001953125,7430.2998046875,7447.60009765625,873891000
2022-11-28,7447.60009765625,7447.60009765625,7405.2998046875,7418.60009765625,1139148500
2022-11-29,7418.60009765625,7442.0,7389.7001953125,7442.0,1040341000
2022-11-30,7442.0,7487.60009765625,7412.39990234375,7480.7001953125,2598364400
2022-12-01,7480.7001953125,7573.5,7480.7001953125,7554.0,1097771400
2022-12-02,7554.0,7554.0,7495.89990234375,7503.5,1048548600
2022-12-05,7503.5,7551.39990234375,7503.5,7527.7998046875,1102335200
2022-12-06,7527.7998046875,7527.7998046875,7480.89990234375,7487.7001953125,1046410800
2022-12-07,7487.7001953125,7487.7001953125,7412.89990234375,7423.2001953125,1133853700
2022-12-08,7423.2001953125,7423.2001953125,7362.89990234375,7369.39990234375,1220544100
2022-12-09,7369.39990234375,7410.10009765625,7369.39990234375,7406.2998046875,1053083900
2022-12-12,7406.2998046875,7406.2998046875,7346.39990234375,7370.60009765625,972361300
2022-12-13,7370.60009765625,7413.60009765625,7370.60009765625,7389.2001953125,941833200
2022-12-14,7389.2001953125,7441.10009765625,7389.2001953125,7438.7001953125,1070723300
2022-12-15,7438.7001953125,7438.7001953125,7389.2001953125,7390.2998046875,1406389700
2022-12-16,7390.2998046875,7390.2998046875,7301.5,7336.5,1939667000
2022-12-19,7336.5,7340.7998046875,7312.2998046875,7321.0,745547200
2022-12-20,7321.0,7321.0,7196.39990234375,7199.60009765625,1017989500
2022-12-21,7199.60009765625,7315.60009765625,7199.60009765625,7293.0,1014868100
2022-12-22,7293.0,7348.60009765625,7293.0,7335.2001953125,854827100
2022-12-23,7335.2001953125,7335.2001953125,7241.60009765625,7287.7998046875,648193800
2022-12-28,7287.7998046875,7299.5,7243.7998046875,7262.2001953125,614478400
2022-12-29,7262.2001953125,7262.2001953125,7170.7998046875,7197.2998046875,655551500
2022-12-30,7199.7998046875,7252.2001953125,7199.7998046875,7221.7001953125,627678300
2023-01-03,7221.7001953125,7255.39990234375,7087.7998046875,7131.10009765625,578279100
2023-01-04,7131.10009765625,7249.10009765625,7131.10009765625,7249.10009765625,760416500
2023-01-05,7249.10009765625,7290.39990234375,7248.5,7259.2998046875,847942700
2023-01-06,7259.2998046875,7315.5,7256.7998046875,7308.7998046875,773700600
2023-01-09,7308.7998046875,7388.10009765625,7308.7998046875,7355.7998046875,888277800
2023-01-10,7355.7998046875,7356.0,7329.89990234375,7336.60009765625,769706900
2023-01-11,7336.60009765625,7412.10009765625,7336.60009765625,7406.39990234375,773845800
2023-01-12,7406.39990234375,7497.89990234375,7406.39990234375,7489.89990234375,886542900
2023-01-13,7489.89990234375,7567.89990234375,7489.89990234375,7540.10009765625,824135600
2023-01-16,7540.10009765625,7612.2998046875,7540.10009765625,7605.0,885179800
2023-01-17,7605.0,7611.10009765625,7578.60009765625,7597.60009765625,835408700
2023-01-18,7597.60009765625,7626.0,7589.5,7609.5,945314000
2023-01-19,7609.5,7652.10009765625,7592.60009765625,7648.39990234375,842659900
2023-01-20,7648.39990234375,7671.2998046875,7639.89990234375,7666.2998046875,1053157400
2023-01-23,7666.2998046875,7690.10009765625,7650.0,7674.2001953125,884453300
2023-01-24,7674.2001953125,7717.39990234375,7673.7998046875,7710.5,994895200
2023-01-25,7710.5,7725.2998046875,7673.5,7688.0,989244300
2023-01-27,7688.0,7727.7998046875,7688.0,7709.5,1081047600
2023-01-30,7709.5,7725.5,7695.0,7700.39990234375,982647800
2023-01-31,7700.39990234375,7729.39990234375,7674.0,7686.10009765625,1281308900
2023-02-01,7686.10009765625,7748.89990234375,7686.10009765625,7709.7001953125,1026032400
2023-02-02,7709.7001953125,7761.7001953125,7709.7001953125,7728.5,1026457300
2023-02-03,7728.5,7778.2998046875,7714.7001953125,7771.7998046875,1323569300
2023-02-06,7771.7998046875,7779.39990234375,7738.89990234375,7745.89990234375,1129301800
2023-02-07,7745.89990234375,7761.7998046875,7705.0,7713.10009765625,991518200
2023-02-08,7713.10009765625,7744.2001953125,7713.10009765625,7740.5,979075800
2023-02-09,7740.5,7740.5,7688.2001953125,7695.7998046875,934169700
2023-02-10,7695.7998046875,7695.7998046875,7627.7998046875,7631.10009765625,973067600
2023-02-13,7631.10009765625,7631.10009765625,7603.2001953125,7614.5,1021434700
2023-02-14,7614.5,7672.7001953125,7614.5,7628.60009765625,999611600
2023-02-15,7628.60009765625,7638.0,7544.89990234375,7559.10009765625,1262605300
2023-02-16,7559.10009765625,7629.10009765625,7559.0,7620.7001953125,1234622400
2023-02-17,7620.7001953125,7622.89990234375,7552.2001953125,7552.2001953125,1066172100
2023-02-20,7552.2998046875,7560.10009765625,7532.7001953125,7552.5,890215900
2023-02-21,7552.5,7552.5,7506.2001953125,7544.60009765625,971214900
2023-02-22,7544.60009765625,7545.5,7471.0,7517.0,1065778900
2023-02-23,7517.0,7517.0,7486.0,7492.5,1084577700
2023-02-24,7492.5,7521.60009765625,7487.7001953125,7512.7001953125,1082777000
2023-02-27,7512.7001953125,7512.7001953125,7389.60009765625,7419.60009765625,1176709300
2023-02-28,7419.60009765625,7468.39990234375,7419.60009765625,7458.0,1662750500
2023-03-01,7456.10009765625,7486.0,7456.10009765625,7482.60009765625,412098400
2023-03-02,7456.10009765625,7487.0,7446.60009765625,7460.0,1379004800
2023-03-03,7460.0,7493.2998046875,7460.0,7484.0,915646200
2023-03-06,7490.60009765625,7540.39990234375,7490.60009765625,7525.7001953125,906815700
2023-03-07,7525.7001953125,7566.7001953125,7498.7998046875,7562.7001953125,1117151300
2023-03-08,7562.7001953125,7562.7001953125,7483.7001953125,7503.89990234375,1219905200
2023-03-09,7503.89990234375,7530.10009765625,7487.60009765625,7514.39990234375,1008092600
2023-03-10,7514.39990234375,7514.39990234375,7337.89990234375,7348.2001953125,1172859400
2023-03-13,7348.0,7353.89990234375,7270.2001953125,7311.0,1029102900
2023-03-14,7311.0,7311.0,7146.2001953125,7201.10009765625,1565145000
2023-03-15,7201.10009765625,7263.10009765625,7201.10009765625,7263.10009765625,1160413800
2023-03-16,7263.10009765625,7263.10009765625,7100.60009765625,7152.7001953125,1665117100
2023-03-17,7152.7001953125,7190.39990234375,7146.7001953125,7188.2001953125,2694033500
2023-03-20,7187.7001953125,7187.7001953125,7081.5,7085.10009765625,1189285500
2023-03-21,7085.10009765625,7176.89990234375,7085.10009765625,7142.2001953125,1055586900
2023-03-22,7142.2001953125,7218.0,7142.2001953125,7200.7001953125,1164953700
2023-03-23,7200.7001953125,7200.7001953125,7131.2001953125,7148.60009765625,1155807100
2023-03-24,7148.60009765625,7148.60009765625,7103.2001953125,7137.60009765625,1007441100
2023-03-27,7137.60009765625,7172.89990234375,7137.60009765625,7143.7998046875,847161000
2023-03-28,7143.7998046875,7231.7001953125,7143.7998046875,7219.39990234375,1376667000
2023-03-29,7219.39990234375,7237.5,7198.0,7236.0,1287304500
2023-03-30,7236.0,7315.89990234375,7236.0,7312.39990234375,1473175200
2023-03-31,7312.39990234375,7375.39990234375,7312.39990234375,7373.2998046875,1360522700
2023-04-03,7373.2998046875,7440.60009765625,7373.2998046875,7416.39990234375,1270400300
2023-04-04,7416.39990234375,7434.0,7406.10009765625,7431.5,1136530500
2023-04-05,7431.5,7455.0,7416.0,7434.2998046875,1340673900
2023-04-06,7434.2998046875,7440.60009765625,7393.0,7412.0,1204893900
2023-04-11,7412.0,7516.60009765625,7412.0,7504.2001953125,1164091600
2023-04-12,7504.2001953125,7562.5,7504.2001953125,7538.89990234375,1226338300
2023-04-13,7538.89990234375,7538.89990234375,7508.7001953125,7520.7001953125,1121675000
2023-04-14,7520.7001953125,7561.89990234375,7514.2001953125,7560.39990234375,1025419800
2023-04-17,7560.39990234375,7587.5,7560.39990234375,7578.10009765625,1065766500
2023-04-18,7578.10009765625,7578.10009765625,7536.89990234375,7557.5,1363742800
2023-04-19,7557.5,7571.89990234375,7552.7998046875,7561.2998046875,966697600
2023-04-20,7561.2998046875,7569.10009765625,7539.60009765625,7555.39990234375,1085983600
2023-04-21,7555.39990234375,7555.39990234375,7509.5,7523.0,1046942300
2023-04-24,7523.0,7523.0,7498.2998046875,7512.2001953125,832226700
2023-04-26,7512.2001953125,7512.2001953125,7472.60009765625,7502.7998046875,1143958600
2023-04-27,7502.7998046875,7510.2998046875,7465.10009765625,7482.2001953125,909456900
2023-04-28,7482.2001953125,7520.10009765625,7482.2001953125,7501.0,1154683600
2023-05-01,7501.0,7559.2998046875,7501.0,7524.2001953125,1012160400
2023-05-02,7523.89990234375,7526.0,7441.7001953125,7459.7998046875,1033015800
2023-05-03,7459.7998046875,7459.7998046875,7350.89990234375,7389.0,1135919000
2023-05-04,7389.0,7393.2001953125,7336.60009765625,7388.2001953125,1016313200
2023-05-05,7388.2001953125,7413.10009765625,7363.5,7413.10009765625,1076994600
2023-05-08,7413.2998046875,7487.0,7413.2998046875,7472.10009765625,1086473300
2023-05-09,7472.10009765625,7472.10009765625,7436.89990234375,7456.7001953125,1050885800
2023-05-10,7456.7001953125,7459.7001953125,7432.2001953125,7452.2998046875,948224300
2023-05-11,7452.2998046875,7463.5,7428.7998046875,7449.7001953125,1112071600
2023-05-12,7449.7001953125,7453.2998046875,7429.2001953125,7453.2001953125,1095231100
2023-05-15,7453.2001953125,7460.5,7429.7001953125,7460.5,893695400
2023-05-16,7460.5,7470.7998046875,7424.10009765625,7424.10009765625,1052466200
2023-05-17,7424.10009765625,7424.10009765625,7350.2001953125,7389.2998046875,972495500
2023-05-18,7389.2998046875,7450.2001953125,7389.2998046875,7427.0,1128723900
2023-05-19,7427.0,7482.7998046875,7427.0,7471.5,1029381900
2023-05-22,7471.5,7475.60009765625,7437.10009765625,7450.7001953125,928308000
2023-05-23,7450.7001953125,7476.39990234375,7447.39990234375,7447.39990234375,917117000
2023-05-24,7447.39990234375,7447.39990234375,7388.0,7392.89990234375,913433200
2023-05-25,7392.89990234375,7392.89990234375,7309.10009765625,7316.7001953125,1145738500
2023-05-26,7316.7001953125,7335.2998046875,7308.39990234375,7334.5,869858700
2023-05-29,7334.5,7436.39990234375,7334.5,7395.10009765625,838497500
2023-05-30,7395.10009765625,7403.7998046875,7382.0,7387.2998046875,943490000
2023-05-31,7387.2998046875,7387.2998046875,7273.5,7273.5,2258517300
2023-06-01,7273.5,7309.39990234375,7257.0,7290.7001953125,1046630700
2023-06-02,7290.7001953125,7344.39990234375,7290.7001953125,7331.2001953125,1020413500
2023-06-05,7331.2001953125,7419.10009765625,7331.2001953125,7401.2001953125,959855800
2023-06-06,7401.2001953125,7401.2001953125,7316.0,7319.89990234375,1179064600
2023-06-07,7319.89990234375,7355.2998046875,7310.39990234375,7310.39990234375,1106245800
2023-06-08,7310.39990234375,7323.60009765625,7281.7001953125,7288.2998046875,1062099700
2023-06-09,7288.2998046875,7319.2001953125,7288.2998046875,7312.2998046875,996518100
2023-06-13,7312.2998046875,7329.10009765625,7291.7998046875,7329.10009765625,1183020100
2023-06-14,7329.10009765625,7361.39990234375,7328.7998046875,7354.2001953125,1304542400
2023-06-15,7354.2001953125,7391.89990234375,7353.2001953125,7370.0,1289925700
2023-06-16,7370.0,7461.2998046875,7370.0,7451.2001953125,2274488000
2023-06-19,7451.2001953125,7496.7001953125,7447.0,7489.2001953125,1003056800
2023-06-20,7489.2001953125,7557.5,7489.2001953125,7548.5,1097436400
2023-06-21,7548.5,7548.5,7505.60009765625,7505.60009765625,1130408600
2023-06-22,7505.60009765625,7505.60009765625,7372.89990234375,7381.0,1086597800
2023-06-23,7381.0,7381.89990234375,7274.2001953125,7285.60009765625,1029872400
2023-06-26,7285.60009765625,7285.60009765625,7240.7001953125,7264.10009765625,979613800
2023-06-27,7264.10009765625,7307.10009765625,7264.10009765625,7300.0,1004561400
2023-06-28,7300.0,7399.10009765625,7300.0,7384.10009765625,1066320200
2023-06-29,7384.10009765625,7412.0,7375.7001953125,7389.60009765625,1018503900
2023-06-30,7389.60009765625,7405.7001953125,7360.10009765625,7401.5,1054702600
2023-07-03,7401.5,7448.7001953125,7398.10009765625,7442.7998046875,1019227100
2023-07-04,7442.7998046875,7484.2998046875,7431.7001953125,7478.89990234375,895235500
2023-07-05,7478.89990234375,7480.89990234375,7446.60009765625,7453.10009765625,891981400
2023-07-06,7453.89990234375,7453.89990234375,7346.0,7365.0,947571900
2023-07-07,7365.0,7365.0,7222.7001953125,7244.10009765625,868311800
2023-07-10,7244.10009765625,7288.60009765625,7201.0,7206.89990234375,802251500
2023-07-11,7206.89990234375,7315.7998046875,7206.89990234375,7315.7998046875,797785900
2023-07-12,7315.7998046875,7365.7001953125,7315.7998046875,7341.5,834137100
2023-07-13,7341.5,7464.2001953125,7341.5,7455.39990234375,1099526300
2023-07-14,7455.39990234375,7526.2998046875,7455.39990234375,7517.10009765625,971022300
2023-07-17,7517.10009765625,7520.39990234375,7489.10009765625,7511.60009765625,896200600
2023-07-18,7511.60009765625,7511.60009765625,7474.5,7496.7001953125,873292300
2023-07-19,7496.7001953125,7548.5,7496.7001953125,7538.2001953125,1022018900
2023-07-20,7538.2001953125,7598.7001953125,7538.2001953125,7541.89990234375,1019059600
2023-07-21,7541.89990234375,7541.89990234375,7501.2998046875,7526.7998046875,1017642700
2023-07-24,7526.7998046875,7544.10009765625,7517.2998046875,7517.2998046875,1041193000
2023-07-25,7517.2998046875,7559.0,7517.2998046875,7554.7001953125,969340000
2023-07-26,7554.7001953125,7635.7998046875,7554.2998046875,7617.7998046875,982079700
2023-07-27,7617.7998046875,7689.39990234375,7604.0,7672.60009765625,1078493100
2023-07-28,7672.60009765625,7672.60009765625,7567.60009765625,7616.10009765625,958352600
2023-07-31,7616.10009765625,7649.7001953125,7587.89990234375,7622.2001953125,998183300
2023-08-01,7622.2001953125,7683.0,7622.2001953125,7663.7001953125,964407300
2023-08-02,7663.7001953125,7663.7001953125,7557.2001953125,7568.39990234375,894739300
2023-08-03,7568.39990234375,7568.39990234375,7497.39990234375,7522.2998046875,935216600
2023-08-04,7522.2998046875,7535.89990234375,7495.0,7535.89990234375,960195400
2023-08-07,7535.89990234375,7538.10009765625,7506.2001953125,7519.89990234375,735384900
2023-08-08,7519.89990234375,7553.2001953125,7518.7001953125,7519.7001953125,1106611200
2023-08-09,7519.7001953125,7546.0,7514.7998046875,7543.39990234375,1064030600
2023-08-10,7543.39990234375,7568.5,7530.2998046875,7568.5,1137741100
2023-08-11,7568.5,7574.60009765625,7544.2998046875,7554.2001953125,896885200
2023-08-14,7554.2001953125,7554.2001953125,7475.2998046875,7493.10009765625,918402800
2023-08-15,7493.10009765625,7544.10009765625,7488.39990234375,7520.39990234375,1049970800
2023-08-16,7520.39990234375,7520.39990234375,7400.39990234375,7411.7998046875,1103858700
2023-08-17,7411.7998046875,7411.7998046875,7322.2001953125,7364.39990234375,1308337100
2023-08-18,7364.39990234375,7384.5,7342.2001953125,7366.0,1178424700
2023-08-21,7366.0,7366.0,7335.89990234375,7335.89990234375,1034320900
2023-08-22,7335.89990234375,7348.2998046875,7313.7998046875,7346.39990234375,1135333200
2023-08-23,7346.39990234375,7392.5,7335.0,7367.60009765625,1027482300
2023-08-24,7367.60009765625,7413.5,7367.60009765625,7400.60009765625,1175046200
2023-08-25,7400.5,7400.5,7306.7001953125,7332.60009765625,1048879900
2023-08-28,7332.60009765625,7368.2998046875,7332.60009765625,7365.89990234375,1393378100
2023-08-29,7365.89990234375,7416.39990234375,7365.0,7416.39990234375,1242425900
2023-08-30,7416.39990234375,7524.2001953125,7416.39990234375,7506.7998046875,1214459800
2023-08-31,7506.7998046875,7521.39990234375,7504.39990234375,7517.7998046875,1937895500
2023-09-01,7517.7998046875,7517.7998046875,7478.2998046875,7489.89990234375,946061500
2023-09-04,7489.89990234375,7548.39990234375,7489.89990234375,7525.7001953125,1128904300
2023-09-05,7525.7001953125,7526.10009765625,7473.39990234375,7516.7998046875,890420500
2023-09-06,7516.7998046875,7516.7998046875,7456.5,7461.60009765625,1213531800
2023-09-07,7461.60009765625,7461.60009765625,7361.10009765625,7374.89990234375,1090978100
2023-09-08,7374.89990234375,7379.60009765625,7338.0,7358.10009765625,996136300
2023-09-11,7358.10009765625,7387.7998046875,7331.0,7387.7998046875,1033859000
2023-09-12,7387.7998046875,7403.5,7352.10009765625,7402.89990234375,1121601400
2023-09-13,7402.89990234375,7402.89990234375,7333.0,7345.7001953125,1212488200
2023-09-14,7345.7001953125,7395.60009765625,7340.5,7382.7001953125,1083111900
2023-09-15,7382.7001953125,7517.39990234375,7382.7001953125,7482.60009765625,3711252100
2023-09-18,7482.60009765625,7482.60009765625,7423.10009765625,7428.10009765625,1329496300
2023-09-19,7428.10009765625,7428.10009765625,7385.2998046875,7395.0,1027521100
2023-09-20,7395.0,7395.0,7347.0,7361.89990234375,1226990900
2023-09-21,7361.89990234375,7361.89990234375,7259.10009765625,7266.60009765625,1278585200
2023-09-22,7266.60009765625,7270.0,7156.5,7270.0,1326766900
2023-09-25,7270.0,7278.60009765625,7223.2001953125,7278.60009765625,875805000
2023-09-26,7278.60009765625,7278.60009765625,7226.7001953125,7238.2998046875,1050488300
2023-09-27,7238.2998046875,7238.2998046875,7203.2998046875,7229.7998046875,1124330000
2023-09-28,7229.7998046875,7251.0,7200.0,7222.5,1137771200
2023-09-29,7222.5,7265.39990234375,7222.5,7249.7001953125,1161042400
2023-10-02,7249.7001953125,7254.5,7217.2001953125,7235.5,730489400
2023-10-03,7235.5,7235.5,7107.60009765625,7141.0,1254002100
2023-10-04,7141.0,7141.0,7062.7998046875,7082.2001953125,1188067100
2023-10-05,7082.2001953125,7126.7001953125,7077.7001953125,7117.5,1055643100
2023-10-06,7117.5,7160.60009765625,7114.5,7143.0,982426800
2023-10-09,7143.0,7188.7001953125,7143.0,7157.0,946976300
2023-10-10,7157.0,7247.89990234375,7157.0,7231.0,1204044600
2023-10-11,7231.0,7284.2998046875,7231.0,7281.2998046875,1181847000
2023-10-12,7281.2998046875,7305.2001953125,7277.10009765625,7287.39990234375,1082174000
2023-10-13,7287.39990234375,7287.39990234375,7213.10009765625,7243.5,1035620300
2023-10-16,7243.5,7243.5,7209.7998046875,7214.60009765625,860585800
2023-10-17,7214.60009765625,7287.10009765625,7214.60009765625,7244.39990234375,874355000
2023-10-18,7244.39990234375,7265.7001953125,7233.89990234375,7265.7001953125,960986600
2023-10-19,7265.7001953125,7265.7001953125,7142.5,7172.7001953125,1262300400
2023-10-20,7172.7001953125,7172.7001953125,7066.5,7089.7001953125,1193010600
2023-10-23,7089.7001953125,7089.7001953125,7017.2001953125,7030.0,984211000
2023-10-24,7030.0,7066.7001953125,7023.60009765625,7045.60009765625,1088180600
2023-10-25,7045.60009765625,7086.2998046875,7023.89990234375,7046.2998046875,1177993700
2023-10-26,7046.2998046875,7046.2998046875,6966.7001953125,7001.10009765625,1452120700
2023-10-27,7001.10009765625,7031.2001953125,6998.5,7014.2001953125,955424100
2023-10-30,7014.2001953125,7016.10009765625,6938.5,6960.2001953125,1132955500
2023-10-31,6960.2001953125,7002.2001953125,6956.89990234375,6967.5,1466317400
2023-11-01,6967.5,7024.60009765625,6967.5,7024.60009765625,1127988700
2023-11-02,7024.60009765625,7119.7998046875,7024.60009765625,7095.0,1042123500
2023-11-03,7095.0,7184.39990234375,7095.0,7175.10009765625,1369022500
2023-11-06,7175.10009765625,7203.7001953125,7175.10009765625,7192.2998046875,1106088100
2023-11-07,7192.2998046875,7195.10009765625,7149.5,7176.60009765625,965991300
2023-11-08,7176.60009765625,7200.5,7167.60009765625,7198.39990234375,1322483300
2023-11-09,7198.39990234375,7245.0,7198.39990234375,7215.10009765625,1393295200
2023-11-10,7215.10009765625,7218.10009765625,7164.7001953125,7176.60009765625,1154261300
2023-11-13,7176.60009765625,7185.39990234375,7145.0,7145.0,1038490800
2023-11-14,7145.0,7212.60009765625,7145.0,7207.10009765625,1075897000
2023-11-15,7207.10009765625,7334.39990234375,7207.10009765625,7316.7001953125,1168887800
2023-11-16,7316.7001953125,7320.7998046875,7260.60009765625,7269.5,1082136300
2023-11-17,7269.5,7273.60009765625,7248.39990234375,7261.0,1131286700
2023-11-20,7261.0,7282.5,7259.89990234375,7268.7001953125,1029496800
2023-11-21,7268.7001953125,7299.7001953125,7268.7001953125,7289.2998046875,1158146000
2023-11-22,7289.2998046875,7295.5,7265.5,7277.7998046875,1033944500
2023-11-23,7277.7998046875,7277.7998046875,7231.2998046875,7234.2001953125,987930300
2023-11-24,7234.2001953125,7268.10009765625,7233.39990234375,7244.10009765625,691793500
2023-11-27,7244.10009765625,7257.60009765625,7192.7998046875,7192.7998046875,829412100
2023-11-28,7192.7998046875,7255.39990234375,7191.0,7223.10009765625,1012974100
2023-11-29,7223.10009765625,7264.2001953125,7222.2001953125,7245.7998046875,1140094300
2023-11-30,7245.7998046875,7297.7001953125,7232.39990234375,7297.7001953125,2627747600
2023-12-01,7297.7001953125,7297.7001953125,7254.60009765625,7285.10009765625,1029382100
2023-12-04,7285.10009765625,7378.2001953125,7285.10009765625,7336.10009765625,1469340400
2023-12-05,7336.10009765625,7336.10009765625,7248.7998046875,7269.7998046875,1335491600
2023-12-06,7269.7998046875,7401.0,7269.7998046875,7386.7001953125,1311918800
2023-12-07,7386.7001953125,7389.10009765625,7360.89990234375,7384.7001953125,1332939000
2023-12-08,7384.7001953125,7405.60009765625,7355.39990234375,7405.60009765625,1109077700
2023-12-11,7405.60009765625,7438.5,7400.89990234375,7410.2001953125,1129096900
2023-12-12,7410.10009765625,7452.89990234375,7408.10009765625,7446.39990234375,1120774200
2023-12-13,7446.39990234375,7483.39990234375,7446.0,7469.10009765625,1049124400
2023-12-14,7469.10009765625,7599.39990234375,7469.10009765625,7599.39990234375,1506091200
2023-12-15,7599.39990234375,7683.7001953125,7599.39990234375,7661.89990234375,3025111400
2023-12-18,7661.89990234375,7667.39990234375,7629.7001953125,7649.60009765625,1028189900
2023-12-19,7649.60009765625,7719.5,7648.39990234375,7715.89990234375,1124059000
2023-12-20,7715.89990234375,7778.5,7715.89990234375,7764.0,1169072100
2023-12-21,7764.0,7764.0,7711.2001953125,7727.7998046875,1147398800
2023-12-22,7727.7998046875,7747.7998046875,7722.10009765625,7730.2001953125,975485100
2023-12-27,7730.2001953125,7823.0,7730.2001953125,7796.7001953125,663624500
2023-12-28,7796.7001953125,7852.10009765625,7796.7001953125,7852.10009765625,665089300
2023-12-29,7852.10009765625,7852.10009765625,7815.60009765625,7829.5,647413500
2024-01-02,7829.5,7870.89990234375,7823.2001953125,7867.39990234375,276833400
2024-01-03,7867.39990234375,7867.39990234375,7755.7998046875,7757.2998046875,754620300
2024-01-04,7757.2998046875,7763.2998046875,7714.7998046875,7730.60009765625,754754300
2024-01-05,7730.60009765625,7750.2998046875,7717.5,7718.39990234375,681984100
2024-01-08,7718.39990234375,7732.5,7667.2998046875,7676.7998046875,872107900
2024-01-09,7676.7998046875,7770.5,7676.7998046875,7749.5,841846600
2024-01-10,7749.5,7749.5,7697.10009765625,7702.7001953125,913555000
2024-01-11,7702.7001953125,7748.39990234375,7702.10009765625,7736.7998046875,843201500
2024-01-12,7736.7998046875,7736.7998046875,7705.5,7730.5,857925600
2024-01-15,7730.5,7739.39990234375,7709.7001953125,7730.10009765625,898120900
2024-01-16,7730.10009765625,7730.10009765625,7632.89990234375,7647.10009765625,923104000
2024-01-17,7647.10009765625,7650.7001953125,7604.0,7622.5,1066430600
2024-01-18,7575.60009765625,7677.10009765625,7575.60009765625,7674.2998046875,253393600
2024-01-19,7575.60009765625,7678.7998046875,7575.60009765625,7652.2998046875,1023901500
2024-01-22,7652.2998046875,7708.5,7652.2998046875,7702.2998046875,1102106400
2024-01-23,7702.2998046875,7757.89990234375,7702.2998046875,7742.10009765625,989087900
2024-01-24,7742.10009765625,7766.0,7728.7001953125,7748.10009765625,976061900
2024-01-25,7748.10009765625,7787.0,7748.10009765625,7785.2001953125,920867400
2024-01-29,7785.2001953125,7812.7998046875,7775.7001953125,7808.2998046875,1076718100
2024-01-30,7808.2998046875,7862.60009765625,7808.2998046875,7835.0,1075143100
2024-01-31,7835.0,7913.89990234375,7805.2001953125,7912.7998046875,1332525500
2024-02-01,7912.7998046875,7912.7998046875,7808.2001953125,7818.7998046875,1032895900
2024-02-02,7818.7998046875,7934.89990234375,7818.7998046875,7931.60009765625,1114678900
2024-02-05,7931.60009765625,7931.60009765625,7824.89990234375,7855.39990234375,885414300
2024-02-06,7855.39990234375,7855.39990234375,7769.2001953125,7808.89990234375,1018221400
2024-02-07,7850.89990234375,7891.7998046875,7850.89990234375,7860.89990234375,197109800
2024-02-08,7850.89990234375,7897.39990234375,7850.89990234375,7875.2001953125,1035531700
2024-02-09,7875.2001953125,7894.7001953125,7866.5,7884.7001953125,985545400
2024-02-12,7884.7001953125,7884.7001953125,7854.0,7860.2998046875,793953100
2024-02-13,7860.2998046875,7878.2998046875,7843.7001953125,7847.7998046875,1091491000
2024-02-14,7847.7998046875,7847.7998046875,7731.0,7790.5,1221097700
2024-02-15,7790.5,7865.0,7782.89990234375,7851.7001953125,1365125700
2024-02-16,7851.7001953125,7927.0,7851.7001953125,7905.60009765625,1420785600
2024-02-19,7905.60009765625,7931.2998046875,7901.10009765625,7913.2998046875,1192043400
2024-02-20,7913.2998046875,7923.10009765625,7880.39990234375,7911.5,1445186400
2024-02-21,7860.0,7866.60009765625,7842.5,7851.7998046875,1367416700
2024-02-22,7860.0,7870.2998046875,7839.10009765625,7865.2998046875,2603805600
2024-02-23,7865.2998046875,7918.10009765625,7865.2998046875,7899.2001953125,1510153400
2024-02-26,7899.2001953125,7938.7001953125,7890.60009765625,7908.10009765625,1371289000
2024-02-27,7908.10009765625,7923.7001953125,7863.5,7922.2001953125,1297063700
2024-02-28,7922.2001953125,7939.10009765625,7892.89990234375,7917.10009765625,1476135800
2024-02-29,7917.10009765625,7963.7998046875,7886.89990234375,7959.5,2508968100
2024-03-01,7959.5,8007.10009765625,7957.7998046875,8007.10009765625,1386501900
2024-03-04,8007.10009765625,8033.7001953125,7987.7001953125,7996.5,1393707600
2024-03-05,7996.5,8013.7001953125,7972.2998046875,7988.2998046875,1258928600
2024-03-06,7988.2998046875,7994.7001953125,7951.2001953125,7990.2998046875,1197369600
2024-03-07,7990.2998046875,8029.39990234375,7977.7998046875,8026.7001953125,1140407100
2024-03-08,8026.7001953125,8112.60009765625,8026.7001953125,8107.5,1275955300
2024-03-11,8107.5,8107.5,7956.10009765625,7963.60009765625,941806800
2024-03-12,7963.60009765625,7992.7998046875,7961.0,7973.0,1143792800
2024-03-13,7973.0,8002.7001953125,7971.2998046875,7989.5,1084917000
2024-03-14,7989.5,8002.5,7961.2001953125,7974.0,1473156900
2024-03-15,7974.0,7974.0,7848.2998046875,7923.7998046875,4081833400
2024-03-18,7923.7998046875,7929.0,7894.2001953125,7925.2001953125,1153161100
2024-03-19,7925.2001953125,7961.7998046875,7917.39990234375,7957.7998046875,1104225300
2024-03-20,7957.7998046875,7993.0,7952.60009765625,7954.5,1160928300
2024-03-21,7954.5,8049.39990234375,7954.5,8044.60009765625,1372889600
2024-03-22,8044.60009765625,8049.10009765625,7997.89990234375,8026.2998046875,1095435400
2024-03-25,8026.2998046875,8103.5,8026.2998046875,8071.5,846056400
2024-03-26,8071.5,8071.5,8030.2001953125,8036.7001953125,1104695800
2024-03-27,8036.7001953125,8073.60009765625,8029.2001953125,8073.60009765625,1129921800
2024-03-28,8073.60009765625,8154.10009765625,8073.60009765625,8153.7001953125,1284949400
2024-04-02,8153.7001953125,8168.0,8127.7001953125,8145.7998046875,1210212300
2024-04-03,8145.7998046875,8152.7001953125,8022.2001953125,8033.60009765625,1131247900
2024-04-04,8033.60009765625,8086.60009765625,8033.60009765625,8072.5,1206809500
2024-04-05,8072.5,8072.5,7995.60009765625,8026.0,1034899700
2024-04-08,8026.0,8057.7001953125,8022.2998046875,8044.89990234375,1006024400
2024-04-09,8044.89990234375,8091.10009765625,8044.89990234375,8081.2001953125,1037210500
2024-04-10,8081.2001953125,8129.39990234375,8081.2001953125,8109.7001953125,1052910800
2024-04-11,8109.7001953125,8109.7001953125,8011.2998046875,8074.10009765625,1030454800
2024-04-12,8074.10009765625,8074.10009765625,8028.39990234375,8050.2001953125,1139425500
2024-04-15,8050.2001953125,8050.60009765625,7991.2001953125,8009.39990234375,1133625600
2024-04-16,8009.39990234375,8009.39990234375,7836.7998046875,7862.2998046875,1673711600
2024-04-17,7862.2998046875,7891.2001953125,7847.7001953125,7861.0,1060440400
2024-04-18,7861.0,7912.7998046875,7861.0,7898.89990234375,1030933300
2024-04-19,7898.89990234375,7898.89990234375,7743.2998046875,7817.39990234375,1267405000
2024-04-22,7817.39990234375,7927.89990234375,7817.39990234375,7902.0,1003751800
2024-04-23,7902.0,7946.7001953125,7901.5,7937.89990234375,971273300
2024-04-24,7937.89990234375,7979.39990234375,7933.2001953125,7937.5,1026260800
2024-04-26,7937.5,7937.5,7829.39990234375,7837.39990234375,977076800
2024-04-29,7837.39990234375,7913.39990234375,7837.39990234375,7906.60009765625,1034733000
2024-04-30,7906.60009765625,7932.0,7893.2998046875,7932.0,1252781000
2024-05-01,7932.0,7932.0,7818.89990234375,7831.89990234375,1041923700
2024-05-02,7831.89990234375,7875.39990234375,7831.89990234375,7849.39990234375,1240162700
2024-05-03,7849.39990234375,7907.0,7849.39990234375,7897.5,1133426000
2024-05-06,7897.5,7953.39990234375,7897.5,7952.2998046875,919014700
2024-05-07,7952.2998046875,8065.5,7952.2998046875,8065.5,1137766900
2024-05-08,8065.5,8084.5,8059.60009765625,8076.7001953125,924346300
2024-05-09,8076.7001953125,8076.7001953125,7987.39990234375,7994.2001953125,997652000
2024-05-10,7994.2001953125,8041.0,7994.2001953125,8022.7001953125,1030371300
2024-05-13,8022.7001953125,8022.7001953125,7992.2998046875,8019.39990234375,960516700
2024-05-14,8019.39990234375,8019.39990234375,7983.60009765625,7995.7001953125,963862300
2024-05-15,7995.7001953125,8054.10009765625,7995.7001953125,8020.89990234375,922233800
2024-05-16,8020.89990234375,8167.2998046875,8020.89990234375,8150.10009765625,1141158500
2024-05-17,8150.10009765625,8153.0,8079.5,8082.2998046875,1668684300
2024-05-20,8082.2998046875,8142.39990234375,8082.2998046875,8132.10009765625,1231240600
2024-05-21,8132.10009765625,8137.7998046875,8112.5,8120.2001953125,1418595300
2024-05-22,8120.2001953125,8150.60009765625,8118.2998046875,8118.2998046875,1211921200
2024-05-23,8118.2998046875,8118.2998046875,8037.7001953125,8083.10009765625,1014203400
2024-05-24,8083.10009765625,8083.10009765625,7986.89990234375,7999.2001953125,908395400
2024-05-27,8005.2998046875,8062.39990234375,8005.2998046875,8058.60009765625,885305900
2024-05-28,8058.60009765625,8071.39990234375,8034.7001953125,8034.89990234375,911859100
2024-05-29,8034.89990234375,8034.89990234375,7930.2001953125,7935.7001953125,1152389300
2024-05-30,7935.7001953125,7935.7001953125,7872.2001953125,7895.89990234375,1083394800
2024-05-31,7895.89990234375,7970.7998046875,7895.89990234375,7970.7998046875,1976439900
2024-06-03,7970.7998046875,8044.7998046875,7970.7998046875,8024.10009765625,822346600
2024-06-04,8024.10009765625,8029.2001953125,7994.10009765625,7994.10009765625,913756800
2024-06-05,7994.10009765625,8026.2001953125,7986.5,8022.2001953125,1039550000
2024-06-06,8022.2001953125,8090.2998046875,8022.2001953125,8074.2998046875,952375000
2024-06-07,8074.2998046875,8115.10009765625,8074.2998046875,8112.7998046875,902266500
2024-06-11,8112.7998046875,8112.7998046875,7986.89990234375,8005.89990234375,1156109500
2024-06-12,8005.7998046875,8005.7998046875,7948.2001953125,7963.10009765625,1091879700
2024-06-13,7963.10009765625,8029.5,7962.2998046875,8002.5,1126887100
2024-06-14,8002.5,8004.2998046875,7968.7998046875,7974.7998046875,971622500
2024-06-17,7974.7998046875,7976.89990234375,7941.0,7943.60009765625,1032878600
2024-06-18,7943.5,8018.10009765625,7942.60009765625,8015.7998046875,1117182500
2024-06-19,8015.7998046875,8026.89990234375,7995.2001953125,8010.5,1014360500
2024-06-20,8010.5,8013.0,7995.7998046875,8012.10009765625,1280692100
2024-06-21,8012.10009765625,8040.5,7995.5,8039.89990234375,2498128600
2024-06-24,8039.89990234375,8040.0,7970.39990234375,7975.10009765625,1129917300
2024-06-25,7978.10009765625,8076.89990234375,7978.10009765625,8076.89990234375,1128852600
2024-06-26,8076.89990234375,8076.89990234375,7986.39990234375,8022.89990234375,1301171500
2024-06-27,8022.89990234375,8022.89990234375,7898.0,8002.7998046875,1391341800
2024-06-28,8002.7998046875,8061.89990234375,7998.5,8013.7998046875,1447274400
2024-07-01,8013.7998046875,8013.7998046875,7958.2998046875,7992.2998046875,927607500
2024-07-02,7992.2998046875,7995.89990234375,7944.39990234375,7959.7001953125,1010535000
2024-07-03,7959.7001953125,7989.10009765625,7959.7001953125,7986.10009765625,928215000
2024-07-04,7986.10009765625,8082.5,7986.10009765625,8079.2001953125,1022610200
2024-07-05,8079.10009765625,8079.10009765625,8055.2001953125,8070.10009765625,768458700
2024-07-08,8070.10009765625,8070.10009765625,8008.39990234375,8012.2001953125,903195700
2024-07-09,8012.2001953125,8077.10009765625,8012.2001953125,8075.2001953125,896271800
2024-07-10,8075.2001953125,8075.2001953125,8025.5,8058.2998046875,903051500
2024-07-11,8058.2998046875,8144.2001953125,8058.2998046875,8133.39990234375,988170500
2024-07-12,8133.39990234375,8212.599609375,8133.10009765625,8206.099609375,1048256400
2024-07-15,8206.099609375,8281.400390625,8206.099609375,8262.400390625,991793600
2024-07-16,8262.400390625,8264.2998046875,8241.099609375,8243.2998046875,972456700
2024-07-17,8243.2998046875,8329.5,8243.2998046875,8303.5,1043814000
2024-07-18,8303.5,8309.7001953125,8263.5,8272.7001953125,1084396900
2024-07-19,8272.7001953125,8272.7001953125,8161.5,8209.2001953125,990610800
2024-07-22,8209.2001953125,8209.2001953125,8138.2001953125,8166.39990234375,811474100
2024-07-23,8166.39990234375,8229.2998046875,8166.39990234375,8208.599609375,1116310800
2024-07-24,8208.599609375,8214.599609375,8184.60009765625,8205.5,1010784300
2024-07-25,8205.5,8205.5,8094.2998046875,8094.2998046875,1146254000
2024-07-26,8094.2998046875,8171.89990234375,8094.2998046875,8153.39990234375,1041945000
2024-07-29,8153.39990234375,8235.5,8153.39990234375,8224.2998046875,919434900
2024-07-30,8224.2998046875,8224.2998046875,8122.7001953125,8176.60009765625,878072500
2024-07-31,8176.60009765625,8320.400390625,8176.2998046875,8320.400390625,1524301600
2024-08-01,8320.400390625,8375.7998046875,8320.400390625,8343.7998046875,970071800
2024-08-02,8343.7998046875,8343.7998046875,8148.5,8170.39990234375,1230809900
2024-08-05,8170.39990234375,8170.39990234375,7847.2998046875,7859.39990234375,1489001300
2024-08-06,7859.39990234375,7926.2001953125,7838.0,7890.10009765625,1267964100
2024-08-07,7890.10009765625,7950.2998046875,7852.89990234375,7913.10009765625,1408921500
2024-08-08,7913.10009765625,7913.10009765625,7855.2998046875,7886.5,1123825600
2024-08-09,7886.5,8004.89990234375,7886.5,7990.7001953125,858851900
2024-08-12,7990.7001953125,8048.89990234375,7990.7001953125,8028.5,804423200
2024-08-13,8028.5,8050.89990234375,8018.2001953125,8042.2001953125,1039887100
2024-08-14,8042.2001953125,8130.7001953125,8042.2001953125,8070.2001953125,1239680300
2024-08-15,8070.2001953125,8118.2998046875,8066.60009765625,8083.7998046875,1261524100
2024-08-16,8083.7998046875,8196.5,8083.7998046875,8189.89990234375,1523756000
2024-08-19,8189.89990234375,8207.2001953125,8167.7001953125,8194.7998046875,932145400
2024-08-20,8194.7998046875,8235.400390625,8194.7998046875,8207.599609375,1058004800
2024-08-21,8207.599609375,8234.0,8168.60009765625,8234.0,1168106800
2024-08-22,8234.0,8268.7001953125,8234.0,8258.099609375,1098143300
2024-08-23,8258.099609375,8258.099609375,8218.7998046875,8249.099609375,1067707500
2024-08-26,8249.099609375,8317.5,8249.099609375,8311.5,1117724300
2024-08-27,8311.5,8329.900390625,8288.0,8297.099609375,1179721600
2024-08-28,8297.099609375,8297.099609375,8235.7001953125,8291.2998046875,1307471900
2024-08-29,8291.2998046875,8291.2998046875,8237.099609375,8263.599609375,1718793500
2024-08-30,8263.599609375,8316.7001953125,8263.599609375,8316.7001953125,2073382700
2024-09-02,8316.2998046875,8337.5,8267.2998046875,8330.7998046875,1283197800
2024-09-03,8330.7998046875,8331.0,8296.2998046875,8322.7001953125,1162991100
2024-09-04,8322.7001953125,8322.7001953125,8136.5,8157.0,1291672100
2024-09-05,8157.0,8198.2001953125,8157.0,8187.7001953125,1310551600
2024-09-06,8187.7001953125,8232.2998046875,8187.7001953125,8214.7998046875,1102740800
2024-09-09,8214.7998046875,8214.7998046875,8118.39990234375,8191.89990234375,1180324100
2024-09-10,8191.89990234375,8259.7001953125,8191.89990234375,8217.0,1081728800
2024-09-11,8217.0,8229.900390625,8171.89990234375,8195.2001953125,1376567200
2024-09-12,8195.2001953125,8296.400390625,8188.2001953125,8293.099609375,1195536100
2024-09-13,8293.099609375,8362.2001953125,8293.099609375,8323.5,1217793900
2024-09-16,8323.5,8366.400390625,8323.5,8341.099609375,1035699000
2024-09-17,8341.099609375,8371.7998046875,8341.099609375,8361.2001953125,866332000
2024-09-18,8361.2001953125,8375.599609375,8335.599609375,8364.2998046875,952528100
2024-09-19,8364.2998046875,8425.400390625,8355.7001953125,8417.0,1332630800
2024-09-20,8417.0,8474.099609375,8415.7998046875,8437.2001953125,3869871200
2024-09-23,8437.2001953125,8437.2001953125,8359.0,8384.2001953125,1089883600
2024-09-24,8384.2001953125,8407.900390625,8350.5,8385.099609375,1298125700
2024-09-25,8385.099609375,8424.7998046875,8361.400390625,8372.7998046875,1222034700
2024-09-26,8372.7998046875,8464.7998046875,8372.7998046875,8462.7998046875,1336922300
2024-09-27,8462.7998046875,8487.7998046875,8462.7998046875,8476.7998046875,1666168700
2024-09-30,8476.7998046875,8552.599609375,8476.7998046875,8538.400390625,1585006100
2024-10-01,8538.400390625,8538.400390625,8460.900390625,8481.900390625,1001653200
2024-10-02,8481.900390625,8487.2998046875,8448.0,8469.900390625,1068747400
2024-10-03,8469.900390625,8493.2001953125,8454.900390625,8474.2998046875,1073951400
2024-10-04,8474.2998046875,8474.2998046875,8373.7001953125,8416.599609375,983588700
2024-10-07,8416.599609375,8483.599609375,8416.599609375,8479.0,1138062700
2024-10-08,8479.0,8495.2998046875,8429.400390625,8443.7001953125,1087288500
2024-10-09,8443.7001953125,8496.5,8441.2998046875,8456.7998046875,952236800
2024-10-10,8456.7998046875,8515.2001953125,8456.7998046875,8498.7001953125,1087045200
2024-10-11,8498.7001953125,8505.0,8478.2998046875,8491.5,897255600
2024-10-14,8491.5,8547.7001953125,8491.5,8529.5,933403700
2024-10-15,8529.5,8608.2001953125,8529.5,8598.599609375,1029143100
2024-10-16,8598.599609375,8598.599609375,8552.599609375,8556.599609375,934293100
2024-10-17,8556.599609375,8654.7001953125,8556.599609375,8624.099609375,1421427300
2024-10-18,8624.099609375,8624.099609375,8530.400390625,8551.2001953125,1257990000
2024-10-21,8551.900390625,8618.099609375,8551.900390625,8604.099609375,1197593900
2024-10-22,8604.099609375,8604.099609375,8465.900390625,8469.0,1064689800
2024-10-23,8469.0,8495.7998046875,8460.7998046875,8476.2998046875,1035741800
2024-10-24,8476.2998046875,8494.900390625,8437.7998046875,8453.900390625,1070522000
2024-10-25,8453.900390625,8504.400390625,8453.900390625,8467.2998046875,946685600
2024-10-28,8467.2998046875,8485.099609375,8454.7998046875,8478.2001953125,920438300
2024-10-29,8478.2001953125,8528.2001953125,8478.2001953125,8505.900390625,1119481200
2024-10-30,8505.900390625,8515.099609375,8427.900390625,8439.5,1204219300
2024-10-31,8439.5,8444.2001953125,8391.7998046875,8422.099609375,1259175400
2024-11-01,8422.099609375,8422.099609375,8323.900390625,8379.7001953125,946771600
2024-11-04,8379.7001953125,8437.2998046875,8379.7001953125,8422.7998046875,887028900
2024-11-05,8422.7998046875,8423.099609375,8369.7998046875,8387.7998046875,661964800
2024-11-06,8387.7998046875,8481.400390625,8387.7998046875,8456.0,860812900
2024-11-07,8456.0,8489.900390625,8405.2001953125,8481.599609375,1270977200
2024-11-08,8481.599609375,8580.0,8481.599609375,8552.599609375,1042255800
2024-11-11,8552.599609375,8552.599609375,8502.400390625,8518.900390625,992689800
2024-11-12,8518.900390625,8518.900390625,8469.900390625,8515.2001953125,1140841900
2024-11-13,8515.2001953125,8515.2001953125,8401.900390625,8450.900390625,997810700
2024-11-14,8450.900390625,8492.099609375,8450.900390625,8479.900390625,1072737200
2024-11-15,8479.900390625,8539.0,8479.900390625,8539.0,1513891400
2024-11-18,8539.0,8571.099609375,8500.2001953125,8554.400390625,1106083300
2024-11-19,8554.400390625,8700.5,8554.400390625,8629.2001953125,1035963900
2024-11-20,8629.2001953125,8635.5,8571.599609375,8579.099609375,993305100
2024-11-21,8579.099609375,8614.7998046875,8549.7998046875,8567.0,1128561200
2024-11-22,8567.0,8657.900390625,8567.0,8633.099609375,1042077400
2024-11-25,8633.099609375,8703.2998046875,8633.099609375,8661.2001953125,1974890200
2024-11-26,8661.2001953125,8682.0,8606.7998046875,8612.599609375,1035853100
2024-11-27,8612.599609375,8671.900390625,8612.599609375,8659.599609375,1023996000
2024-11-28,8659.599609375,8734.099609375,8659.599609375,8700.0,984932400
2024-11-29,8700.0,8700.0,8649.0,8699.099609375,908023300
2024-12-02,8699.099609375,8727.7001953125,8694.0,8705.0,896158800
2024-12-03,8705.0,8771.2998046875,8705.0,8754.7001953125,1037852000
2024-12-04,8754.7001953125,8757.2001953125,8695.5,8728.5,1003150600
2024-12-05,8728.5,8762.7998046875,8728.099609375,8744.5,1046092900
2024-12-06,8744.5,8744.5,8687.7998046875,8689.2998046875,874216700
2024-12-09,8689.2998046875,8689.2998046875,8640.099609375,8687.0,979960700
2024-12-10,8687.0,8716.7998046875,8618.2998046875,8650.0,1262395400
2024-12-11,8650.0,8652.900390625,8600.900390625,8610.400390625,961446100
2024-12-12,8610.400390625,8644.7998046875,8585.2998046875,8586.900390625,1133417200
2024-12-13,8586.900390625,8586.900390625,8520.0,8550.2998046875,927949600
2024-12-16,8550.2998046875,8550.2998046875,8486.099609375,8494.0,1104399900
2024-12-17,8494.0,8572.099609375,8481.2001953125,8558.599609375,993092800
2024-12-18,8558.599609375,8591.599609375,8545.2001953125,8558.599609375,1053943700
2024-12-19,8558.599609375,8558.599609375,8368.599609375,8415.0,1408934400
2024-12-20,8415.0,8415.0,8301.599609375,8316.7001953125,1784420400
2024-12-23,8316.7001953125,8452.7001953125,8316.7001953125,8452.7001953125,737082300
2024-12-24,8452.7001953125,8477.2998046875,8444.7001953125,8471.5,398247000
2024-12-27,8471.5,8538.400390625,8471.400390625,8520.099609375,673938700
2024-12-30,8520.099609375,8520.099609375,8443.7001953125,8496.0,727572900
2024-12-31,8496.0,8496.0,8420.5,8420.5,570902400
2025-01-02,8420.5,8467.099609375,8405.0,8465.0,665954000
2025-01-03,8465.0,8526.0,8464.2001953125,8511.900390625,686894700
2025-01-06,8516.5,8548.7998046875,8516.5,8545.7001953125,137343200
2025-01-07,8516.5,8555.2998046875,8516.5,8542.900390625,816051300
2025-01-08,8542.900390625,8618.7001953125,8517.400390625,8599.400390625,890003500
2025-01-09,8599.400390625,8599.400390625,8541.0,8577.7998046875,889512700
2025-01-10,8577.7998046875,8605.599609375,8512.900390625,8543.7001953125,828239100
2025-01-13,8543.7001953125,8543.7001953125,8402.900390625,8431.900390625,858979000
2025-01-14,8431.900390625,8494.2998046875,8431.900390625,8471.7998046875,851815900
2025-01-15,8471.7998046875,8506.2001953125,8456.7998046875,8456.7998046875,923949700
2025-01-16,8456.7998046875,8592.2998046875,8456.7998046875,8569.099609375,850618300
2025-01-17,8569.099609375,8591.099609375,8549.7001953125,8557.400390625,949205500
2025-01-20,8557.400390625,8602.0,8557.400390625,8594.400390625,845565100
2025-01-21,8594.400390625,8699.7998046875,8594.400390625,8652.7001953125,952898500
2025-01-22,8652.7001953125,8706.900390625,8647.5,8680.5,1127787100
2025-01-23,8680.5,8680.5,8615.2998046875,8629.099609375,960758900
2025-01-24,8629.099609375,8674.0,8629.099609375,8660.400390625,773758400
2025-01-28,8660.400390625,8672.5,8630.7998046875,8644.5,1102893300
2025-01-29,8647.7998046875,8732.7001953125,8643.5,8700.7001953125,1058569200
2025-01-30,8745.900390625,8806.0,8745.900390625,8806.0,186593500
2025-01-31,8745.900390625,8823.5,8745.900390625,8789.7001953125,1249506200
2025-02-03,8789.7001953125,8789.7001953125,8606.7998046875,8628.400390625,1076048200
2025-02-04,8628.400390625,8699.599609375,8628.400390625,8633.400390625,927714400
2025-02-05,8633.400390625,8707.900390625,8633.400390625,8683.400390625,1026647300
2025-02-06,8683.400390625,8787.7998046875,8683.400390625,8785.099609375,933664800
2025-02-07,8785.099609375,8800.099609375,8766.0,8780.2998046875,931478600
2025-02-10,8780.2998046875,8780.2998046875,8712.900390625,8747.599609375,800991200
2025-02-11,8747.599609375,8780.0,8747.2998046875,8751.599609375,1223901000
2025-02-12,8751.599609375,8799.599609375,8737.2998046875,8799.599609375,1147880800
2025-02-13,8799.599609375,8839.5,8799.0,8804.2001953125,1289949700
2025-02-14,8804.2001953125,8882.7001953125,8804.2001953125,8825.099609375,1239909700
2025-02-17,8825.099609375,8825.099609375,8755.0,8811.900390625,1006235200
2025-02-18,8811.900390625,8819.2998046875,8744.2998046875,8756.7001953125,1032233700
2025-02-19,8756.7001953125,8757.7998046875,8673.099609375,8699.099609375,1216173600
2025-02-20,8699.099609375,8699.099609375,8564.7001953125,8601.7001953125,1450210900
2025-02-21,8601.7001953125,8627.7998046875,8567.2998046875,8570.900390625,1088323600
2025-02-24,8558.7998046875,8561.900390625,8475.7001953125,8560.099609375,1177863300
2025-02-25,8560.099609375,8560.099609375,8476.2998046875,8498.0,1183501700
2025-02-26,8498.0,8498.0,8451.7998046875,8477.2998046875,1276427800
2025-02-27,8477.2998046875,8541.900390625,8477.2998046875,8506.099609375,1211724100
2025-02-28,8506.099609375,8506.099609375,8387.599609375,8403.900390625,2710165200
2025-03-03,8403.900390625,8484.400390625,8403.900390625,8478.7998046875,1135653500
2025-03-04,8478.7998046875,8478.7998046875,8374.0,8420.900390625,1163343400
2025-03-05,8420.900390625,8420.900390625,8316.7998046875,8363.099609375,1172723800
2025-03-06,8363.099609375,8398.2001953125,8308.400390625,8326.400390625,1148811300
2025-03-07,8326.400390625,8326.400390625,8176.7998046875,8178.5,1064870800
2025-03-10,8178.5,8208.7998046875,8176.7998046875,8191.7001953125,914489900
2025-03-11,8191.7001953125,8191.7001953125,8031.2998046875,8103.39990234375,1723696600
2025-03-12,8103.39990234375,8103.39990234375,7949.89990234375,8002.60009765625,1411715800
2025-03-13,8002.60009765625,8040.0,7964.0,7966.60009765625,1234846900
2025-03-14,7966.60009765625,8017.5,7958.7998046875,8013.2998046875,1262597100
2025-03-17,8015.7998046875,8089.5,8015.7998046875,8082.10009765625,1154864900
2025-03-18,8082.10009765625,8150.7998046875,8079.39990234375,8089.89990234375,1259735000
2025-03-19,8089.89990234375,8097.60009765625,8035.7998046875,8055.2998046875,1295613000
2025-03-20,8055.2998046875,8160.60009765625,8055.2998046875,8148.89990234375,1538130500
2025-03-21,8148.89990234375,8189.39990234375,8134.2001953125,8158.7001953125,4209634300
2025-03-24,8158.7001953125,8162.7998046875,8125.0,8157.89990234375,1086535300
2025-03-25,8157.89990234375,8217.0,8157.89990234375,8166.7001953125,1112965400
2025-03-26,8166.7001953125,8238.7001953125,8166.7001953125,8225.099609375,1358978300
2025-03-27,8225.099609375,8225.099609375,8159.10009765625,8185.5,1215758500
2025-03-28,8185.5,8216.5,8156.7998046875,8195.5,1094946300
2025-03-31,8195.5,8195.5,8053.2001953125,8053.2001953125,1429449000
2025-04-01,8053.2001953125,8127.7998046875,8053.2001953125,8126.89990234375,1098638000
2025-04-02,8126.89990234375,8180.60009765625,8126.89990234375,8133.10009765625,1173981800
2025-04-03,8133.10009765625,8133.10009765625,7963.7001953125,8052.7001953125,1411438400
2025-04-04,8052.7001953125,8052.7001953125,7843.89990234375,7847.60009765625,1739647000
2025-04-07,7847.60009765625,7847.60009765625,7343.7001953125,7524.2998046875,2615550800
2025-04-08,7524.2998046875,7704.39990234375,7524.2998046875,7704.39990234375,1569374200
2025-04-09,7704.39990234375,7704.39990234375,7537.7998046875,7561.7001953125,1522050600
2025-04-10,7561.7001953125,8043.89990234375,7561.7001953125,7913.89990234375,1687926100
2025-04-11,7913.89990234375,7913.89990234375,7731.2998046875,7853.7001953125,1419748500
2025-04-14,7853.7001953125,7974.5,7853.7001953125,7959.7001953125,1099380900
2025-04-15,7959.7001953125,8006.39990234375,7954.89990234375,7969.89990234375,1180891400
2025-04-16,7969.89990234375,7994.39990234375,7954.60009765625,7961.7001953125,1257019300
2025-04-17,7961.7001953125,8021.89990234375,7960.39990234375,8021.89990234375,1266832900
2025-04-22,8021.89990234375,8021.89990234375,7948.10009765625,8013.7001953125,1231762400
2025-04-23,8013.7001953125,8160.2998046875,8013.7001953125,8125.2001953125,1608433500
2025-04-24,8125.2001953125,8190.60009765625,8125.2001953125,8175.10009765625,1111762500
2025-04-28,8175.10009765625,8258.7998046875,8175.10009765625,8203.900390625,1361472300
2025-04-29,8203.900390625,8291.599609375,8203.900390625,8287.900390625,1204942000
2025-04-30,8287.900390625,8341.0,8286.7998046875,8341.0,1509702500
2025-05-01,8341.0,8372.900390625,8326.400390625,8365.7001953125,1160910300
2025-05-02,8365.7001953125,8457.7001953125,8349.2001953125,8456.2001953125,1169486900
2025-05-05,8456.2001953125,8458.7001953125,8374.0,8374.0,1037582600
2025-05-06,8374.0,8386.599609375,8352.2998046875,8369.2998046875,994105200
2025-05-07,8369.2998046875,8412.599609375,8367.599609375,8399.7998046875,1302933100
2025-05-08,8399.7998046875,8440.7001953125,8381.7998046875,8421.7001953125,1201852100
2025-05-09,8421.7001953125,8472.7001953125,8414.099609375,8462.599609375,1223837100
2025-05-12,8462.599609375,8509.7998046875,8462.599609375,8467.0,1176670100
2025-05-13,8467.0,8555.900390625,8467.0,8510.7001953125,1541844800
2025-05-14,8510.7001953125,8520.2998046875,8493.099609375,8520.2001953125,1390946400
2025-05-15,8520.2001953125,8536.2001953125,8496.2001953125,8529.7998046875,1193039500
2025-05-16,8529.7998046875,8629.2998046875,8529.7998046875,8579.900390625,1500378500
2025-05-19,8579.900390625,8579.900390625,8513.7998046875,8524.7998046875,1080482400
2025-05-20,8524.7998046875,8592.599609375,8524.7998046875,8573.400390625,1067812000
2025-05-21,8573.400390625,8647.2001953125,8573.400390625,8611.7001953125,1081752800
2025-05-22,8611.7001953125,8611.7001953125,8535.7998046875,8571.400390625,1357276800
2025-05-23,8571.400390625,8604.2001953125,8561.599609375,8586.7001953125,955753500
2025-05-26,8586.5,8597.7001953125,8574.2998046875,8588.7998046875,969169800
2025-05-27,8588.7998046875,8632.2998046875,8584.099609375,8631.5,976978900
2025-05-28,8629.7998046875,8680.2998046875,8620.400390625,8624.900390625,1113690900
2025-05-29,8624.900390625,8654.099609375,8621.400390625,8637.7998046875,1054921900
2025-05-30,8637.7998046875,8666.0,8606.2001953125,8660.2998046875,2945042300
2025-06-02,8660.2998046875,8661.599609375,8625.7001953125,8637.5,1084762800
2025-06-03,8637.5,8705.7001953125,8637.5,8690.900390625,1124767300
2025-06-04,8690.900390625,8772.7998046875,8690.900390625,8770.2001953125,1277740700
2025-06-05,8770.2001953125,8796.7001953125,8757.900390625,8768.599609375,1255718000
2025-06-06,8768.599609375,8783.7998046875,8741.900390625,8741.900390625,1006279600
2025-06-10,8741.900390625,8817.5,8741.900390625,8812.7001953125,1463458800
2025-06-11,8812.7001953125,8864.599609375,8812.7001953125,8819.7001953125,1294873200
2025-06-12,8819.7001953125,8845.400390625,8796.0,8796.0,1550352600
2025-06-13,8796.0,8807.2001953125,8745.7998046875,8770.599609375,1364474700
2025-06-16,8770.7001953125,8803.0,8763.0,8775.0,1293072000
2025-06-17,8775.0,8797.400390625,8755.7001953125,8771.099609375,1300891600
2025-06-18,8771.099609375,8779.099609375,8750.7998046875,8757.900390625,1205274300
2025-06-19,8757.900390625,8761.400390625,8727.0,8741.400390625,1370483800
2025-06-20,8741.400390625,8744.0,8683.7998046875,8723.5,2692531000
2025-06-23,8723.5,8723.5,8633.2001953125,8688.0,1131080100
2025-06-24,8688.0,8791.099609375,8688.0,8774.7998046875,1170886100
2025-06-25,8774.7998046875,8794.900390625,8766.5,8779.900390625,1260368400
2025-06-26,8779.900390625,8781.599609375,8754.2998046875,8773.599609375,1312034600
2025-06-27,8773.599609375,8830.900390625,8743.599609375,8743.599609375,1528842000
2025-06-30,8743.599609375,8804.099609375,8743.599609375,8773.0,1529898700
2025-07-01,8773.0,8804.5,8770.400390625,8772.0,1327714600
2025-07-02,8772.0,8843.5,8771.2001953125,8828.7001953125,1263786800
2025-07-03,8828.2001953125,8859.099609375,8778.900390625,8833.599609375,1234140000
2025-07-04,8833.599609375,8856.400390625,8829.599609375,8841.900390625,871944400
2025-07-07,8841.900390625,8853.900390625,8811.7998046875,8826.400390625,834000000
2025-07-08,8826.099609375,8847.099609375,8786.2001953125,8828.7001953125,1214182000
2025-07-09,8828.7001953125,8828.7001953125,8770.099609375,8777.900390625,1130568500
2025-07-10,8777.900390625,8847.0,8777.900390625,8826.7001953125,875993300
2025-07-11,8826.7001953125,8860.099609375,8808.2998046875,8820.2998046875,1044674600
2025-07-14,8820.7998046875,8835.7001953125,8799.7001953125,8815.2998046875,969710000
2025-07-15,8815.2998046875,8877.099609375,8815.2998046875,8875.2998046875,996009800
2025-07-16,8875.2998046875,8875.2998046875,8791.400390625,8816.400390625,985104200
2025-07-17,8816.400390625,8892.7001953125,8816.400390625,8890.7998046875,1194500900
2025-07-18,8890.7998046875,9024.900390625,8890.7998046875,9006.7998046875,1267724700
2025-07-21,9005.2998046875,9005.2998046875,8904.7001953125,8926.2001953125,1009797200
2025-07-22,8926.2001953125,8970.0,8915.5,8941.5,1315401900
2025-07-23,8941.5,9011.2001953125,8941.5,9001.400390625,1282774500
2025-07-24,9001.400390625,9026.2998046875,8968.599609375,8979.400390625,1467801500
2025-07-25,8979.400390625,8979.400390625,8926.7001953125,8934.2998046875,1078872100
2025-07-28,8934.5,8972.7998046875,8934.5,8963.5,1241280800
2025-07-29,8962.0,8966.7001953125,8909.0,8966.7001953125,1188149400
2025-07-30,8965.599609375,9031.0,8949.0,9015.400390625,1268141000
2025-07-31,9015.400390625,9015.400390625,8958.900390625,8999.0,1280857300
2025-08-01,8999.0,8999.0,8906.900390625,8917.099609375,1101651300
2025-08-04,8917.099609375,8924.7998046875,8884.400390625,8922.0,925705700
2025-08-05,8922.0,9032.7001953125,8922.0,9028.7998046875,1087266100
2025-08-06,9028.7998046875,9115.400390625,9028.7998046875,9111.099609375,1128682300
2025-08-07,9105.5,9113.400390625,9088.099609375,9102.0,1171531100
2025-08-08,9102.0,9102.0,9059.099609375,9076.599609375,1262123700
2025-08-11,9083.7998046875,9122.599609375,9083.7998046875,9117.599609375,1222489800
2025-08-12,9117.599609375,9154.2998046875,9097.2998046875,9150.2998046875,1225699200
2025-08-13,9150.2998046875,9163.2001953125,9092.900390625,9103.099609375,1110138900
2025-08-14,9103.099609375,9173.2001953125,9103.099609375,9149.099609375,1266305100
2025-08-15,9146.599609375,9212.099609375,9141.5,9212.099609375,1066081800
2025-08-18,9212.099609375,9237.2998046875,9188.400390625,9233.5,999866700
2025-08-19,9233.5,9233.5,9164.5,9173.7998046875,1131711200
2025-08-20,9173.7998046875,9212.099609375,9135.900390625,9177.400390625,1495094900
2025-08-21,9177.400390625,9284.2001953125,9177.400390625,9284.2001953125,1315219500
2025-08-22,9284.2001953125,9290.0,9234.2998046875,9234.2998046875,1377913200
2025-08-25,9234.2998046875,9322.099609375,9234.2998046875,9245.0,1399948900
2025-08-26,9245.0,9252.900390625,9183.599609375,9207.2998046875,1898345300
2025-08-27,9207.2998046875,9232.2001953125,9203.5,9231.099609375,1592732000
2025-08-28,9231.099609375,9241.599609375,9211.7998046875,9241.099609375,1448738300
2025-08-29,9241.099609375,9259.5,9217.2998046875,9243.0,1588610000
2025-09-01,9243.0,9243.0,9176.900390625,9196.7998046875,1168054900
2025-09-02,9196.7998046875,9196.7998046875,9160.599609375,9168.0,1120136000
2025-09-03,9168.0,9168.0,9003.099609375,9010.099609375,1402429300
2025-09-04,9010.099609375,9096.599609375,9010.099609375,9091.400390625,1480087800
2025-09-05,9091.400390625,9145.900390625,9091.400390625,9140.5,1252704900
2025-09-08,9140.5,9140.5,9103.7001953125,9126.900390625,1238346000
2025-09-09,9126.900390625,9126.900390625,9061.0,9080.7001953125,1448585500
2025-09-10,9080.7001953125,9102.7998046875,9065.7001953125,9095.2001953125,1596669800
2025-09-11,9095.2001953125,9095.2001953125,9049.2998046875,9071.400390625,1407095100
2025-09-12,9071.400390625,9154.2998046875,9071.400390625,9128.7001953125,1116545100
2025-09-15,9128.7001953125,9128.7001953125,9059.099609375,9120.900390625,1097824600
2025-09-16,9120.900390625,9160.599609375,9120.900390625,9151.2001953125,1165292600
2025-09-17,9151.2001953125,9151.2001953125,9079.599609375,9094.900390625,1235862000
2025-09-18,9094.900390625,9094.900390625,9014.7998046875,9030.900390625,1311287300
2025-09-19,9030.900390625,9112.400390625,9030.900390625,9061.2001953125,4678543200
2025-09-22,9061.2001953125,9133.099609375,9061.2001953125,9102.099609375,1412606600
2025-09-23,9102.099609375,9166.099609375,9102.099609375,9137.7998046875,1489183800
2025-09-24,9137.7998046875,9137.7998046875,9036.400390625,9057.599609375,1301706900
2025-09-25,9057.599609375,9083.400390625,9029.5,9063.400390625,1440979500
2025-09-26,9063.400390625,9085.0,9035.2998046875,9079.2001953125,1406920800
2025-09-29,9079.2001953125,9157.599609375,9079.2001953125,9148.5,1170616100
2025-09-30,9148.5,9177.2001953125,9129.400390625,9135.900390625,1565792000
2025-10-01,9135.900390625,9154.5,9097.2001953125,9136.599609375,1421256600
2025-10-02,9136.599609375,9257.7001953125,9136.599609375,9240.2998046875,1495919300
2025-10-03,9240.2998046875,9294.7998046875,9226.400390625,9288.099609375,1280925700
2025-10-06,9288.099609375,9325.7001953125,9269.599609375,9280.0,1143637700
2025-10-07,9280.0,9283.400390625,9238.2001953125,9253.599609375,1579494300
2025-10-08,9253.599609375,9261.0,9208.7998046875,9244.7998046875,1563261200
2025-10-09,9244.7998046875,9299.900390625,9244.7998046875,9276.599609375,1504456400
2025-10-10,9276.599609375,9284.2001953125,9241.400390625,9264.2998046875,1410740500
2025-10-13,9264.2998046875,9264.2998046875,9169.0,9183.2998046875,873022300
2025-10-14,9183.2998046875,9223.400390625,9154.2998046875,9208.5,1921542000
2025-10-15,9208.5,9299.0,9208.5,9299.0,1783018900
2025-10-16,9299.0,9413.2001953125,9299.0,9375.900390625,1700108400
2025-10-17,9375.900390625,9375.900390625,9287.5,9293.2001953125,1675179800
2025-10-20,9293.2001953125,9326.599609375,9257.7001953125,9324.599609375,1443505100
2025-10-21,9324.599609375,9414.599609375,9324.599609375,9390.099609375,1957246400
2025-10-22,9390.099609375,9390.099609375,9284.099609375,9321.099609375,1744544700
2025-10-23,9321.099609375,9337.099609375,9278.2001953125,9329.099609375,1261930100
2025-10-24,9329.099609375,9353.099609375,9309.599609375,9317.2001953125,1261470100
2025-10-27,9317.2001953125,9381.2001953125,9317.2001953125,9351.900390625,1369898700
2025-10-28,9351.900390625,9351.900390625,9288.599609375,9295.7998046875,1518554600
2025-10-29,9295.7998046875,9308.900390625,9213.599609375,9218.7998046875,1348369800
2025-10-30,9218.7998046875,9218.7998046875,9167.7998046875,9178.900390625,1373564500
2025-10-31,9178.900390625,9237.2001953125,9178.0,9178.0,1453172900
2025-11-03,9178.0,9182.5,9128.0,9182.5,1369353200
2025-11-04,9182.5,9182.5,9085.599609375,9098.2001953125,1125791100
2025-11-05,9098.2001953125,9104.0,8997.0,9071.2001953125,1523422900
2025-11-06,9098.599609375,9098.599609375,9070.2998046875,9096.599609375,200472400
2025-11-07,9098.599609375,9100.099609375,9019.7001953125,9031.7001953125,1103146800
2025-11-10,9031.7001953125,9109.7998046875,9031.7001953125,9109.400390625,1063085900
2025-11-11,9109.400390625,9152.2001953125,9095.7998046875,9098.400390625,1220697100
2025-11-12,9098.400390625,9123.7001953125,9079.400390625,9079.400390625,1074419800
2025-11-13,9079.400390625,9084.900390625,8985.0,9034.5,1413001700
2025-11-14,9034.5,9034.5,8883.7001953125,8907.0,1373744800
2025-11-17,8907.0,8915.7001953125,8858.7998046875,8915.7001953125,1114346300
2025-11-18,8915.7001953125,8915.7001953125,8715.7001953125,8738.2998046875,1396575800
2025-11-19,8738.2998046875,8760.2998046875,8721.400390625,8721.400390625,1194400000
2025-11-20,8721.400390625,8847.2001953125,8721.400390625,8834.0,1226403600
2025-11-21,8834.0,8834.0,8653.599609375,8686.2998046875,1506476200
2025-11-24,8686.2998046875,8802.7998046875,8686.2998046875,8800.400390625,2189303100
2025-11-25,8800.400390625,8852.7998046875,8793.0,8824.2001953125,1143412900
2025-11-26,8824.2001953125,8929.7998046875,8824.2001953125,8899.2998046875,1307022500
2025-11-27,8912.0,8919.7998046875,8886.2001953125,8919.7998046875,184863800
2025-11-28,8912.0,8937.2001953125,8886.2001953125,8918.7001953125,1118226300
2025-12-01,8918.7001953125,8935.599609375,8863.0,8866.400390625,1137868200
2025-12-02,8866.400390625,8901.5,8866.099609375,8877.5,1224449800
2025-12-03,8877.5,8922.2001953125,8876.2998046875,8894.2001953125,1273096100
2025-12-04,8894.2001953125,8916.5,8863.0,8906.7001953125,1129336500
2025-12-05,8906.7001953125,8927.7001953125,8884.0,8926.099609375,1032081600
2025-12-08,8926.099609375,8926.099609375,8888.900390625,8915.0,1015727700
2025-12-09,8915.0,8915.0,8870.5,8875.7998046875,1084683800
2025-12-10,8875.7998046875,8901.2998046875,8850.2001953125,8868.2001953125,1194982100
2025-12-11,8868.2001953125,8952.5,8858.599609375,8877.5,1371396600
2025-12-12,8877.5,8988.0,8877.5,8983.2998046875,1258118400
2025-12-15,8983.2998046875,8983.2998046875,8910.900390625,8923.7998046875,1088936900
2025-12-16,8923.7998046875,8954.900390625,8853.0,8880.599609375,1279785800
2025-12-17,8880.599609375,8880.900390625,8833.2998046875,8874.2001953125,1388783700
2025-12-18,8874.2001953125,8875.7001953125,8837.099609375,8875.7001953125,1349508700
2025-12-19,8875.7001953125,8937.7998046875,8875.7001953125,8918.2998046875,2776851900
2025-12-22,8918.2998046875,9009.099609375,8918.2998046875,9000.7001953125,1135305600
2025-12-23,9000.7001953125,9102.7001953125,9000.7001953125,9096.2001953125,1038087700
2025-12-24,9096.2001953125,9096.2001953125,9047.599609375,9069.0,640555500
2025-12-29,9069.0,9088.2001953125,9032.0,9032.0,914610000
2025-12-30,9032.0,9054.7001953125,9009.900390625,9022.400390625,780972300
