date,open,high,low,close,volume
2011-01-04,11558.900390625,11754.7001953125,11558.900390625,11722.599609375,280876800
2011-01-05,11722.5,11741.599609375,11649.900390625,11741.599609375,305592300
2011-01-06,11741.5,11786.900390625,11709.400390625,11716.900390625,298189700
2011-01-07,11717.0,11730.099609375,11674.400390625,11674.400390625,284343400
2011-01-10,11674.2998046875,11674.5,11564.2998046875,11575.2998046875,246273000
2011-01-11,11575.2998046875,11735.2998046875,11575.2998046875,11735.2998046875,342471000
2011-01-12,11735.2001953125,11799.2998046875,11733.900390625,11765.2998046875,339501000
2011-01-13,11765.2998046875,11786.7001953125,11728.900390625,11767.0,369630200
2011-01-14,11767.099609375,11772.400390625,11701.2998046875,11742.400390625,287938800
2011-01-17,11742.400390625,11760.2001953125,11718.5,11741.5,211003700
2011-01-18,11741.5,11830.2998046875,11740.599609375,11830.2998046875,342865300
2011-01-19,11830.2998046875,11855.2001953125,11728.2001953125,11728.2001953125,335490200
2011-01-20,11728.2001953125,11728.2001953125,11502.0,11505.0,353802700
2011-01-21,11504.900390625,11568.0,11483.0,11532.7001953125,284093100
2011-01-24,11532.7998046875,11589.2998046875,11532.7998046875,11573.400390625,246158400
2011-01-25,11573.599609375,11608.0,11473.7998046875,11501.599609375,260013900
2011-01-26,11501.7001953125,11630.5,11500.7001953125,11612.2998046875,311364900
2011-01-27,11612.2001953125,11682.099609375,11607.2001953125,11617.400390625,310595300
2011-01-28,11617.5,11631.900390625,11529.400390625,11546.0,328389400
2011-01-31,11545.900390625,11546.7001953125,11412.099609375,11471.5,297261400
2011-02-01,11471.5,11608.5,11471.5,11608.5,359772300
2011-02-02,11608.400390625,11690.7001953125,11558.0,11606.7001953125,311152500
2011-02-03,11606.599609375,11625.7998046875,11543.2998046875,11575.7998046875,273645200
2011-02-04,11575.7998046875,11668.099609375,11575.7998046875,11666.5,297552600
2011-02-07,11666.400390625,11811.099609375,11666.400390625,11811.099609375,258746800
2011-02-08,11811.099609375,11834.2998046875,11757.5,11830.5,281534600
2011-02-09,11830.599609375,11847.2001953125,11794.900390625,11796.599609375,291107400
2011-02-10,11796.599609375,11796.599609375,11666.599609375,11721.599609375,300191900
2011-02-11,11721.7001953125,11797.7998046875,11665.7001953125,11797.7998046875,300689400
2011-02-14,11797.7001953125,11860.7998046875,11797.5,11833.900390625,227141300
2011-02-15,11834.0,11839.099609375,11729.599609375,11749.7001953125,338750700
2011-02-16,11749.7001953125,11808.7998046875,11749.7001953125,11807.2998046875,317663800
2011-02-17,11807.2001953125,11841.2001953125,11794.400390625,11827.7998046875,383008500
2011-02-18,11827.7001953125,11839.599609375,11779.400390625,11828.2998046875,385399500
2011-02-21,11828.2998046875,11829.099609375,11727.7001953125,11727.7001953125,229073800
2011-02-22,11727.7998046875,11727.7998046875,11557.099609375,11652.400390625,265068500
2011-02-23,11652.2998046875,11652.2998046875,11514.099609375,11521.900390625,291929700
2011-02-24,11522.099609375,11522.099609375,11402.599609375,11409.7001953125,315979100
2011-02-25,11409.7001953125,11609.0,11409.7001953125,11609.0,220520800
2011-02-28,11609.0,11675.5,11586.5,11621.2998046875,328711300
2011-03-01,11621.2998046875,11712.7001953125,11574.099609375,11574.099609375,384833000
2011-03-02,11574.2998046875,11574.2998046875,11440.7001953125,11543.400390625,394144800
2011-03-03,11543.400390625,11652.400390625,11543.400390625,11652.400390625,416650400
2011-03-04,11652.2998046875,11775.2001953125,11652.2001953125,11723.0,334624800
2011-03-07,11723.0,11812.099609375,11689.2001953125,11747.900390625,237259400
2011-03-08,11747.900390625,11786.2998046875,11665.099609375,11743.5,297108700
2011-03-09,11743.5,11787.5,11719.2001953125,11730.2001953125,323042200
2011-03-10,11730.2998046875,11730.2998046875,11504.5,11515.599609375,344454500
2011-03-11,11515.7001953125,11515.7001953125,11395.7998046875,11409.5,340361100
2011-03-14,11409.599609375,11453.0,11345.900390625,11349.7001953125,318802400
2011-03-15,11349.7998046875,11349.7998046875,10970.900390625,11151.2001953125,406496800
2011-03-16,11151.2001953125,11261.5,11033.099609375,11033.099609375,336319900
2011-03-17,11033.099609375,11257.7998046875,11033.099609375,11236.400390625,339021300
2011-03-18,11236.5,11371.7998046875,11236.5,11345.7998046875,616603100
2011-03-21,11345.7998046875,11511.7998046875,11345.7998046875,11511.2001953125,234594500
2011-03-22,11511.2001953125,11539.099609375,11417.7001953125,11441.599609375,238755800
2011-03-23,11441.599609375,11473.7001953125,11400.900390625,11447.400390625,260392400
2011-03-24,11447.400390625,11609.0,11446.900390625,11605.5,335611200
2011-03-25,11605.599609375,11650.7001953125,11603.900390625,11629.2998046875,268959800
2011-03-28,11629.400390625,11667.0,11628.7001953125,11637.400390625,212068900
2011-03-29,11637.400390625,11660.400390625,11593.099609375,11636.400390625,262429900
2011-03-30,11636.2998046875,11707.5,11636.2998046875,11676.400390625,395631300
2011-03-31,11676.2998046875,11699.599609375,11592.0,11592.0,457583900
2011-04-01,11592.0,11708.7001953125,11578.0,11708.7001953125,369367800
2011-04-04,11708.599609375,11767.2998046875,11687.5,11766.599609375,275865800
2011-04-05,11766.599609375,11767.5,11723.2001953125,11737.7001953125,260211200
2011-04-06,11737.599609375,11811.2001953125,11737.5,11781.400390625,310645800
2011-04-07,11781.400390625,11781.400390625,11644.2001953125,11659.400390625,291484200
2011-04-08,11659.400390625,11742.900390625,11659.400390625,11726.2001953125,231839300
2011-04-11,11726.2998046875,11735.400390625,11689.0,11689.7001953125,221966800
2011-04-12,11689.900390625,11689.900390625,11541.0,11541.599609375,238896200
2011-04-13,11541.599609375,11637.400390625,11541.599609375,11615.7998046875,231252100
2011-04-14,11615.7001953125,11616.900390625,11541.2998046875,11603.2001953125,280327800
2011-04-15,11603.2001953125,11682.400390625,11592.2001953125,11679.2001953125,280452100
2011-04-18,11679.2998046875,11691.400390625,11466.7001953125,11490.7998046875,311665000
2011-04-19,11490.7001953125,11587.099609375,11490.7001953125,11574.5,244509600
2011-04-20,11574.5,11756.2001953125,11574.099609375,11756.2001953125,239624800
2011-04-21,11756.099609375,11823.400390625,11756.099609375,11810.5,263622900
2011-04-26,11810.7001953125,11869.400390625,11787.900390625,11869.400390625,252887700
2011-04-27,11869.5,11906.0,11844.900390625,11895.0,265932700
2011-04-28,11894.7998046875,12020.900390625,11894.7001953125,12013.900390625,278929000
2011-05-03,12014.0,12061.400390625,11983.900390625,12014.7998046875,270479400
2011-05-04,12014.900390625,12030.2001953125,11896.2998046875,11909.099609375,320627100
2011-05-05,11909.099609375,11946.7001953125,11815.2998046875,11845.7001953125,309010700
2011-05-06,11845.7001953125,11907.2001953125,11747.0,11907.2001953125,271054100
2011-05-09,11907.2998046875,11937.7998046875,11867.2998046875,11896.099609375,233807900
2011-05-10,11896.0,12062.0,11896.0,12055.2001953125,364043800
2011-05-11,12055.099609375,12089.900390625,12005.900390625,12017.900390625,313163500
2011-05-12,12018.099609375,12018.099609375,11898.099609375,11967.099609375,294633800
2011-05-13,11967.2001953125,12048.0,11967.2001953125,11999.2001953125,214447200
2011-05-16,11999.2001953125,11999.7001953125,11856.099609375,11943.599609375,286467500
2011-05-17,11943.599609375,11960.2001953125,11836.0,11836.0,280886600
2011-05-18,11836.0,11899.2001953125,11829.599609375,11887.5,226620200
2011-05-19,11887.5,12006.7001953125,11887.5,11986.5,266276200
2011-05-20,11986.5,12071.2001953125,11972.7998046875,11992.2001953125,241987900
2011-05-23,11992.2001953125,11992.2001953125,11790.599609375,11795.7001953125,254991000
2011-05-24,11795.7001953125,11876.7998046875,11795.7001953125,11858.7998046875,298507900
2011-05-25,11858.7998046875,11858.7998046875,11785.099609375,11825.2001953125,320618900
2011-05-26,11825.2998046875,11915.599609375,11824.400390625,11841.0,286065900
2011-05-27,11840.900390625,11968.599609375,11840.900390625,11958.7998046875,236705600
2011-05-31,11958.7998046875,12084.099609375,11956.0,12060.7998046875,528008500
2011-06-01,12060.7998046875,12098.2001953125,11985.7001953125,12009.7998046875,290552300
2011-06-02,12010.0,12013.7998046875,11878.900390625,11963.0,258697900
2011-06-03,11963.0,12018.099609375,11890.900390625,11972.7001953125,241763300
2011-06-06,11972.599609375,11996.900390625,11940.0,11996.900390625,253591900
2011-06-07,11996.900390625,12038.400390625,11983.099609375,12008.7998046875,256947700
2011-06-08,12008.7998046875,12008.7998046875,11866.5,11870.900390625,297532800
2011-06-09,11870.7998046875,11911.599609375,11833.2001953125,11911.599609375,325618600
2011-06-10,11911.7001953125,11912.0,11774.599609375,11786.0,276451900
2011-06-13,11786.0,11816.7998046875,11746.900390625,11779.5,191713800
2011-06-14,11779.2998046875,11878.0,11779.2998046875,11861.400390625,276490500
2011-06-15,11861.400390625,11862.400390625,11763.400390625,11763.400390625,251206700
2011-06-16,11763.5,11763.5,11553.2001953125,11631.900390625,340571100
2011-06-17,11631.900390625,11696.900390625,11499.099609375,11661.7998046875,557595500
2011-06-20,11661.7998046875,11661.7998046875,11495.400390625,11537.7998046875,253478700
2011-06-21,11537.7998046875,11672.7001953125,11537.7998046875,11654.900390625,283117700
2011-06-22,11654.900390625,11660.900390625,11617.2001953125,11636.2001953125,343349200
2011-06-23,11636.2001953125,11636.2001953125,11451.099609375,11453.7001953125,364568900
2011-06-24,11453.7998046875,11603.900390625,11453.7998046875,11528.2998046875,277718000
2011-06-27,11528.2998046875,11580.400390625,11499.599609375,11549.099609375,245133800
2011-06-28,11549.099609375,11626.900390625,11535.099609375,11606.400390625,315389200
2011-06-29,11606.400390625,11800.599609375,11606.400390625,11799.2001953125,324518100
2011-06-30,11799.2001953125,11934.0,11799.2001953125,11934.0,379199300
2011-07-01,11934.0,12040.2998046875,11933.400390625,12040.2998046875,317900200
2011-07-04,12040.2001953125,12109.2998046875,12040.2001953125,12102.2998046875,192013500
2011-07-05,12102.400390625,12168.099609375,12089.2998046875,12145.400390625,241204700
2011-07-06,12145.5,12173.2998046875,12110.5,12131.7001953125,248889600
2011-07-07,12131.7001953125,12190.900390625,12108.7998046875,12167.7998046875,326422800
2011-07-08,12167.7998046875,12211.2998046875,12056.099609375,12074.2998046875,285411800
2011-07-11,12074.2998046875,12074.2998046875,11844.400390625,11880.099609375,289157000
2011-07-12,11880.099609375,11880.099609375,11583.900390625,11778.0,338648200
2011-07-13,11778.0,11849.400390625,11763.0,11843.2001953125,281921400
2011-07-14,11843.099609375,11843.099609375,11720.599609375,11766.599609375,267040500
2011-07-15,11766.5,11798.099609375,11671.0,11746.7998046875,288554000
2011-07-18,11746.7998046875,11746.7998046875,11527.099609375,11527.7998046875,262788800
2011-07-19,11527.7998046875,11614.099609375,11527.7998046875,11592.400390625,300553900
2011-07-20,11592.400390625,11716.5,11592.400390625,11701.5,260664200
2011-07-21,11701.5,11757.7998046875,11602.599609375,11706.7001953125,274919700
2011-07-22,11706.7001953125,11891.5,11706.7001953125,11820.2998046875,267032400
2011-07-25,11820.400390625,11820.400390625,11723.599609375,11786.2001953125,231231700
2011-07-26,11786.2001953125,11835.599609375,11760.2998046875,11788.900390625,248383700
2011-07-27,11788.900390625,11794.5,11639.400390625,11650.2998046875,254864500
2011-07-28,11650.400390625,11650.400390625,11565.2001953125,11615.599609375,263132700
2011-07-29,11615.599609375,11615.599609375,11480.599609375,11552.099609375,255171400
2011-08-01,11558.7001953125,11674.400390625,11407.5,11443.0,290781400
2011-08-02,11443.0,11443.099609375,11188.599609375,11188.599609375,398460500
2011-08-03,11188.599609375,11188.7001953125,10960.2001953125,10994.599609375,353114000
2011-08-04,10994.599609375,11117.2998046875,10544.7001953125,10570.599609375,433748900
2011-08-05,10570.7001953125,10570.7001953125,10067.5,10313.099609375,488530900
2011-08-08,10313.099609375,10406.2001953125,9858.0,9862.0,422457100
2011-08-09,9861.900390625,10090.5,9419.5,10090.5,553579600
2011-08-10,10090.400390625,10324.599609375,9881.2998046875,9891.0,432616200
2011-08-11,9890.900390625,10145.400390625,9824.2001953125,10139.7001953125,410557900
2011-08-12,10139.7001953125,10465.2998046875,10042.7998046875,10432.099609375,339208200
2011-08-15,10432.099609375,10568.7001953125,10432.099609375,10531.7998046875,215686000
2011-08-16,10531.7998046875,10531.7998046875,10329.5,10412.7001953125,223094000
2011-08-17,10412.7001953125,10421.2998046875,10303.2001953125,10369.400390625,218446100
2011-08-18,10369.5,10369.5,9824.7001953125,9860.2001953125,313459700
2011-08-19,9860.099609375,9879.599609375,9557.2998046875,9759.099609375,317057100
2011-08-22,9759.099609375,9960.599609375,9700.5,9854.7998046875,233255300
2011-08-23,9854.7001953125,10034.599609375,9850.7998046875,9922.099609375,233197800
2011-08-24,9922.099609375,10093.0,9904.599609375,10041.599609375,255371700
2011-08-25,10041.599609375,10143.400390625,9981.0,10021.400390625,268382900
2011-08-26,10021.400390625,10027.599609375,9833.5,9997.099609375,197292900
2011-08-30,9996.900390625,10272.5,9996.900390625,10243.2001953125,240047900
2011-08-31,10243.099609375,10534.400390625,10243.099609375,10525.900390625,356985600
2011-09-01,10525.900390625,10585.2998046875,10436.5,10576.7998046875,279434200
2011-09-02,10576.7998046875,10576.7998046875,10326.2001953125,10381.0,241067500
2011-09-05,10381.0,10381.0,10057.900390625,10084.099609375,214681200
2011-09-06,10084.099609375,10196.2001953125,10002.599609375,10071.2001953125,255988300
2011-09-07,10071.099609375,10323.7001953125,10071.099609375,10321.2998046875,249556200
2011-09-08,10321.2998046875,10459.7001953125,10277.0,10365.099609375,289046000
2011-09-09,10365.2001953125,10365.2001953125,10150.7998046875,10151.400390625,240985500
2011-09-12,10151.5,10151.5,9925.2001953125,9983.7998046875,275665300
2011-09-13,9983.7001953125,10069.2998046875,9908.7001953125,10011.099609375,244925900
2011-09-14,10011.2001953125,10147.5,9973.599609375,10107.900390625,266604700
2011-09-15,10107.900390625,10369.400390625,10107.900390625,10324.099609375,280557500
2011-09-16,10324.099609375,10442.599609375,10316.7998046875,10428.2001953125,508743700
2011-09-19,10428.2998046875,10428.2998046875,10183.599609375,10229.0,215970100
2011-09-20,10228.900390625,10345.7998046875,10173.5,10308.599609375,230723000
2011-09-21,10308.7001953125,10348.7001953125,10250.5,10266.0,228811500
2011-09-22,10266.2001953125,10266.2001953125,9869.400390625,9888.2998046875,324887100
2011-09-23,9888.099609375,9941.7001953125,9638.7998046875,9815.5,266806600
2011-09-26,9815.5,9953.2001953125,9680.2998046875,9839.2001953125,252236600
2011-09-27,9839.2001953125,10127.099609375,9839.2001953125,10127.099609375,271605200
2011-09-28,10127.2001953125,10147.599609375,9999.599609375,10038.7001953125,215064300
2011-09-29,10038.7001953125,10038.7001953125,9948.400390625,9985.5,202603800
2011-09-30,9985.599609375,9985.7001953125,9779.099609375,9819.400390625,239101600
2011-10-03,9819.5,9819.5,9624.400390625,9750.599609375,200991200
2011-10-04,9750.5,9750.5,9388.5,9425.900390625,322756100
2011-10-05,9425.900390625,9613.900390625,9425.900390625,9567.7998046875,254256300
2011-10-06,9567.7998046875,9895.599609375,9567.7998046875,9888.599609375,340301200
2011-10-07,9888.400390625,9994.2001953125,9837.7998046875,9958.0,344863500
2011-10-10,9958.0,10143.5,9953.2001953125,10140.7998046875,276355200
2011-10-11,10140.7998046875,10175.0,10058.5,10155.099609375,235708900
2011-10-12,10155.099609375,10325.2998046875,10078.5,10320.0,328302600
2011-10-13,10320.099609375,10377.2001953125,10199.2001953125,10230.5,309353700
2011-10-14,10230.5,10380.400390625,10195.599609375,10338.5,235900800
2011-10-17,10338.5,10455.599609375,10197.5,10250.400390625,209168300
2011-10-18,10250.400390625,10250.599609375,10104.2001953125,10178.900390625,206250100
2011-10-19,10178.7001953125,10285.599609375,10178.7001953125,10231.7998046875,243002400
2011-10-20,10232.0,10237.099609375,10066.5,10111.099609375,264854000
2011-10-21,10111.0,10295.2998046875,10111.0,10265.5,190404600
2011-10-24,10265.5,10474.099609375,10265.5,10469.099609375,213391400
2011-10-25,10469.099609375,10509.0,10343.2998046875,10428.400390625,210563300
2011-10-26,10428.2998046875,10472.2001953125,10346.900390625,10422.400390625,218954700
2011-10-27,10422.2998046875,10776.900390625,10422.2998046875,10733.2998046875,322128700
2011-10-28,10733.2998046875,10817.7001953125,10686.400390625,10773.099609375,226838200
2011-10-31,10773.2001953125,10773.2001953125,10479.7001953125,10479.7001953125,230906200
2011-11-01,10479.7998046875,10479.7998046875,10090.900390625,10167.599609375,295540800
2011-11-02,10167.5,10329.0,10126.900390625,10251.7001953125,279297200
2011-11-03,10251.7001953125,10416.099609375,10136.2001953125,10406.7001953125,288422700
2011-11-04,10406.7001953125,10448.900390625,10318.400390625,10387.7998046875,228860500
2011-11-07,10387.7998046875,10387.7998046875,10194.0,10302.2001953125,204433600
2011-11-08,10302.2001953125,10467.599609375,10292.099609375,10419.2998046875,216113100
2011-11-09,10419.2998046875,10494.5,10217.7998046875,10268.900390625,279239500
2011-11-10,10268.900390625,10301.599609375,10099.7001953125,10187.400390625,260730000
2011-11-11,10187.5,10393.400390625,10186.900390625,10389.2998046875,309551200
2011-11-14,10389.400390625,10470.0,10315.2998046875,10347.7998046875,322326200
2011-11-15,10347.7001953125,10348.2001953125,10195.5,10260.099609375,265315600
2011-11-16,10260.2001953125,10372.0,10216.0,10275.599609375,297427100
2011-11-17,10275.599609375,10276.099609375,10075.2998046875,10150.2998046875,277614800
2011-11-18,10150.2001953125,10150.2001953125,10010.400390625,10044.400390625,243237600
2011-11-21,10044.400390625,10044.400390625,9758.5,9767.900390625,274820300
2011-11-22,9767.7998046875,9870.599609375,9700.2998046875,9703.099609375,521223900
2011-11-23,9703.2001953125,9720.5,9550.599609375,9568.7998046875,444432100
2011-11-24,9568.7001953125,9672.0,9545.400390625,9601.900390625,349406100
2011-11-25,9601.900390625,9697.7001953125,9504.2001953125,9640.2998046875,435450800
2011-11-28,9640.400390625,9908.5,9640.400390625,9908.5,434368800
2011-11-29,9908.5,10059.599609375,9872.099609375,10031.599609375,318297900
2011-11-30,10031.7001953125,10315.2998046875,9913.7998046875,10315.2998046875,490301200
2011-12-01,10315.5,10358.400390625,10203.7998046875,10203.7998046875,352092500
2011-12-02,10203.7001953125,10346.2998046875,10203.7001953125,10307.2998046875,285380300
2011-12-05,10307.2001953125,10420.5,10307.2001953125,10368.2998046875,253541000
2011-12-06,10368.400390625,10368.400390625,10273.599609375,10312.2998046875,233429000
2011-12-07,10312.2001953125,10419.2001953125,10208.900390625,10280.2001953125,248289100
2011-12-08,10280.2001953125,10357.2998046875,10086.099609375,10086.099609375,310189600
2011-12-09,10086.099609375,10177.400390625,10022.0,10130.599609375,265168600
2011-12-12,10130.7001953125,10130.900390625,9901.2001953125,9901.2001953125,214374500
2011-12-13,9901.099609375,10037.2998046875,9895.5,9961.0,230470900
2011-12-14,9961.099609375,9961.099609375,9718.400390625,9744.2001953125,308238700
2011-12-15,9744.2001953125,9835.2998046875,9713.099609375,9827.2998046875,279476100
2011-12-16,9827.2001953125,9893.099609375,9800.7001953125,9803.2001953125,390623000
2011-12-19,9803.2001953125,9833.2001953125,9717.5,9748.400390625,197680700
2011-12-20,9748.400390625,9877.7001953125,9728.7998046875,9868.400390625,175960900
2011-12-21,9868.400390625,9974.599609375,9841.599609375,9843.0,183168000
2011-12-22,9843.0,9939.7001953125,9843.0,9903.599609375,139151200
2011-12-23,9903.5,9984.5,9903.5,9984.2001953125,50934900
2011-12-28,9984.2001953125,10067.5,9948.0,10013.2001953125,117448100
2011-12-29,10013.2001953125,10056.2998046875,9977.5,10056.2998046875,85158800
2011-12-30,10056.2001953125,10105.5,10044.7998046875,10102.900390625,53306000
2012-01-03,10102.7001953125,10362.0,10102.7001953125,10362.0,241732800
2012-01-04,10362.0,10380.400390625,10234.7001953125,10273.7998046875,214625600
2012-01-05,10273.7998046875,10285.0,10130.7998046875,10144.599609375,234580400
2012-01-06,10144.599609375,10280.7001953125,10144.400390625,10245.900390625,195780000
2012-01-09,10245.900390625,10296.599609375,10232.2998046875,10251.099609375,180850600
2012-01-10,10251.099609375,10386.2001953125,10251.0,10347.7001953125,248146800
2012-01-11,10347.7998046875,10427.400390625,10337.2998046875,10372.599609375,217644200
2012-01-12,10372.599609375,10487.400390625,10361.2998046875,10466.5,270823100
2012-01-13,10466.2998046875,10519.400390625,10387.0,10457.7001953125,271452400
2012-01-16,10457.7001953125,10485.7001953125,10403.400390625,10478.599609375,151549300
2012-01-17,10478.599609375,10653.2998046875,10478.599609375,10592.2001953125,273975900
2012-01-18,10592.2001953125,10678.2998046875,10529.5,10661.099609375,257332800
2012-01-19,10661.099609375,10835.2001953125,10661.099609375,10808.2998046875,328912200
2012-01-20,10808.2998046875,10845.7001953125,10797.2001953125,10825.900390625,257886300
2012-01-23,10825.900390625,10892.599609375,10821.5,10867.599609375,267528300
2012-01-24,10867.599609375,10867.599609375,10692.900390625,10736.900390625,250802100
2012-01-25,10736.900390625,10827.900390625,10694.2998046875,10748.400390625,200821800
2012-01-26,10748.2998046875,10957.7998046875,10748.2998046875,10908.7998046875,245218900
2012-01-27,10908.7998046875,10936.7001953125,10824.400390625,10854.7001953125,208499400
2012-01-30,10854.7998046875,10854.7998046875,10678.099609375,10694.2001953125,216858200
2012-01-31,10694.099609375,10824.7001953125,10694.099609375,10769.400390625,293990700
2012-02-01,10769.400390625,11024.599609375,10769.400390625,11021.0,299719500
2012-02-02,11021.0,11100.599609375,10999.7998046875,11086.5,336633600
2012-02-03,11086.5,11238.400390625,11063.400390625,11235.2001953125,339901800
2012-02-06,11235.2001953125,11239.7001953125,11147.400390625,11237.7001953125,217095600
2012-02-07,11237.7998046875,11265.5,11120.2001953125,11193.7001953125,261189300
2012-02-08,11193.7001953125,11219.5,11150.2001953125,11161.900390625,286475300
2012-02-09,11161.900390625,11247.900390625,11161.900390625,11234.599609375,295027300
2012-02-10,11234.7001953125,11234.7998046875,11121.099609375,11167.599609375,248953300
2012-02-13,11167.599609375,11296.2001953125,11167.599609375,11275.599609375,285602200
2012-02-14,11275.7001953125,11326.900390625,11225.400390625,11245.7001953125,239270100
2012-02-15,11245.599609375,11351.5,11244.7998046875,11288.900390625,267997900
2012-02-16,11288.900390625,11288.900390625,11139.2998046875,11203.400390625,245835700
2012-02-17,11203.400390625,11325.900390625,11203.400390625,11312.2001953125,271287600
2012-02-20,11312.2001953125,11443.400390625,11311.5,11420.2001953125,265936000
2012-02-21,11420.2001953125,11430.2998046875,11346.7001953125,11379.5,256054600
2012-02-22,11379.5,11464.7998046875,11379.0,11449.2001953125,311799100
2012-02-23,11449.2001953125,11541.099609375,11449.099609375,11505.7001953125,317609600
2012-02-24,11505.7001953125,11555.099609375,11505.7001953125,11527.0,498021900
2012-02-27,11527.0,11527.7001953125,11395.5,11472.099609375,212909600
2012-02-28,11472.0,11559.2998046875,11471.900390625,11529.2001953125,275463100
2012-02-29,11529.099609375,11535.7001953125,11429.099609375,11449.5,292701000
2012-03-01,11449.5,11556.2998046875,11443.0,11535.400390625,312218500
2012-03-02,11535.400390625,11548.2998046875,11504.5,11538.400390625,352684100
2012-03-05,11538.5,11538.5,11393.400390625,11414.099609375,269636500
2012-03-06,11414.099609375,11414.099609375,11106.5,11144.099609375,375773700
2012-03-07,11144.099609375,11299.400390625,11134.900390625,11287.099609375,280879900
2012-03-08,11287.099609375,11476.599609375,11287.099609375,11458.400390625,297544900
2012-03-09,11458.400390625,11551.5,11458.099609375,11528.0,294613100
2012-03-12,11528.0,11566.5,11494.2998046875,11563.900390625,216799500
2012-03-13,11563.900390625,11750.099609375,11563.900390625,11750.099609375,297927500
2012-03-14,11750.099609375,11858.5,11749.2998046875,11750.2998046875,341336400
2012-03-15,11750.2998046875,11779.7998046875,11666.099609375,11699.2998046875,334716000
2012-03-16,11699.2001953125,11799.5,11697.400390625,11792.900390625,622130800
2012-03-19,11792.900390625,11807.900390625,11746.7998046875,11785.5,309897500
2012-03-20,11785.5,11785.5,11603.0,11633.2001953125,395373200
2012-03-21,11633.2001953125,11717.0,11621.5,11656.7998046875,328273900
2012-03-22,11656.7001953125,11656.7001953125,11518.7998046875,11551.7001953125,308113500
2012-03-23,11551.599609375,11618.2001953125,11469.599609375,11566.7001953125,316724200
2012-03-26,11566.7001953125,11738.599609375,11566.599609375,11734.7001953125,287663700
2012-03-27,11734.7001953125,11800.099609375,11694.7998046875,11710.7001953125,333753700
2012-03-28,11710.7998046875,11719.099609375,11579.7998046875,11589.7001953125,409378300
2012-03-29,11589.599609375,11592.2998046875,11405.599609375,11431.0,370474600
2012-03-30,11430.7998046875,11550.2001953125,11430.7998046875,11538.900390625,322611300
2012-04-02,11538.7998046875,11655.099609375,11496.900390625,11655.099609375,319164400
2012-04-03,11655.0,11692.5,11634.2998046875,11638.7998046875,288216100
2012-04-04,11638.900390625,11638.900390625,11325.2001953125,11352.5,360037100
2012-04-05,11352.400390625,11433.400390625,11278.900390625,11380.599609375,287607100
2012-04-10,11380.5,11380.5,11136.2001953125,11136.2001953125,295429700
2012-04-11,11136.0,11246.2001953125,11098.5,11234.0,301898500
2012-04-12,11234.0,11435.7998046875,11224.5,11414.5,354673800
2012-04-13,11414.5,11436.5,11295.400390625,11311.099609375,265831900
2012-04-16,11311.099609375,11331.0,11230.0,11255.400390625,274282700
2012-04-17,11255.400390625,11446.7001953125,11227.599609375,11426.2998046875,283457400
2012-04-18,11426.2998046875,11459.099609375,11361.099609375,11432.0,273567500
2012-04-19,11432.0,11494.2001953125,11382.7998046875,11423.0,425345100
2012-04-20,11423.0,11452.900390625,11379.5,11444.900390625,307468100
2012-04-23,11444.900390625,11444.900390625,11129.900390625,11181.599609375,564243800
2012-04-24,11181.599609375,11277.0,11181.599609375,11272.2001953125,298307300
2012-04-25,11272.2001953125,11386.599609375,11272.2001953125,11334.5,341430000
2012-04-26,11334.400390625,11400.2998046875,11280.400390625,11361.400390625,272434200
2012-04-27,11361.400390625,11487.7998046875,11289.7998046875,11479.7001953125,279716400
2012-04-30,11479.7001953125,11506.5,11405.2001953125,11417.599609375,258279700
2012-05-01,11417.599609375,11509.599609375,11394.400390625,11503.900390625,162126800
2012-05-02,11503.7998046875,11532.7998046875,11425.400390625,11475.900390625,377774100
2012-05-03,11475.900390625,11509.7001953125,11452.7998046875,11483.2998046875,265601100
2012-05-04,11483.2998046875,11483.2998046875,11136.2998046875,11156.2001953125,361406300
2012-05-08,11156.2001953125,11188.2998046875,10869.400390625,10872.5,378437400
2012-05-09,10872.5,10924.2998046875,10694.0,10788.2001953125,371347000
2012-05-10,10788.099609375,10955.400390625,10788.099609375,10943.400390625,324029000
2012-05-11,10943.5,11019.5,10894.599609375,11016.400390625,247428200
2012-05-14,11016.400390625,11016.400390625,10755.2001953125,10813.599609375,249969300
2012-05-15,10813.599609375,10906.0,10705.0,10722.5,294101400
2012-05-16,10722.599609375,10736.2998046875,10493.099609375,10675.2998046875,346853400
2012-05-17,10675.2998046875,10759.2001953125,10587.7001953125,10592.900390625,278452500
2012-05-18,10593.0,10593.7998046875,10428.599609375,10431.900390625,281783700
2012-05-21,10431.900390625,10495.0,10402.400390625,10435.5,251083000
2012-05-22,10435.5,10600.0,10435.5,10579.5,313729700
2012-05-23,10579.5,10579.5,10373.5,10375.7001953125,266626800
2012-05-24,10375.7001953125,10491.099609375,10369.099609375,10472.5,283763300
2012-05-25,10472.5,10552.0,10369.5,10417.5,286226500
2012-05-29,10515.2998046875,10674.099609375,10515.2998046875,10657.900390625,253651800
2012-05-30,10657.900390625,10657.900390625,10486.2998046875,10494.7998046875,284191900
2012-05-31,10494.900390625,10641.7001953125,10494.900390625,10558.2001953125,481986500
2012-06-01,10558.2001953125,10577.5,10299.2998046875,10346.7001953125,303579100
2012-06-06,10346.599609375,10583.7998046875,10346.599609375,10583.7998046875,335277500
2012-06-07,10583.7998046875,10769.2998046875,10580.900390625,10745.099609375,318803500
2012-06-08,10745.2998046875,10745.2998046875,10591.900390625,10699.0,320675800
2012-06-11,10698.7998046875,10885.7001953125,10648.5,10658.2001953125,259210600
2012-06-12,10658.2998046875,10671.5,10504.099609375,10561.2001953125,260789700
2012-06-13,10561.2001953125,10641.0,10469.099609375,10538.599609375,270032700
2012-06-14,10538.7998046875,10586.099609375,10475.0,10574.599609375,280964600
2012-06-15,10574.599609375,10729.7001953125,10574.599609375,10729.7001953125,629272500
2012-06-18,10729.599609375,10831.099609375,10663.7001953125,10721.400390625,455359100
2012-06-19,10721.400390625,10884.900390625,10721.2001953125,10870.900390625,405294800
2012-06-20,10870.900390625,11022.7998046875,10828.2001953125,11022.7998046875,431684900
2012-06-21,11022.900390625,11022.900390625,10903.7998046875,10944.7001953125,361151300
2012-06-22,10944.7001953125,10944.7001953125,10808.0,10823.900390625,239510600
2012-06-25,10823.7998046875,10824.0,10671.400390625,10671.400390625,240356700
2012-06-26,10671.400390625,10717.900390625,10650.5,10665.400390625,252883200
2012-06-27,10665.2998046875,10755.599609375,10635.2998046875,10752.0,259820300
2012-06-28,10751.900390625,10777.2998046875,10624.599609375,10688.2998046875,267816100
2012-06-29,10688.099609375,10962.400390625,10688.099609375,10932.099609375,279343100
2012-07-02,10932.099609375,11093.5,10932.099609375,11093.5,270298400
2012-07-03,11093.400390625,11189.7998046875,11090.0,11189.7998046875,263937800
2012-07-04,11189.7998046875,11199.400390625,11113.400390625,11161.2001953125,211180500
2012-07-05,11161.2001953125,11202.0,11080.2001953125,11130.900390625,249045600
2012-07-06,11130.900390625,11131.7998046875,11049.099609375,11070.599609375,228641600
2012-07-09,11070.599609375,11071.0,10967.2998046875,10983.2998046875,266269600
2012-07-10,10983.400390625,11092.599609375,10979.900390625,11065.5,287981400
2012-07-11,11065.400390625,11065.900390625,10936.900390625,10967.7998046875,231679500
2012-07-12,10967.900390625,10998.400390625,10888.099609375,10924.099609375,429202800
2012-07-13,10924.0,11050.7001953125,10923.599609375,11043.7998046875,279569500
2012-07-16,11043.7998046875,11104.400390625,11016.2998046875,11075.2998046875,206680800
2012-07-17,11075.2998046875,11131.7001953125,11007.099609375,11019.2001953125,299996500
2012-07-18,11019.099609375,11091.0,11017.7001953125,11085.7001953125,243416400
2012-07-19,11085.599609375,11245.099609375,11085.599609375,11242.5,260318000
2012-07-20,11242.5,11253.900390625,11142.599609375,11168.900390625,262822700
2012-07-23,11168.900390625,11168.900390625,10880.7998046875,10896.900390625,237037600
2012-07-24,10896.900390625,10957.2998046875,10878.099609375,10885.900390625,256731300
2012-07-25,10886.0,10922.099609375,10840.7998046875,10873.400390625,264299700
2012-07-26,10873.400390625,11040.599609375,10850.400390625,11039.5,238763400
2012-07-27,11039.5,11190.2998046875,11039.5,11179.0,230031900
2012-07-30,11179.0,11250.7998046875,11171.900390625,11238.900390625,198760400
2012-07-31,11238.900390625,11260.900390625,11136.7001953125,11136.7001953125,204218800
2012-08-01,11136.7001953125,11198.2001953125,11136.7001953125,11186.2001953125,203921900
2012-08-02,11186.2001953125,11229.099609375,11076.599609375,11076.599609375,229641500
2012-08-03,11076.599609375,11314.7998046875,11076.599609375,11301.099609375,192909700
2012-08-06,11301.2001953125,11448.599609375,11301.2001953125,11426.400390625,182703600
2012-08-07,11426.5,11460.900390625,11371.599609375,11460.900390625,189778800
2012-08-08,11461.0,11461.0,11377.0,11436.400390625,178561700
2012-08-09,11436.400390625,11466.2001953125,11421.0,11464.0,184985700
2012-08-10,11464.099609375,11470.7998046875,11411.099609375,11470.7998046875,155650300
2012-08-13,11470.7998046875,11471.599609375,11411.2001953125,11436.7998046875,148868400
2012-08-14,11436.7998046875,11504.2998046875,11436.5,11504.2998046875,180559300
2012-08-15,11504.2998046875,11512.400390625,11466.5,11498.099609375,180258000
2012-08-16,11498.2001953125,11520.7001953125,11478.099609375,11502.2998046875,189516900
2012-08-17,11502.2998046875,11618.099609375,11502.2998046875,11618.099609375,205172600
2012-08-20,11618.099609375,11655.2998046875,11555.5,11563.2998046875,164673500
2012-08-21,11563.2001953125,11645.7998046875,11563.2001953125,11639.5,190746800
2012-08-22,11639.5,11639.599609375,11480.599609375,11494.400390625,190681200
2012-08-23,11494.2001953125,11538.2998046875,11459.900390625,11466.5,170018200
2012-08-24,11466.599609375,11475.7998046875,11398.5,11449.099609375,147097200
2012-08-28,11449.099609375,11451.599609375,11364.400390625,11375.2001953125,183518800
2012-08-29,11375.2998046875,11408.599609375,11339.7001953125,11387.7001953125,154657000
2012-08-30,11387.7001953125,11387.900390625,11305.599609375,11325.900390625,177727600
2012-08-31,11326.0,11444.400390625,11325.900390625,11410.2001953125,204170800
2012-09-03,11410.2001953125,11508.400390625,11388.5,11503.099609375,169530800
2012-09-04,11503.099609375,11522.5,11407.400390625,11428.7998046875,224535800
2012-09-05,11428.900390625,11452.7001953125,11383.5,11446.099609375,249037500
2012-09-06,11446.099609375,11681.099609375,11446.099609375,11676.400390625,256776000
2012-09-07,11676.400390625,11810.900390625,11676.2001953125,11808.0,252270000
2012-09-10,11808.0,11854.099609375,11792.7998046875,11841.5,207963000
2012-09-11,11841.5,11841.5,11729.7001953125,11780.400390625,198656000
2012-09-12,11780.400390625,11833.5,11751.5,11811.099609375,287038900
2012-09-13,11811.099609375,11846.599609375,11797.599609375,11846.5,220450800
2012-09-14,11846.400390625,12162.7001953125,11846.400390625,12116.099609375,370271600
2012-09-17,12116.2001953125,12116.5,12064.7001953125,12080.900390625,240454200
2012-09-18,12080.900390625,12080.900390625,11928.2998046875,11933.7001953125,258777900
2012-09-19,11933.7001953125,11990.400390625,11933.599609375,11974.2001953125,228954400
2012-09-20,11974.2001953125,11974.2001953125,11882.2998046875,11929.0,214182300
2012-09-21,11928.900390625,12007.7001953125,11928.900390625,11950.0,472733900
2012-09-24,11950.099609375,11950.7001953125,11861.7001953125,11903.099609375,174221300
2012-09-25,11903.0,11941.7001953125,11894.7001953125,11931.400390625,214703200
2012-09-26,11931.5,11931.5,11721.2001953125,11737.900390625,219739600
2012-09-27,11737.7998046875,11782.400390625,11723.400390625,11754.400390625,178013300
2012-09-28,11754.2998046875,11804.2001953125,11730.2998046875,11734.099609375,224802800
2012-10-01,11734.099609375,11892.7001953125,11723.7998046875,11867.5,202668800
2012-10-02,11867.5,11928.900390625,11821.7998046875,11894.400390625,232502500
2012-10-03,11894.5,11914.0,11840.2998046875,11872.7001953125,215973000
2012-10-04,11872.7001953125,11965.2998046875,11867.2998046875,11954.400390625,240136300
2012-10-05,11954.400390625,12074.599609375,11949.400390625,12061.400390625,243643200
2012-10-08,12061.5,12061.5,11931.400390625,11974.599609375,195510700
2012-10-09,11974.599609375,11995.599609375,11904.7001953125,11911.7998046875,194685200
2012-10-10,11911.7001953125,11912.599609375,11828.2998046875,11828.2998046875,216427300
2012-10-11,11828.2998046875,11921.099609375,11807.2998046875,11898.400390625,249694700
2012-10-12,11898.400390625,11908.2998046875,11838.2998046875,11838.2998046875,197470100
2012-10-15,11838.2998046875,11884.2001953125,11824.400390625,11855.7001953125,194305800
2012-10-16,11855.599609375,11987.7001953125,11855.599609375,11985.2998046875,264248200
2012-10-17,11985.2998046875,12045.900390625,11971.2998046875,12045.900390625,243026100
2012-10-18,12045.900390625,12079.5,12024.599609375,12071.2998046875,277728300
2012-10-19,12071.400390625,12106.400390625,12046.7998046875,12074.2998046875,227085300
2012-10-22,12074.2998046875,12078.7001953125,12024.7998046875,12040.0,184271300
2012-10-23,12040.0,12046.2998046875,11879.7001953125,11891.099609375,200336100
2012-10-24,11891.0,11912.599609375,11836.0,11862.7001953125,247707500
2012-10-25,11862.599609375,12000.2998046875,11857.900390625,11972.2001953125,234630900
2012-10-26,11972.099609375,11972.2001953125,11862.400390625,11925.900390625,192797400
2012-10-29,11926.0,11931.599609375,11842.400390625,11920.7001953125,175305500
2012-10-30,11920.599609375,11964.2001953125,11915.7998046875,11954.2998046875,159937200
2012-10-31,11954.2001953125,12009.5,11931.2001953125,11935.0,226499500
2012-11-01,11934.900390625,12093.2001953125,11932.400390625,12091.7998046875,304548200
2012-11-02,12091.900390625,12164.0,12082.2001953125,12120.7998046875,306791000
2012-11-05,12120.900390625,12120.900390625,11996.7998046875,12030.5,198691600
2012-11-06,12030.400390625,12081.599609375,12027.5,12081.599609375,198316000
2012-11-07,12081.5,12139.099609375,11958.7001953125,11961.2998046875,266368000
2012-11-08,11961.2998046875,12005.599609375,11895.7001953125,11895.7001953125,251557100
2012-11-09,11895.7001953125,11911.099609375,11800.2001953125,11842.400390625,245555100
2012-11-12,11842.400390625,11862.099609375,11803.2998046875,11803.2998046875,207810100
2012-11-13,11803.2998046875,11803.2998046875,11723.400390625,11797.2001953125,206741800
2012-11-14,11797.2001953125,11805.7998046875,11718.7001953125,11718.7001953125,242513900
2012-11-15,11718.7001953125,11718.7001953125,11655.099609375,11683.5,246555600
2012-11-16,11683.5,11706.2001953125,11577.0,11577.0,232414200
2012-11-19,11576.900390625,11744.7998046875,11576.900390625,11744.7998046875,201775300
2012-11-20,11744.7998046875,11828.7998046875,11722.5,11820.7998046875,192937000
2012-11-21,11820.7998046875,11821.2001953125,11755.599609375,11783.2998046875,179360500
2012-11-22,11783.2998046875,11861.7001953125,11783.2998046875,11861.7001953125,171912600
2012-11-23,11861.7001953125,11888.900390625,11846.900390625,11888.900390625,166552100
2012-11-26,11888.900390625,11888.900390625,11831.5,11843.599609375,192807800
2012-11-27,11843.599609375,11890.900390625,11838.5,11867.2001953125,206770800
2012-11-28,11867.2001953125,11890.599609375,11794.599609375,11890.599609375,207612000
2012-11-29,11890.599609375,12027.900390625,11890.599609375,12026.599609375,326788300
2012-11-30,12026.5,12074.5,12026.5,12034.2001953125,417566600
2012-12-03,12034.2001953125,12087.2998046875,12011.099609375,12027.400390625,180516500
2012-12-04,12027.400390625,12060.2998046875,12018.900390625,12053.2998046875,194411700
2012-12-05,12053.2998046875,12125.7998046875,12053.2001953125,12103.099609375,201237600
2012-12-06,12103.099609375,12188.2001953125,12100.7998046875,12149.2001953125,204452700
2012-12-07,12149.2998046875,12187.599609375,12117.2001953125,12187.599609375,193581500
2012-12-10,12187.599609375,12187.7998046875,12132.2001953125,12178.2001953125,180374800
2012-12-11,12178.099609375,12211.2001953125,12173.5,12190.599609375,180535800
2012-12-12,12190.599609375,12228.2998046875,12185.2998046875,12224.2998046875,181531800
2012-12-13,12224.2998046875,12232.2998046875,12186.099609375,12211.599609375,316479000
2012-12-14,12211.599609375,12256.7998046875,12210.2998046875,12244.2001953125,249459500
2012-12-17,12244.2001953125,12266.2001953125,12195.7998046875,12218.599609375,196365600
2012-12-18,12218.599609375,12298.2998046875,12218.599609375,12293.2998046875,237609300
2012-12-19,12293.2001953125,12409.400390625,12293.2001953125,12402.400390625,244490000
2012-12-20,12402.400390625,12425.2001953125,12381.7001953125,12422.7998046875,220937600
2012-12-21,12422.7998046875,12422.7998046875,12289.2998046875,12362.400390625,320831900
2012-12-24,12362.400390625,12403.2998046875,12358.099609375,12395.7998046875,51773700
2012-12-27,12395.900390625,12441.2998046875,12377.7001953125,12397.7001953125,104193000
2012-12-28,12397.7001953125,12417.2001953125,12345.5,12359.7001953125,93469200
2012-12-31,12359.7001953125,12375.0,12318.400390625,12375.0,45905200
2013-01-02,12374.7001953125,12634.5,12374.7001953125,12611.900390625,210953500
2013-01-03,12611.900390625,12670.900390625,12597.900390625,12651.2998046875,208986300
2013-01-04,12651.400390625,12694.900390625,12612.2998046875,12694.900390625,175647500
2013-01-07,12694.900390625,12722.0,12661.2001953125,12722.0,192750100
2013-01-08,12722.0,12722.400390625,12632.7001953125,12635.0,257634000
2013-01-09,12635.0,12710.400390625,12634.7998046875,12709.099609375,259616000
2013-01-10,12709.0,12774.7001953125,12705.599609375,12730.7998046875,271231700
2013-01-11,12730.7001953125,12809.2001953125,12730.7001953125,12797.7998046875,257252000
2013-01-14,12797.7998046875,12864.7001953125,12748.099609375,12759.099609375,241605800
2013-01-15,12759.099609375,12801.0,12747.0,12774.7998046875,241308800
2013-01-16,12774.900390625,12774.900390625,12703.0,12763.599609375,236475800
2013-01-17,12763.7001953125,12847.599609375,12752.0,12847.599609375,301624000
2013-01-18,12847.599609375,12951.5,12847.599609375,12946.099609375,243902800
2013-01-21,12946.099609375,12994.900390625,12916.099609375,12994.900390625,180547700
2013-01-22,12994.900390625,12995.400390625,12922.099609375,12958.099609375,199380900
2013-01-23,12958.2001953125,12962.900390625,12882.7998046875,12934.400390625,257438400
2013-01-24,12934.400390625,13066.400390625,12932.7998046875,13066.400390625,289692400
2013-01-25,13066.400390625,13136.099609375,13054.2998046875,13136.099609375,270808700
2013-01-28,13136.2001953125,13159.7998046875,13113.099609375,13132.5,230298200
2013-01-29,13132.400390625,13148.7001953125,13056.7001953125,13107.599609375,222392800
2013-01-30,13107.5,13128.7998046875,13015.599609375,13046.5,236185500
2013-01-31,13047.599609375,13050.5,12984.099609375,13030.5,281168200
2013-02-01,13030.5,13275.7998046875,13030.5,13275.7998046875,278197800
2013-02-04,13275.7998046875,13295.5,13173.900390625,13177.0,233964800
2013-02-05,13177.0,13256.2001953125,13147.400390625,13242.7998046875,223779300
2013-02-06,13242.7998046875,13392.7001953125,13242.7998046875,13341.599609375,273386200
2013-02-07,13341.599609375,13375.2998046875,13282.599609375,13300.7001953125,240391600
2013-02-08,13300.599609375,13375.7001953125,13300.599609375,13375.2998046875,237975800
2013-02-11,13375.2998046875,13397.099609375,13341.7001953125,13373.599609375,214159500
2013-02-12,13373.7001953125,13476.0,13340.0,13476.0,193443200
2013-02-13,13476.0,13622.7001953125,13442.599609375,13603.0,231426500
2013-02-14,13603.099609375,13603.5,13461.2001953125,13500.5,216244600
2013-02-15,13500.400390625,13563.7001953125,13453.7998046875,13558.400390625,180737100
2013-02-18,13558.400390625,13567.2998046875,13481.7001953125,13499.0,312883400
2013-02-19,13499.0,13668.7998046875,13499.0,13655.0,188588800
2013-02-20,13655.0,13777.7001953125,13652.2001953125,13739.900390625,215133400
2013-02-21,13740.099609375,13740.099609375,13492.0,13554.7001953125,215388900
2013-02-22,13554.7001953125,13704.400390625,13554.7001953125,13668.900390625,191188800
2013-02-25,13669.099609375,13744.099609375,13618.2998046875,13685.7001953125,207355600
2013-02-26,13685.5,13685.5,13448.7998046875,13536.0,240572700
2013-02-27,13536.099609375,13625.5,13524.900390625,13625.5,212803100
2013-02-28,13625.400390625,13715.5,13623.7001953125,13704.0,292070000
2013-03-01,13704.0,13773.7001953125,13677.0,13750.599609375,243836200
2013-03-04,13750.5,13750.5,13640.900390625,13674.5,287942500
2013-03-05,13674.400390625,13875.0,13674.400390625,13861.2998046875,268174000
2013-03-06,13861.2998046875,13946.599609375,13859.5,13923.2998046875,244351700
2013-03-07,13923.400390625,13964.0,13904.900390625,13953.400390625,233142200
2013-03-08,13953.5,14044.900390625,13952.5,14018.7998046875,207100700
2013-03-11,14018.7998046875,14023.2998046875,13972.5,14012.7001953125,227210500
2013-03-12,14012.7998046875,14065.5,14007.400390625,14020.0,263446800
2013-03-13,14019.7998046875,14041.0,13937.7001953125,13971.7001953125,262729000
2013-03-14,13971.599609375,14084.0,13971.2001953125,14084.0,293026200
2013-03-15,14083.900390625,14172.7001953125,14083.599609375,14105.599609375,493049100
2013-03-18,14105.599609375,14105.599609375,13932.599609375,14089.7998046875,256039500
2013-03-19,14089.7998046875,14114.5,14012.0,14035.900390625,257051800
2013-03-20,14036.0,14085.7001953125,13991.5,14030.7001953125,330538500
2013-03-21,14030.7001953125,14045.5,13915.5,13980.7998046875,285604800
2013-03-22,13980.7998046875,14021.2001953125,13899.099609375,13957.599609375,258735500
2013-03-25,13957.599609375,14120.2998046875,13956.0,13961.2998046875,282048000
2013-03-26,13961.2998046875,14030.7998046875,13932.2998046875,13988.099609375,270363100
2013-03-27,13988.099609375,14018.7998046875,13809.5,13862.400390625,276106400
2013-03-28,13862.2998046875,13948.599609375,13861.0,13923.0,267435500
2013-04-02,13923.0,14074.400390625,13922.900390625,14057.0,255110700
2013-04-03,14057.0,14057.900390625,13947.2001953125,13960.2001953125,258516300
2013-04-04,13960.2998046875,13989.900390625,13737.400390625,13755.599609375,290291500
2013-04-05,13755.5,13819.900390625,13450.2001953125,13480.2001953125,315083100
2013-04-08,13480.2001953125,13615.7998046875,13480.099609375,13523.7001953125,248264100
2013-04-09,13523.7001953125,13607.7998046875,13506.400390625,13598.2998046875,274683600
2013-04-10,13598.2998046875,13810.099609375,13592.400390625,13794.2998046875,314921500
2013-04-11,13794.2998046875,13985.5,13785.7998046875,13968.099609375,292241800
2013-04-12,13968.099609375,13968.900390625,13868.599609375,13906.7998046875,258113000
2013-04-15,13906.900390625,13907.599609375,13672.099609375,13741.599609375,278986800
2013-04-16,13741.599609375,13742.2998046875,13596.2998046875,13659.599609375,261542700
2013-04-17,13659.5,13724.2998046875,13505.5,13531.2001953125,252023800
2013-04-18,13531.2001953125,13624.2998046875,13502.099609375,13553.0,254660800
2013-04-19,13553.0,13617.0,13550.5,13616.7001953125,254214700
2013-04-22,13616.7998046875,13706.7001953125,13566.7001953125,13591.5,210652800
2013-04-23,13591.5,13817.5,13591.5,13817.5,249820600
2013-04-24,13817.5,13902.5,13788.2998046875,13895.099609375,272685800
2013-04-25,13895.0,14024.0,13895.0,14006.099609375,273507400
2013-04-26,14006.099609375,14006.099609375,13907.900390625,13975.0,208955700
2013-04-29,13974.900390625,14053.2001953125,13960.2001953125,13992.7998046875,221373300
2013-04-30,13992.7998046875,14072.0,13889.599609375,13949.900390625,304034200
2013-05-01,13949.900390625,14029.400390625,13947.5,14029.400390625,182900700
2013-05-02,14029.400390625,14029.400390625,13829.7001953125,13930.2001953125,270592800
2013-05-03,13930.2001953125,14143.0,13930.2001953125,14106.2001953125,289111700
2013-05-07,14106.2998046875,14167.7001953125,14079.7001953125,14101.400390625,275362700
2013-05-08,14101.400390625,14195.2998046875,14101.2998046875,14193.2998046875,241648700
2013-05-09,14193.400390625,14281.599609375,14176.0,14281.599609375,251964800
2013-05-10,14281.7001953125,14342.0,14258.7998046875,14315.7001953125,267165100
2013-05-13,14315.599609375,14335.0,14243.900390625,14299.900390625,197746200
2013-05-14,14299.900390625,14377.7001953125,14293.2998046875,14377.7001953125,236003200
2013-05-15,14377.7998046875,14476.7998046875,14367.7998046875,14476.0,249697500
2013-05-16,14476.0,14572.0,14474.0,14566.5,355947600
2013-05-17,14566.7001953125,14696.2998046875,14563.2998046875,14693.099609375,313808500
2013-05-20,14693.0,14730.7998046875,14680.7001953125,14720.900390625,220886600
2013-05-21,14720.900390625,14805.5,14710.0,14805.5,252403100
2013-05-22,14805.5,14871.7998046875,14745.7001953125,14824.099609375,282217100
2013-05-23,14824.2001953125,14824.2001953125,14436.0,14507.7001953125,303421500
2013-05-24,14507.7001953125,14575.0,14376.599609375,14393.0,245340500
2013-05-28,14393.099609375,14644.2998046875,14392.900390625,14622.400390625,214319300
2013-05-29,14622.400390625,14622.400390625,14373.7998046875,14389.599609375,239743200
2013-05-30,14389.5,14442.7998046875,14357.2001953125,14442.7001953125,195575200
2013-05-31,14442.7001953125,14453.400390625,14293.2001953125,14350.900390625,398866700
2013-06-03,14350.7998046875,14350.7998046875,14201.099609375,14233.599609375,195429900
2013-06-04,14233.7001953125,14350.900390625,14233.7001953125,14259.400390625,198479100
2013-06-05,14259.400390625,14259.400390625,13983.2998046875,13996.900390625,324293300
2013-06-06,13996.7998046875,14039.599609375,13840.2001953125,13840.2001953125,234346400
2013-06-07,13840.099609375,14028.900390625,13839.7998046875,14005.0,253372500
2013-06-10,14005.099609375,14059.7001953125,13988.599609375,14025.2001953125,202883500
2013-06-11,14025.2001953125,14025.2001953125,13735.099609375,13806.099609375,309674800
2013-06-12,13806.0,13859.599609375,13749.0,13764.5,254602400
2013-06-13,13764.599609375,13764.599609375,13543.2998046875,13677.900390625,274568600
2013-06-14,13677.900390625,13862.7001953125,13677.900390625,13822.400390625,239580600
2013-06-17,13822.400390625,13943.7998046875,13821.7998046875,13907.400390625,209359300
2013-06-18,13907.400390625,14019.599609375,13891.5,13994.400390625,237445300
2013-06-19,13994.2998046875,14010.400390625,13898.7001953125,14010.400390625,263151500
2013-06-20,14010.7001953125,14010.7001953125,13646.099609375,13667.400390625,313424500
2013-06-21,13667.2998046875,13828.7001953125,13544.900390625,13544.900390625,456103100
2013-06-24,13545.0,13547.7998046875,13260.900390625,13272.2001953125,329014400
2013-06-25,13272.099609375,13473.2001953125,13272.099609375,13458.599609375,246595400
2013-06-26,13458.599609375,13656.2998046875,13458.5,13609.099609375,288166200
2013-06-27,13609.099609375,13821.900390625,13577.5,13802.599609375,267150500
2013-06-28,13802.5,13861.599609375,13708.400390625,13798.2001953125,266461300
2013-07-01,13798.2001953125,14034.5,13798.2001953125,14030.7001953125,232702100
2013-07-02,14030.7001953125,14066.099609375,13941.7998046875,14009.900390625,253662000
2013-07-03,14010.0,14010.0,13802.7998046875,13967.5,230204900
2013-07-04,13967.5,14319.0,13967.5,14319.0,255998000
2013-07-05,14319.099609375,14454.0,14235.2001953125,14266.400390625,257918000
2013-07-08,14266.5,14522.599609375,14266.099609375,14473.2001953125,238875500
2013-07-09,14473.2001953125,14639.0,14473.2001953125,14620.599609375,284061900
2013-07-10,14620.5,14620.900390625,14406.7998046875,14531.2001953125,245263500
2013-07-11,14531.0,14712.900390625,14531.0,14641.0,261613800
2013-07-12,14640.900390625,14716.7001953125,14640.5,14699.400390625,240703200
2013-07-15,14699.400390625,14805.7998046875,14699.0,14762.0,206421600
2013-07-16,14762.0,14782.7998046875,14673.0,14682.2001953125,235967700
2013-07-17,14682.2998046875,14726.900390625,14594.7998046875,14724.2998046875,286731800
2013-07-18,14724.2998046875,14826.900390625,14712.7998046875,14819.7998046875,214453900
2013-07-19,14819.7998046875,14844.7998046875,14746.0,14814.900390625,187178800
2013-07-22,14814.900390625,14863.599609375,14789.0,14849.599609375,185473100
2013-07-23,14849.599609375,14898.0,14822.2001953125,14822.2001953125,205317900
2013-07-24,14822.2001953125,14886.5,14789.2001953125,14835.099609375,212309900
2013-07-25,14835.2001953125,14838.7998046875,14699.2001953125,14767.900390625,184097900
2013-07-26,14767.7998046875,14828.099609375,14701.5,14725.599609375,163762600
2013-07-29,14725.599609375,14802.7001953125,14697.900390625,14737.400390625,165371700
2013-07-30,14737.400390625,14845.5,14737.400390625,14829.900390625,206816600
2013-07-31,14830.0,14908.2001953125,14805.400390625,14872.900390625,253503600
2013-08-01,14872.900390625,15061.2001953125,14872.7998046875,15061.2001953125,290557600
2013-08-02,15061.2998046875,15142.5,15059.400390625,15132.0,273463000
2013-08-05,15132.0,15231.900390625,15131.599609375,15197.2001953125,214998500
2013-08-06,15197.2001953125,15222.2001953125,15073.2998046875,15115.099609375,262805700
2013-08-07,15115.2001953125,15115.2001953125,14967.2001953125,14970.099609375,226508600
2013-08-08,14970.099609375,15123.900390625,14969.900390625,15086.2001953125,205742000
2013-08-09,15086.2001953125,15162.599609375,15086.099609375,15125.400390625,215813400
2013-08-12,15125.400390625,15163.2998046875,15058.599609375,15076.900390625,201239600
2013-08-13,15076.900390625,15161.2001953125,15076.7001953125,15100.7998046875,216453000
2013-08-14,15100.900390625,15122.0,15069.7001953125,15086.2998046875,242856900
2013-08-15,15086.2998046875,15088.0,14671.7001953125,14693.0,292433400
2013-08-16,14692.900390625,14834.599609375,14685.7001953125,14834.599609375,242124700
2013-08-19,14834.5,14893.2998046875,14783.7001953125,14865.2001953125,196703600
2013-08-20,14865.2001953125,14865.2001953125,14709.0,14774.099609375,179973200
2013-08-21,14774.099609375,14804.400390625,14731.599609375,14743.099609375,186785100
2013-08-22,14743.099609375,14874.400390625,14728.599609375,14853.599609375,197677500
2013-08-23,14853.599609375,15000.400390625,14834.7998046875,14953.099609375,175399800
2013-08-27,14953.099609375,14953.2001953125,14740.599609375,14768.0,223811400
2013-08-28,14768.0,14768.0,14585.2998046875,14625.7998046875,253082900
2013-08-29,14625.7998046875,14750.900390625,14625.5,14735.7998046875,238351400
2013-08-30,14735.7998046875,14754.599609375,14622.0,14625.2001953125,246494700
2013-09-02,14625.0,14904.2998046875,14625.0,14875.5,197249100
2013-09-03,14875.5,14936.2998046875,14800.599609375,14861.5,231727000
2013-09-04,14861.400390625,14885.099609375,14741.2998046875,14851.5,240668300
2013-09-05,14851.599609375,14986.5,14851.599609375,14977.2998046875,276529500
2013-09-06,14977.2998046875,15048.2998046875,14903.5,15048.2998046875,256840700
2013-09-09,15048.2998046875,15096.900390625,15034.7001953125,15092.900390625,199099600
2013-09-10,15092.900390625,15308.2001953125,15092.900390625,15270.7001953125,253764700
2013-09-11,15270.7001953125,15317.0,15222.7001953125,15245.7998046875,231380700
2013-09-12,15245.7998046875,15270.099609375,15128.7998046875,15192.099609375,227077100
2013-09-13,15192.099609375,15220.099609375,15172.5,15220.099609375,176248700
2013-09-16,15220.0,15353.7001953125,15220.0,15292.0,184300600
2013-09-17,15292.099609375,15305.5,15137.7998046875,15152.2998046875,226416500
2013-09-18,15152.2001953125,15176.099609375,15051.5,15089.2001953125,196341100
2013-09-19,15089.0,15335.900390625,15089.0,15137.099609375,253721600
2013-09-20,15137.099609375,15166.0,15032.2998046875,15032.2998046875,477684200
2013-09-23,15032.2998046875,15082.5,14903.400390625,14920.900390625,187817300
2013-09-24,14920.900390625,15082.7001953125,14920.900390625,15063.2001953125,217987400
2013-09-25,15063.2001953125,15078.7998046875,15000.599609375,15028.7998046875,198033800
2013-09-26,15028.7001953125,15057.7998046875,14974.900390625,15009.400390625,224644100
2013-09-27,15009.2998046875,15027.2998046875,14898.2001953125,14924.900390625,207633000
2013-09-30,14924.7998046875,14925.7998046875,14790.2001953125,14908.2001953125,242859200
2013-10-01,14908.099609375,14966.400390625,14876.599609375,14966.400390625,218224900
2013-10-02,14966.5,14969.099609375,14854.7001953125,14891.2998046875,199125400
2013-10-03,14891.2998046875,14911.0,14853.0,14853.0,165878100
2013-10-04,14853.099609375,14875.0,14815.0,14839.2001953125,188621000
2013-10-07,14839.2998046875,14839.2998046875,14683.7001953125,14771.0,158460000
2013-10-08,14771.0,14789.2998046875,14667.599609375,14667.599609375,180618700
2013-10-09,14667.7001953125,14680.2001953125,14613.599609375,14638.0,258874100
2013-10-10,14638.0,14898.099609375,14638.0,14896.599609375,249419300
2013-10-11,14896.599609375,14979.900390625,14889.2001953125,14969.7998046875,240766500
2013-10-14,14969.7998046875,15057.400390625,14951.2998046875,15057.400390625,192953600
2013-10-15,15057.5,15150.2998046875,15057.400390625,15128.400390625,245724800
2013-10-16,15128.400390625,15216.599609375,14983.0,15216.599609375,213257800
2013-10-17,15216.5,15231.900390625,15131.2001953125,15231.900390625,213582400
2013-10-18,15231.900390625,15391.2001953125,15231.900390625,15391.2001953125,204495600
2013-10-21,15391.2001953125,15522.0,15391.2001953125,15522.0,196356700
2013-10-22,15522.0,15529.900390625,15457.7001953125,15512.5,214608500
2013-10-23,15512.599609375,15512.599609375,15450.0,15495.0,225248500
2013-10-24,15494.900390625,15556.099609375,15490.2001953125,15526.900390625,203209500
2013-10-25,15526.900390625,15526.900390625,15462.2001953125,15491.599609375,198339600
2013-10-28,15491.599609375,15509.7998046875,15405.900390625,15428.7998046875,167877500
2013-10-29,15428.900390625,15535.5,15390.900390625,15535.5,214092700
2013-10-30,15535.5,15594.5,15511.7998046875,15583.0,241909900
2013-10-31,15583.0,15583.0,15437.7001953125,15480.0,259889100
2013-11-01,15480.0,15510.900390625,15429.400390625,15455.7001953125,201879700
2013-11-04,15455.7001953125,15541.0,15455.7001953125,15468.400390625,179453500
2013-11-05,15468.400390625,15491.0,15306.7998046875,15367.599609375,201140300
2013-11-06,15367.599609375,15460.0,15367.599609375,15403.7998046875,215435600
2013-11-07,15403.7998046875,15508.2001953125,15366.0,15389.5,270352400
2013-11-08,15389.5,15389.5,15267.599609375,15342.0,241588900
2013-11-11,15342.0,15442.7998046875,15339.7998046875,15420.400390625,171254500
2013-11-12,15420.400390625,15424.5,15361.7001953125,15369.099609375,203060300
2013-11-13,15369.099609375,15374.099609375,15165.2998046875,15179.7998046875,268504000
2013-11-14,15179.7998046875,15346.900390625,15179.7998046875,15257.900390625,263458300
2013-11-15,15257.900390625,15302.2998046875,15240.7001953125,15246.599609375,238047500
2013-11-18,15246.5,15300.7998046875,15198.900390625,15290.5,188425400
2013-11-19,15290.5,15290.5,15231.900390625,15265.599609375,228219300
2013-11-20,15265.599609375,15267.0,15158.7998046875,15178.7998046875,212083300
2013-11-21,15178.7998046875,15222.099609375,15130.0,15148.5,220262800
2013-11-22,15148.400390625,15202.7001953125,15146.5,15187.7001953125,217224400
2013-11-25,15187.7001953125,15323.7998046875,15187.7001953125,15299.900390625,178236200
2013-11-26,15299.900390625,15351.099609375,15298.2998046875,15306.099609375,227693500
2013-11-27,15306.099609375,15415.7998046875,15305.7001953125,15406.7001953125,186236600
2013-11-28,15406.599609375,15500.2998046875,15401.099609375,15431.7998046875,276823600
2013-11-29,15431.7998046875,15504.5,15424.900390625,15466.599609375,231046600
2013-12-02,15466.5,15473.5,15322.400390625,15334.7998046875,182137100
2013-12-03,15334.7001953125,15340.2998046875,15134.7998046875,15153.099609375,241484700
2013-12-04,15153.2001953125,15200.900390625,15099.2001953125,15128.0,220277100
2013-12-05,15127.900390625,15240.400390625,15054.599609375,15157.7001953125,232834700
2013-12-06,15157.7001953125,15329.099609375,15157.7001953125,15317.099609375,219108800
2013-12-09,15317.099609375,15402.400390625,15313.2001953125,15391.7998046875,172689900
2013-12-10,15391.7001953125,15465.7998046875,15385.7998046875,15410.7998046875,193766600
2013-12-11,15410.7998046875,15477.2998046875,15373.599609375,15396.099609375,197449800
2013-12-12,15396.099609375,15396.400390625,15204.7001953125,15211.5,199392600
2013-12-13,15211.599609375,15262.099609375,15203.7998046875,15233.5,185734500
2013-12-16,15233.400390625,15391.5,15224.099609375,15384.599609375,195514200
2013-12-17,15384.599609375,15424.0,15326.7998046875,15348.599609375,231283200
2013-12-18,15348.5,15425.0,15345.099609375,15366.7001953125,187255300
2013-12-19,15366.7001953125,15594.2998046875,15366.7001953125,15590.0,237958700
2013-12-20,15590.0,15666.400390625,15544.7001953125,15636.599609375,398597100
2013-12-23,15636.599609375,15741.7001953125,15617.099609375,15741.7001953125,143130200
2013-12-24,15741.7001953125,15787.0,15738.7998046875,15783.0,39191600
2013-12-27,15782.900390625,15878.099609375,15781.900390625,15878.099609375,105502500
2013-12-30,15878.099609375,15926.7001953125,15856.0,15900.7001953125,128737800
2013-12-31,15900.7001953125,15937.599609375,15895.7001953125,15935.400390625,83436900
2014-01-02,15935.2998046875,15962.2001953125,15869.099609375,15919.099609375,225091800
2014-01-03,15919.099609375,16022.099609375,15855.400390625,16020.5,198534700
2014-01-06,16020.599609375,16086.5,15999.099609375,16049.2998046875,183144300
2014-01-07,16049.2998046875,16088.400390625,16013.400390625,16069.2001953125,201672300
2014-01-08,16069.2001953125,16071.400390625,15990.0,16001.7001953125,249448300
2014-01-09,16001.7001953125,16035.2998046875,15924.7998046875,15949.0,239523700
2014-01-10,15949.0,16191.7001953125,15944.7001953125,16191.7001953125,250221900
2014-01-13,16191.7001953125,16262.2998046875,16191.7001953125,16254.7998046875,208205900
2014-01-14,16254.7998046875,16254.7998046875,16104.099609375,16236.0,207861100
2014-01-15,16236.099609375,16292.900390625,16236.0,16292.900390625,312914000
2014-01-16,16293.0,16311.2001953125,16171.599609375,16209.7001953125,267116800
2014-01-17,16209.7001953125,16242.400390625,16151.7001953125,16187.099609375,253086600
2014-01-20,16187.099609375,16245.099609375,16167.400390625,16227.099609375,166475000
2014-01-21,16227.099609375,16243.2001953125,16117.0,16144.2001953125,231537000
2014-01-22,16144.2001953125,16223.2001953125,16115.7998046875,16147.2001953125,189950600
2014-01-23,16147.2001953125,16154.0,15946.7001953125,15980.099609375,218921700
2014-01-24,15980.099609375,16008.0,15688.2998046875,15703.400390625,245832300
2014-01-27,15703.400390625,15705.5,15505.0,15528.2001953125,246387800
2014-01-28,15528.2001953125,15734.2998046875,15528.2001953125,15715.7998046875,261519800
2014-01-29,15715.7998046875,15922.599609375,15605.900390625,15688.2998046875,259963500
2014-01-30,15688.400390625,15720.2001953125,15635.599609375,15701.7998046875,228139500
2014-01-31,15701.7998046875,15767.099609375,15525.599609375,15674.400390625,256406500
2014-02-03,15674.5,15709.599609375,15551.900390625,15558.2001953125,204406500
2014-02-04,15558.2998046875,15581.7001953125,15442.0,15540.2998046875,255679900
2014-02-05,15540.2998046875,15623.7998046875,15491.0,15561.400390625,217072100
2014-02-06,15561.400390625,15790.5,15561.400390625,15789.900390625,281130100
2014-02-07,15789.900390625,15872.0,15789.400390625,15865.099609375,253818000
2014-02-10,15865.099609375,15922.400390625,15836.2001953125,15910.7001953125,188062200
2014-02-11,15910.7001953125,16078.2998046875,15906.2998046875,16078.2998046875,241279400
2014-02-12,16078.2998046875,16112.2998046875,16032.599609375,16079.2001953125,229712900
2014-02-13,16079.2001953125,16079.7001953125,15944.2001953125,16029.400390625,194443300
2014-02-14,16029.400390625,16125.099609375,16028.7001953125,16110.599609375,229284500
2014-02-17,16110.599609375,16244.7001953125,16099.0,16244.7001953125,171537000
2014-02-18,16244.7001953125,16345.5,16202.7001953125,16342.099609375,226061800
2014-02-19,16342.0,16350.2001953125,16228.2998046875,16347.2998046875,195670300
2014-02-20,16347.400390625,16368.7998046875,16181.0,16368.7998046875,206900700
2014-02-21,16368.7998046875,16477.19921875,16368.7998046875,16460.900390625,209393800
2014-02-24,16460.900390625,16539.30078125,16358.7001953125,16539.30078125,277237800
2014-02-25,16539.30078125,16568.69921875,16446.19921875,16527.900390625,390193900
2014-02-26,16527.900390625,16549.099609375,16437.80078125,16471.69921875,246638600
2014-02-27,16471.599609375,16544.19921875,16388.80078125,16523.0,491024500
2014-02-28,16523.0,16728.400390625,16518.400390625,16726.0,288814400
2014-03-03,16726.0,16726.0,16329.7998046875,16374.7998046875,270046000
2014-03-04,16374.900390625,16699.900390625,16374.900390625,16698.900390625,271204400
2014-03-05,16698.900390625,16698.900390625,16608.099609375,16614.400390625,254421100
2014-03-06,16614.400390625,16713.19921875,16614.400390625,16671.80078125,254640800
2014-03-07,16671.80078125,16692.5,16559.5,16559.5,221904000
2014-03-10,16559.5,16645.599609375,16396.099609375,16451.19921875,218289100
2014-03-11,16451.19921875,16535.30078125,16420.900390625,16481.5,266515400
2014-03-12,16481.5,16481.69921875,16321.400390625,16326.7001953125,243304800
2014-03-13,16326.7001953125,16362.599609375,16186.2001953125,16186.2001953125,241266100
2014-03-14,16186.2998046875,16186.2998046875,16018.5,16124.900390625,233059200
2014-03-17,16124.900390625,16315.2001953125,16123.599609375,16297.400390625,203335400
2014-03-18,16297.400390625,16367.099609375,16212.5,16354.2001953125,227070800
2014-03-19,16354.2001953125,16398.900390625,16320.2998046875,16338.7998046875,324163600
2014-03-20,16338.900390625,16338.900390625,16161.7998046875,16217.400390625,256250000
2014-03-21,16217.400390625,16262.2001953125,16160.099609375,16160.099609375,571970600
2014-03-24,16160.099609375,16221.400390625,15995.099609375,16019.400390625,245794400
2014-03-25,16019.400390625,16154.5,16019.400390625,16153.099609375,221721300
2014-03-26,16153.099609375,16282.2998046875,16153.099609375,16252.900390625,271193000
2014-03-27,16252.900390625,16253.2001953125,16167.400390625,16202.2001953125,214063900
2014-03-28,16202.2001953125,16245.599609375,16157.900390625,16181.7001953125,222858200
2014-03-31,16181.7001953125,16284.900390625,16180.7001953125,16273.7001953125,219835800
2014-04-01,16273.7001953125,16409.30078125,16273.7001953125,16407.599609375,224951500
2014-04-02,16407.599609375,16476.5,16381.599609375,16416.0,216192300
2014-04-03,16415.900390625,16415.900390625,16335.099609375,16349.099609375,214019700
2014-04-04,16349.099609375,16464.80078125,16348.0,16433.69921875,239862200
2014-04-07,16433.69921875,16433.69921875,16253.599609375,16262.7998046875,236703100
2014-04-08,16262.7998046875,16279.400390625,15942.7998046875,16014.5,284965400
2014-04-09,16014.5,16214.900390625,16014.5,16163.7001953125,233738700
2014-04-10,16163.7001953125,16300.599609375,16134.5,16148.5,217920300
2014-04-11,16148.599609375,16148.599609375,15818.599609375,15898.400390625,212037200
2014-04-14,15898.400390625,15898.400390625,15589.400390625,15702.400390625,239532100
2014-04-15,15702.5,15780.400390625,15573.099609375,15590.5,228662500
2014-04-16,15590.5,15769.2001953125,15590.5,15746.0,225972500
2014-04-17,15746.0,15917.2001953125,15745.099609375,15907.900390625,202325500
2014-04-22,15907.900390625,16109.599609375,15907.900390625,16082.2001953125,174521700
2014-04-23,16082.2998046875,16097.099609375,15975.900390625,15989.599609375,184179300
2014-04-24,15989.599609375,16101.400390625,15923.099609375,15991.7998046875,253507200
2014-04-25,15991.7998046875,15994.400390625,15854.7998046875,15888.2001953125,199280000
2014-04-28,15888.2001953125,15940.2998046875,15811.2998046875,15826.2001953125,206072700
2014-04-29,15826.2001953125,15917.900390625,15826.2001953125,15896.599609375,238834400
2014-04-30,15896.7001953125,15920.0,15801.2998046875,15817.2001953125,319021800
2014-05-01,15817.2001953125,15938.2001953125,15808.0,15850.2998046875,158134000
2014-05-02,15850.2998046875,15955.900390625,15850.099609375,15930.900390625,232626500
2014-05-06,15930.900390625,15990.7001953125,15866.099609375,15938.7001953125,245398700
2014-05-07,15938.7001953125,15938.7001953125,15846.5,15882.0,251504500
2014-05-08,15882.0,15972.7001953125,15882.0,15968.5,197319300
2014-05-09,15968.5,15968.5,15868.099609375,15885.2001953125,197021800
2014-05-12,15885.2001953125,15991.400390625,15885.2001953125,15981.400390625,247758400
2014-05-13,15981.2998046875,16105.599609375,15981.2998046875,16038.900390625,221782900
2014-05-14,16038.900390625,16066.2998046875,15964.099609375,15974.599609375,230594500
2014-05-15,15974.599609375,16016.2001953125,15589.5,15616.5,343168800
2014-05-16,15616.599609375,15680.599609375,15283.900390625,15397.900390625,344723100
2014-05-19,15397.900390625,15482.7998046875,15357.0,15379.400390625,226523100
2014-05-20,15379.5,15515.7998046875,15378.5,15440.2998046875,306195700
2014-05-21,15440.2998046875,15605.400390625,15423.5,15603.2001953125,245295400
2014-05-22,15603.2001953125,15695.2001953125,15601.5,15675.099609375,210655900
2014-05-23,15675.099609375,15706.7001953125,15656.599609375,15706.0,194602800
2014-05-27,15706.0,15852.0,15703.599609375,15843.900390625,200754000
2014-05-28,15844.0,15944.400390625,15829.7001953125,15935.400390625,223388200
2014-05-29,15935.400390625,16022.599609375,15925.7998046875,15954.7998046875,192974300
2014-05-30,15954.7998046875,16052.2001953125,15933.2998046875,16010.2998046875,318008300
2014-06-02,16010.2998046875,16111.400390625,16010.2998046875,16084.400390625,214539100
2014-06-03,16084.400390625,16122.7001953125,15948.0,15971.900390625,198847900
2014-06-04,15971.900390625,15997.7001953125,15941.599609375,15986.5,175311700
2014-06-05,15986.5,16024.5,15931.7001953125,15995.5,177296300
2014-06-06,15995.5,16232.900390625,15995.5,16232.900390625,243631300
2014-06-09,16232.900390625,16273.2998046875,16185.599609375,16218.400390625,175904100
2014-06-10,16218.2998046875,16228.7998046875,16161.7998046875,16210.599609375,167704000
2014-06-11,16210.599609375,16221.5,16008.7998046875,16087.599609375,218390500
2014-06-12,16087.599609375,16151.400390625,16071.2001953125,16126.0,199278600
2014-06-13,16125.7998046875,16125.7998046875,15761.7998046875,15814.7998046875,284915100
2014-06-16,15814.7998046875,15847.099609375,15668.099609375,15706.7001953125,251525600
2014-06-17,15706.7001953125,15764.900390625,15554.400390625,15585.5,272179400
2014-06-18,15585.5,15667.2998046875,15585.5,15624.2001953125,237605400
2014-06-19,15624.099609375,15797.7998046875,15624.099609375,15683.900390625,240555900
2014-06-20,15683.900390625,15797.5,15682.099609375,15791.400390625,386124000
2014-06-23,15791.400390625,15791.400390625,15675.2998046875,15675.2998046875,166758600
2014-06-24,15675.2998046875,15710.0,15510.7998046875,15547.2001953125,224219900
2014-06-25,15547.2001953125,15560.2001953125,15380.099609375,15454.0,215027100
2014-06-26,15454.0,15650.2998046875,15451.599609375,15646.7998046875,257809700
2014-06-27,15646.7998046875,15699.400390625,15632.2998046875,15681.5,259470300
2014-06-30,15681.5,15751.0,15674.0,15723.599609375,224114200
2014-07-01,15723.599609375,15848.7001953125,15723.599609375,15840.900390625,218165900
2014-07-02,15840.900390625,15934.7001953125,15839.400390625,15897.099609375,239251600
2014-07-03,15897.099609375,16046.7998046875,15897.099609375,16029.0,250257600
2014-07-04,16029.0,16099.900390625,16029.0,16050.2001953125,165906600
2014-07-07,16050.2001953125,16058.7001953125,15884.099609375,15892.2998046875,185390100
2014-07-08,15892.2998046875,15908.7001953125,15640.2001953125,15652.5,242231700
2014-07-09,15652.5,15665.2998046875,15488.7001953125,15549.599609375,213177600
2014-07-10,15549.599609375,15584.900390625,15331.2998046875,15439.900390625,248303600
2014-07-11,15439.900390625,15556.400390625,15425.400390625,15451.400390625,193139400
2014-07-14,15451.400390625,15600.2001953125,15451.400390625,15577.7001953125,156559700
2014-07-15,15577.7001953125,15594.5,15440.0,15440.5,184440400
2014-07-16,15440.5,15615.2998046875,15440.5,15600.2001953125,203503300
2014-07-17,15600.2001953125,15606.900390625,15504.900390625,15554.0,169430500
2014-07-18,15554.0,15556.7998046875,15423.900390625,15556.7998046875,199470200
2014-07-21,15556.7998046875,15567.5,15427.099609375,15486.099609375,178162600
2014-07-22,15486.099609375,15661.5,15486.099609375,15650.7001953125,182504300
2014-07-23,15650.7001953125,15734.5,15650.7001953125,15726.0,206562500
2014-07-24,15726.0,15748.7001953125,15667.7998046875,15748.7001953125,195776800
2014-07-25,15748.7001953125,15804.0,15681.900390625,15691.7998046875,201503300
2014-07-28,15691.7998046875,15735.099609375,15575.599609375,15616.5,206560800
2014-07-29,15616.5,15742.7001953125,15616.5,15687.0,197741400
2014-07-30,15687.0,15734.400390625,15611.2998046875,15629.7998046875,197154800
2014-07-31,15629.7998046875,15668.2001953125,15448.2998046875,15495.599609375,313642400
2014-08-01,15495.599609375,15496.7001953125,15280.2998046875,15402.7001953125,254530300
2014-08-04,15402.7001953125,15444.7998046875,15307.099609375,15362.599609375,203427200
2014-08-05,15362.599609375,15420.0,15336.599609375,15351.900390625,252177200
2014-08-06,15351.900390625,15351.900390625,15143.7998046875,15262.7001953125,224315600
2014-08-07,15262.7001953125,15336.0,15230.099609375,15240.099609375,259125200
2014-08-08,15240.099609375,15273.099609375,15091.2001953125,15243.400390625,212349500
2014-08-11,15243.400390625,15478.2998046875,15243.0,15460.7001953125,166169900
2014-08-12,15460.7001953125,15515.7998046875,15447.7998046875,15465.7998046875,176361900
2014-08-13,15465.7998046875,15536.099609375,15381.099609375,15527.5,200427500
2014-08-14,15527.5,15694.7001953125,15497.099609375,15675.599609375,197469600
2014-08-15,15675.599609375,15779.599609375,15658.0,15667.7998046875,191419800
2014-08-18,15667.7998046875,15805.900390625,15667.7998046875,15796.400390625,155069100
2014-08-19,15796.400390625,15928.7001953125,15796.400390625,15895.2998046875,182235700
2014-08-20,15895.2998046875,15904.900390625,15724.7001953125,15748.900390625,202845400
2014-08-21,15748.900390625,15838.599609375,15743.0,15838.599609375,152780500
2014-08-22,15838.599609375,15894.900390625,15808.5,15881.099609375,147539000
2014-08-26,15881.099609375,15998.0,15881.099609375,15998.0,180200600
2014-08-27,15998.0,16075.2998046875,15979.5,16024.599609375,178628800
2014-08-28,16024.599609375,16029.7998046875,15891.599609375,15910.900390625,215151700
2014-08-29,15910.900390625,15921.2998046875,15801.0,15885.7001953125,203959600
2014-09-01,15885.7001953125,15957.099609375,15873.900390625,15957.099609375,151676000
2014-09-02,15957.099609375,15994.599609375,15891.400390625,15965.400390625,211548100
2014-09-03,15965.400390625,16058.2001953125,15965.400390625,15991.900390625,206983000
2014-09-04,15991.900390625,16004.900390625,15936.2001953125,15995.7998046875,215857300
2014-09-05,15995.7998046875,16000.599609375,15911.2001953125,15924.599609375,211973400
2014-09-08,15924.599609375,15924.599609375,15682.599609375,15768.2998046875,184408900
2014-09-09,15768.2998046875,15828.5,15680.7998046875,15786.900390625,187275100
2014-09-10,15786.900390625,15790.2998046875,15660.7001953125,15672.7001953125,182011900
2014-09-11,15672.7001953125,15818.2998046875,15581.099609375,15621.400390625,188407900
2014-09-12,15621.400390625,15737.0,15617.7001953125,15711.900390625,191836900
2014-09-15,15711.900390625,15711.900390625,15614.7001953125,15649.2001953125,165800500
2014-09-16,15649.2001953125,15649.5,15499.0,15593.099609375,251282000
2014-09-17,15593.099609375,15681.099609375,15576.7001953125,15576.7001953125,202687100
2014-09-18,15576.7001953125,15732.0,15573.2998046875,15722.7998046875,215937200
2014-09-19,15722.7998046875,15941.7998046875,15722.7998046875,15859.099609375,491036100
2014-09-22,15859.099609375,15859.400390625,15732.2001953125,15744.599609375,187085600
2014-09-23,15744.599609375,15746.7001953125,15496.5,15533.7001953125,217724500
2014-09-24,15533.7001953125,15583.900390625,15466.900390625,15537.599609375,210286000
2014-09-25,15537.599609375,15596.2001953125,15386.0,15425.900390625,251554500
2014-09-26,15425.900390625,15425.900390625,15276.5,15383.7001953125,180437400
2014-09-29,15383.7001953125,15403.900390625,15324.7998046875,15390.099609375,187097500
2014-09-30,15390.099609375,15455.5,15318.0,15379.7001953125,245399100
2014-10-01,15379.7001953125,15385.400390625,15187.7998046875,15210.900390625,232529700
2014-10-02,15210.900390625,15262.599609375,15005.2001953125,15005.2001953125,312040000
2014-10-03,15005.2001953125,15236.0,15005.2001953125,15230.099609375,190808800
2014-10-06,15230.2001953125,15339.7998046875,15230.2001953125,15277.0,208872100
2014-10-07,15277.0,15277.0,15088.2001953125,15099.2001953125,218173000
2014-10-08,15099.2001953125,15100.2998046875,14907.900390625,14933.5,247890900
2014-10-09,14933.5,15097.5,14794.7001953125,14811.2998046875,271816100
2014-10-10,14811.2998046875,14811.2998046875,14535.099609375,14641.599609375,324833100
2014-10-13,14641.599609375,14648.2998046875,14476.0,14544.0,271180000
2014-10-14,14544.0,14688.5,14443.900390625,14669.7998046875,235287800
2014-10-15,14669.7998046875,14799.599609375,14395.0,14426.7001953125,307826000
2014-10-16,14426.7001953125,14592.099609375,14193.400390625,14480.099609375,409668300
2014-10-17,14480.099609375,14757.599609375,14479.7001953125,14757.599609375,270750000
2014-10-20,14757.599609375,14802.2998046875,14675.5,14756.0,197609600
2014-10-21,14756.0,15025.0,14709.599609375,15025.0,261674700
2014-10-22,15025.0,15183.099609375,15024.7998046875,15170.099609375,246097800
2014-10-23,15170.099609375,15176.5,14989.2001953125,15136.0,253088900
2014-10-24,15136.0,15152.099609375,15070.2001953125,15089.599609375,177670800
2014-10-27,15089.599609375,15170.7998046875,15009.5,15040.400390625,219742200
2014-10-28,15040.400390625,15154.2001953125,15040.099609375,15123.400390625,169070900
2014-10-29,15123.400390625,15281.0,15123.400390625,15234.099609375,204695000
2014-10-30,15234.099609375,15300.400390625,15172.7998046875,15298.2998046875,271341900
2014-10-31,15298.2998046875,15533.900390625,15298.2998046875,15501.400390625,310250400
2014-11-03,15501.400390625,15546.7998046875,15438.400390625,15453.2001953125,200796700
2014-11-04,15453.2001953125,15511.2001953125,15369.5,15394.099609375,238491100
2014-11-05,15394.099609375,15526.2998046875,15394.099609375,15526.2998046875,240636300
2014-11-06,15526.2998046875,15543.099609375,15452.599609375,15515.099609375,246458200
2014-11-07,15515.099609375,15582.099609375,15434.7998046875,15464.5,259688900
2014-11-10,15464.5,15596.2001953125,15437.2001953125,15596.2001953125,234297500
2014-11-11,15596.2001953125,15689.900390625,15596.2001953125,15630.7001953125,241037800
2014-11-12,15630.7001953125,15646.2998046875,15552.900390625,15604.2998046875,272637300
2014-11-13,15604.2998046875,15684.7998046875,15593.0,15631.900390625,284674900
2014-11-14,15631.900390625,15653.900390625,15590.2998046875,15644.099609375,271763300
2014-11-17,15644.099609375,15659.400390625,15529.2001953125,15648.599609375,218846600
2014-11-18,15648.599609375,15744.400390625,15648.599609375,15699.400390625,217031700
2014-11-19,15699.400390625,15730.7998046875,15580.599609375,15601.900390625,251988300
2014-11-20,15601.900390625,15605.2001953125,15537.7001953125,15604.5,216512300
2014-11-21,15604.5,15748.400390625,15584.900390625,15691.599609375,244990300
2014-11-24,15691.599609375,15729.7001953125,15674.099609375,15710.099609375,229313200
2014-11-25,15710.099609375,15844.0,15710.099609375,15831.599609375,310676300
2014-11-26,15831.599609375,15842.400390625,15772.0,15788.400390625,332719000
2014-11-27,15788.400390625,15916.099609375,15787.5,15889.7001953125,237737400
2014-11-28,15889.7001953125,15895.099609375,15786.7001953125,15851.7998046875,295198400
2014-12-01,15851.7998046875,15851.7998046875,15693.2001953125,15719.7998046875,263270100
2014-12-02,15719.7998046875,15833.0,15719.7998046875,15833.0,268578800
2014-12-03,15833.0,15857.599609375,15791.5,15811.599609375,294323800
2014-12-04,15811.599609375,15911.400390625,15811.599609375,15840.5,267969000
2014-12-05,15840.5,16002.900390625,15840.5,16002.900390625,233730000
2014-12-08,16002.900390625,16005.400390625,15949.099609375,15952.5,196551400
2014-12-09,15952.5,15952.5,15714.2998046875,15714.2998046875,243161700
2014-12-10,15714.2998046875,15851.099609375,15714.0,15737.5,276303400
2014-12-11,15737.5,15742.7001953125,15617.2998046875,15663.5,251333700
2014-12-12,15663.5,15663.5,15377.099609375,15377.099609375,250832500
2014-12-15,15377.099609375,15476.2001953125,15233.900390625,15233.900390625,249239900
2014-12-16,15233.900390625,15426.7998046875,15151.599609375,15426.7998046875,322601800
2014-12-17,15426.7998046875,15474.099609375,15321.2998046875,15444.0,261183200
2014-12-18,15444.0,15739.2001953125,15444.0,15732.7001953125,297720400
2014-12-19,15732.7001953125,15907.900390625,15732.7001953125,15888.900390625,644896200
2014-12-22,15888.900390625,15996.2998046875,15888.900390625,15991.5,201395900
2014-12-23,15991.5,16094.2001953125,15991.2998046875,16094.2001953125,144716700
2014-12-24,16094.2001953125,16127.7001953125,16059.5,16104.900390625,42853900
2014-12-29,16104.900390625,16166.2998046875,16019.7998046875,16050.7001953125,116794400
2014-12-30,16050.7001953125,16051.7001953125,15955.599609375,15990.2998046875,106193700
2014-12-31,15990.2998046875,16085.400390625,15969.400390625,16085.400390625,55280300
2015-01-02,16085.400390625,16103.099609375,15977.7001953125,16052.0,126821600
2015-01-05,16052.0,16141.400390625,15910.5,15921.7001953125,211207200
2015-01-06,15921.7001953125,15980.2001953125,15778.400390625,15778.7001953125,250197700
2015-01-07,15778.7001953125,15924.2001953125,15778.7001953125,15851.7001953125,250241800
2015-01-08,15851.7001953125,16086.5,15851.7001953125,16085.5,259066600
2015-01-09,16085.5,16086.0,15961.400390625,16011.0,232017400
2015-01-12,16011.0,16048.2001953125,15902.0,15943.7001953125,256945700
2015-01-13,15943.7001953125,16109.7001953125,15943.7001953125,16085.0,302149100
2015-01-14,16085.0,16085.0,15817.900390625,15872.099609375,292202300
2015-01-15,15872.099609375,15963.2001953125,15752.2001953125,15915.2998046875,314254100
2015-01-16,15915.2998046875,15931.7998046875,15780.599609375,15922.5,343910400
2015-01-19,15922.5,16067.2001953125,15922.5,16067.2001953125,214205700
2015-01-20,16067.2001953125,16178.7998046875,16065.2998046875,16126.599609375,218696500
2015-01-21,16126.599609375,16253.2998046875,16116.2998046875,16253.2998046875,277217200
2015-01-22,16253.2998046875,16395.19921875,16250.599609375,16378.900390625,294985100
2015-01-23,16378.900390625,16491.80078125,16378.7998046875,16458.900390625,361098300
2015-01-26,16458.900390625,16480.099609375,16373.7001953125,16470.5,259407400
2015-01-27,16470.5,16524.900390625,16340.7001953125,16353.900390625,414004400
2015-01-28,16353.900390625,16431.0,16344.900390625,16425.69921875,325882000
2015-01-29,16425.69921875,16425.69921875,16273.099609375,16359.0,331846400
2015-01-30,16359.0,16420.599609375,16304.2998046875,16305.7998046875,492220300
2015-02-02,16305.7998046875,16379.7998046875,16262.2001953125,16355.599609375,500372500
2015-02-03,16355.599609375,16578.19921875,16353.7998046875,16570.30078125,551245400
2015-02-04,16570.30078125,16584.400390625,16486.80078125,16571.599609375,411095300
2015-02-05,16571.599609375,16695.0,16487.30078125,16695.0,323158500
2015-02-06,16695.0,16723.30078125,16614.400390625,16685.599609375,293446300
2015-02-09,16685.599609375,16685.80078125,16488.19921875,16579.19921875,265225600
2015-02-10,16579.19921875,16677.900390625,16565.19921875,16658.69921875,272747200
2015-02-11,16658.69921875,16671.099609375,16595.0,16632.599609375,250154300
2015-02-12,16632.599609375,16809.400390625,16608.900390625,16809.400390625,333325200
2015-02-13,16809.400390625,16917.5,16806.80078125,16847.80078125,440555800
2015-02-16,16847.80078125,16869.900390625,16819.599609375,16861.19921875,232093600
2015-02-17,16861.19921875,16955.400390625,16834.80078125,16887.69921875,325326400
2015-02-18,16887.69921875,17016.19921875,16887.69921875,17002.099609375,481136500
2015-02-19,17002.099609375,17049.80078125,16981.599609375,17049.80078125,373928500
2015-02-20,17049.80078125,17122.599609375,17016.80078125,17122.599609375,299966700
2015-02-23,17122.599609375,17169.900390625,17076.400390625,17168.0,258765300
2015-02-24,17168.0,17207.69921875,17095.19921875,17201.900390625,287903800
2015-02-25,17201.900390625,17207.69921875,17141.0,17188.30078125,290443500
2015-02-26,17188.30078125,17249.80078125,17162.30078125,17249.80078125,268382600
2015-02-27,17249.80078125,17277.900390625,17214.099609375,17273.80078125,289864100
2015-03-02,17273.80078125,17335.0,17239.80078125,17249.900390625,315124600
2015-03-03,17249.900390625,17293.099609375,17142.900390625,17146.0,292919300
2015-03-04,17146.0,17159.099609375,17059.69921875,17135.69921875,474680000
2015-03-05,17135.69921875,17319.69921875,17135.69921875,17310.30078125,290379900
2015-03-06,17310.30078125,17357.400390625,17260.599609375,17272.19921875,317099400
2015-03-09,17272.19921875,17272.400390625,17149.599609375,17167.099609375,256321200
2015-03-10,17167.099609375,17180.599609375,16922.5,16922.5,324316000
2015-03-11,16922.5,16991.400390625,16818.5,16948.900390625,312895000
2015-03-12,16948.900390625,17068.5,16947.900390625,17061.099609375,272430000
2015-03-13,17061.099609375,17117.5,17060.900390625,17109.5,436234500
2015-03-16,17109.5,17207.30078125,17108.19921875,17201.0,324780600
2015-03-17,17201.0,17248.19921875,17100.80078125,17202.900390625,328936200
2015-03-18,17202.900390625,17376.0,17202.69921875,17363.69921875,340621700
2015-03-19,17363.69921875,17476.19921875,17363.69921875,17438.19921875,268579500
2015-03-20,17438.19921875,17547.19921875,17420.80078125,17537.599609375,612319500
2015-03-23,17537.599609375,17551.19921875,17489.5,17551.19921875,232394200
2015-03-24,17551.19921875,17655.80078125,17503.30078125,17579.19921875,229856000
2015-03-25,17579.19921875,17627.30078125,17498.900390625,17502.30078125,222312700
2015-03-26,17502.30078125,17502.30078125,17200.400390625,17260.599609375,254767500
2015-03-27,17260.599609375,17322.099609375,17154.400390625,17162.599609375,270554900
2015-03-30,17162.599609375,17286.099609375,17162.0,17208.099609375,222207100
2015-03-31,17208.099609375,17307.599609375,17077.30078125,17090.599609375,299260200
2015-04-01,17090.599609375,17201.0,17039.599609375,17123.400390625,276103600
2015-04-02,17123.400390625,17268.80078125,17123.400390625,17268.80078125,215476500
2015-04-07,17268.80078125,17521.5,17268.599609375,17521.5,249681200
2015-04-08,17521.5,17627.400390625,17521.19921875,17561.5,255789600
2015-04-09,17561.5,17715.5,17561.099609375,17715.5,247929200
2015-04-10,17715.5,17875.099609375,17715.5,17875.099609375,231039800
2015-04-13,17875.099609375,17886.099609375,17795.400390625,17829.80078125,207898500
2015-04-14,17829.80078125,17881.19921875,17808.400390625,17858.80078125,212229800
2015-04-15,17858.80078125,17904.30078125,17857.099609375,17873.5,296400200
2015-04-16,17873.5,17899.19921875,17730.30078125,17730.30078125,251242100
2015-04-17,17730.30078125,17781.5,17560.80078125,17572.400390625,245033900
2015-04-20,17572.400390625,17667.0,17547.80078125,17603.5,300155700
2015-04-21,17603.5,17760.099609375,17603.5,17712.599609375,213833000
2015-04-22,17712.599609375,17775.400390625,17588.80078125,17635.599609375,220477800
2015-04-23,17635.599609375,17684.69921875,17560.900390625,17684.69921875,277251300
2015-04-24,17684.69921875,17763.30078125,17683.5,17729.400390625,228402000
2015-04-27,17729.400390625,17795.599609375,17646.80078125,17784.69921875,206554100
2015-04-28,17784.69921875,17798.19921875,17556.0,17659.400390625,241073700
2015-04-29,17659.400390625,17687.69921875,17480.80078125,17481.19921875,221011100
2015-04-30,17481.19921875,17514.900390625,17351.400390625,17474.599609375,292935400
2015-05-01,17474.599609375,17489.30078125,17375.30078125,17468.30078125,123198600
2015-05-05,17468.30078125,17629.599609375,17452.099609375,17452.099609375,249758400
2015-05-06,17452.099609375,17499.5,17379.5,17412.099609375,240445700
2015-05-07,17412.099609375,17469.5,17220.5,17448.0,265116900
2015-05-08,17448.0,18161.19921875,17448.0,17935.900390625,393871100
2015-05-11,17935.900390625,17984.80078125,17853.0,17870.599609375,225632400
2015-05-12,17870.599609375,17870.599609375,17588.0,17689.19921875,247704400
2015-05-13,17689.19921875,17887.30078125,17689.19921875,17861.5,241003400
2015-05-14,17861.5,17942.599609375,17764.900390625,17929.30078125,201942500
2015-05-15,17929.30078125,18049.19921875,17929.30078125,18020.400390625,247239900
2015-05-18,18020.400390625,18074.099609375,17972.900390625,18022.19921875,189936100
2015-05-19,18022.19921875,18197.5,18021.599609375,18176.099609375,238894000
2015-05-20,18176.099609375,18187.30078125,18099.19921875,18135.5,243133800
2015-05-21,18135.5,18155.599609375,18086.900390625,18154.599609375,227751800
2015-05-22,18154.599609375,18248.0,18153.5,18192.69921875,200571200
2015-05-26,18192.69921875,18205.400390625,18079.19921875,18098.80078125,209960300
2015-05-27,18098.80078125,18252.400390625,18074.69921875,18237.5,333124600
2015-05-28,18237.5,18241.599609375,18176.400390625,18237.0,218309800
2015-05-29,18237.0,18295.099609375,18120.5,18154.400390625,277815100
2015-06-01,18154.400390625,18256.400390625,18133.0,18220.19921875,200446000
2015-06-02,18220.19921875,18297.5,18137.30078125,18220.30078125,214947200
2015-06-03,18220.30078125,18393.19921875,18220.19921875,18263.5,241135600
2015-06-04,18263.5,18263.69921875,18050.400390625,18090.400390625,240263700
2015-06-05,18090.400390625,18090.400390625,17903.80078125,17931.30078125,205493000
2015-06-08,17931.30078125,17948.30078125,17878.400390625,17878.400390625,197202100
2015-06-09,17878.400390625,17927.5,17777.599609375,17839.80078125,193485200
2015-06-10,17839.80078125,18047.099609375,17825.099609375,18030.099609375,260578200
2015-06-11,18030.099609375,18140.5,18025.0,18089.5,206212400
2015-06-12,18089.5,18089.5,17885.900390625,17949.099609375,304790200
2015-06-15,17949.099609375,17949.80078125,17722.69921875,17728.69921875,184725500
2015-06-16,17728.69921875,17760.30078125,17579.099609375,17736.19921875,194132300
2015-06-17,17736.19921875,17820.0,17653.80078125,17706.19921875,190501700
2015-06-18,17706.19921875,17707.30078125,17531.099609375,17678.900390625,213334400
2015-06-19,17678.900390625,17764.099609375,17671.5,17705.0,0
2015-06-22,17705.0,17906.30078125,17705.0,17906.30078125,216486900
2015-06-23,17906.30078125,18016.5,17905.599609375,17997.599609375,258372300
2015-06-24,17997.599609375,18030.19921875,17873.19921875,17924.80078125,248551600
2015-06-25,17924.80078125,17983.400390625,17869.599609375,17944.900390625,217400200
2015-06-26,17944.900390625,17944.900390625,17800.599609375,17822.30078125,189828100
2015-06-29,17822.30078125,17822.30078125,17384.099609375,17534.69921875,219787100
2015-06-30,17534.69921875,17625.599609375,17403.400390625,17531.5,242544500
2015-07-01,17531.5,17752.5,17531.5,17717.099609375,246111700
2015-07-02,17717.099609375,17717.099609375,17657.19921875,17686.0,197311200
2015-07-03,17686.0,17686.0,17593.900390625,17613.5,137512200
2015-07-06,17613.5,17614.0,17432.19921875,17443.30078125,171418200
2015-07-07,17443.30078125,17469.599609375,17212.900390625,17212.900390625,209602000
2015-07-08,17212.900390625,17277.099609375,17100.400390625,17112.900390625,245824100
2015-07-09,17112.900390625,17327.69921875,17112.099609375,17296.0,245028600
2015-07-10,17296.0,17493.0,17296.0,17486.30078125,221134100
2015-07-13,17486.30078125,17708.900390625,17486.30078125,17708.900390625,250176700
2015-07-14,17708.900390625,17724.5,17562.0,17642.400390625,0
2015-07-15,17642.400390625,17657.0,17571.900390625,17637.099609375,215640400
2015-07-16,17637.099609375,17772.900390625,17637.099609375,17765.400390625,191656400
2015-07-17,17765.400390625,17794.80078125,17722.5,17755.900390625,198511400
2015-07-20,17755.900390625,17856.900390625,17736.900390625,17781.400390625,181580100
2015-07-21,17781.400390625,17818.5,17738.599609375,17755.900390625,190659800
2015-07-22,17755.900390625,17756.099609375,17633.5,17645.69921875,199481000
2015-07-23,17645.69921875,17715.0,17603.30078125,17619.099609375,188061700
2015-07-24,17619.099609375,17642.5,17490.900390625,17499.099609375,206521800
2015-07-27,17499.099609375,17506.599609375,17267.599609375,17267.599609375,210215500
2015-07-28,17267.599609375,17413.0,17267.400390625,17387.900390625,223566200
2015-07-29,17387.900390625,17532.19921875,17387.19921875,17512.80078125,262298900
2015-07-30,17512.80078125,17636.900390625,17437.400390625,17521.0,229375500
2015-07-31,17521.0,17677.400390625,17521.0,17677.400390625,0
2015-08-03,17677.400390625,17683.80078125,17590.69921875,17670.099609375,198379600
2015-08-04,17670.099609375,17740.099609375,17630.30078125,17734.400390625,212104300
2015-08-05,17734.400390625,17775.099609375,17676.599609375,17775.099609375,213960300
2015-08-06,17775.099609375,17777.599609375,17702.19921875,17745.80078125,206738100
2015-08-07,17745.80078125,17747.5,17655.80078125,17655.80078125,199182500
2015-08-10,17655.80078125,17760.900390625,17569.5,17760.900390625,190894000
2015-08-11,17760.900390625,17761.0,17660.400390625,17667.0,0
2015-08-12,17667.0,17667.0,17369.80078125,17438.099609375,254271500
2015-08-13,17438.099609375,17622.69921875,17437.900390625,17595.5,224524900
2015-08-14,17595.5,17689.599609375,17595.5,17620.900390625,180118800
2015-08-17,17620.900390625,17692.0,17542.400390625,17608.900390625,154748900
2015-08-18,17608.900390625,17639.5,17580.099609375,17616.900390625,174148300
2015-08-19,17616.900390625,17616.900390625,17398.599609375,17398.599609375,203677400
2015-08-20,17398.599609375,17399.19921875,17223.0,17239.400390625,247570000
2015-08-21,17239.400390625,17239.400390625,16876.599609375,16876.599609375,236590000
2015-08-24,16876.599609375,16876.599609375,15963.400390625,16214.2998046875,330351300
2015-08-25,16214.2998046875,16754.30078125,16213.599609375,16721.599609375,300397000
2015-08-26,16721.599609375,16811.900390625,16440.5,16601.30078125,276170600
2015-08-27,16601.30078125,16944.19921875,16601.30078125,16922.0,253117100
2015-08-28,16922.0,17106.400390625,16880.80078125,17106.400390625,238883100
2015-09-01,17106.400390625,17106.400390625,16783.900390625,16840.400390625,259518400
2015-09-02,16840.400390625,16954.19921875,16794.69921875,16885.69921875,241650600
2015-09-03,16885.69921875,17110.0,16885.69921875,17087.19921875,231248600
2015-09-04,17087.19921875,17087.19921875,16808.0,16808.0,195595400
2015-09-07,16808.0,16928.5,16804.400390625,16842.5,171380900
2015-09-08,16842.5,17068.400390625,16842.5,17000.30078125,233818900
2015-09-09,17000.30078125,17244.099609375,17000.30078125,17153.30078125,236484700
2015-09-10,17153.30078125,17153.30078125,17006.69921875,17020.099609375,213720200
2015-09-11,17020.099609375,17048.599609375,16947.0,16968.400390625,162243500
2015-09-14,16968.400390625,17072.900390625,16901.900390625,16925.69921875,152614600
2015-09-15,16925.69921875,16990.900390625,16819.5,16961.80078125,202228600
2015-09-16,16961.80078125,17090.599609375,16961.80078125,17062.0,190040100
2015-09-17,17062.0,17101.69921875,17006.900390625,17043.5,188912400
2015-09-18,17043.5,17044.69921875,16885.400390625,16950.69921875,385690700
2015-09-21,16950.69921875,17009.900390625,16877.19921875,16893.30078125,165728800
2015-09-22,16893.30078125,16901.80078125,16530.0,16530.0,226076400
2015-09-23,16530.0,16702.80078125,16480.599609375,16659.900390625,207522300
2015-09-24,16659.900390625,16726.5,16489.599609375,16514.5,208679400
2015-09-25,16514.5,16831.400390625,16514.5,16799.900390625,197655700
2015-09-28,16799.900390625,16800.80078125,16614.19921875,16614.19921875,171694100
2015-09-29,16614.19921875,16614.19921875,16435.69921875,16442.5,202156700
2015-09-30,16442.5,16683.0,16442.5,16683.0,217017200
2015-10-01,16683.0,16894.19921875,16683.0,16763.69921875,212532700
2015-10-02,16763.69921875,16893.69921875,16698.0,16796.099609375,180394900
2015-10-05,16796.099609375,17110.30078125,16796.099609375,17110.30078125,196918000
2015-10-06,17110.30078125,17147.900390625,17040.599609375,17132.80078125,0
2015-10-07,17132.80078125,17205.099609375,17007.69921875,17031.19921875,249282400
2015-10-08,17031.19921875,17047.900390625,16932.900390625,17003.80078125,247267600
2015-10-09,17003.80078125,17153.80078125,17003.80078125,17085.900390625,239823400
2015-10-12,17085.900390625,17088.900390625,16960.400390625,16987.0,186482900
2015-10-13,16987.0,17003.80078125,16869.80078125,16898.0,189985800
2015-10-14,16898.0,16898.0,16786.19921875,16811.5,0
2015-10-15,16811.5,16949.80078125,16811.5,16949.5,0
2015-10-16,16949.5,17069.19921875,16881.80078125,16892.69921875,200337600
2015-10-19,16892.69921875,16973.80078125,16871.0,16917.30078125,0
2015-10-20,16917.30078125,16999.69921875,16916.5,16984.0,187234300
2015-10-21,16984.0,17089.099609375,16929.900390625,17036.69921875,218597500
2015-10-22,17036.69921875,17044.5,16914.30078125,17044.5,261025000
2015-10-23,17044.5,17258.599609375,17044.5,17240.69921875,0
2015-10-26,17240.69921875,17240.69921875,17171.0,17178.69921875,206940900
2015-10-27,17178.69921875,17178.69921875,17045.19921875,17045.19921875,199783700
2015-10-28,17045.19921875,17150.400390625,17008.69921875,17144.0,0
2015-10-29,17144.0,17147.599609375,17070.5,17114.400390625,227778700
2015-10-30,17114.400390625,17160.0,17084.900390625,17117.19921875,205469100
2015-11-02,17117.19921875,17178.400390625,17064.30078125,17167.400390625,166633900
2015-11-03,17167.400390625,17209.900390625,17159.30078125,17189.0,191974300
2015-11-04,17189.0,17275.099609375,17166.30078125,17182.5,232233500
2015-11-05,17182.5,17203.099609375,17094.30078125,17117.099609375,0
2015-11-06,17117.099609375,17219.19921875,17099.099609375,17165.900390625,216327000
2015-11-09,17165.900390625,17245.5,17092.900390625,17112.69921875,221076200
2015-11-10,17112.69921875,17186.599609375,16994.599609375,17039.80078125,219199000
2015-11-11,17039.80078125,17163.5,17039.80078125,17101.80078125,222674400
2015-11-12,17101.80078125,17102.400390625,16844.400390625,16869.5,227843600
2015-11-13,16869.5,16869.599609375,16722.19921875,16775.599609375,195574500
2015-11-16,16775.599609375,16844.400390625,16679.099609375,16844.400390625,189879700
2015-11-17,16844.400390625,17084.80078125,16843.099609375,17084.80078125,258809500
2015-11-18,17084.80078125,17094.80078125,17014.80078125,17089.099609375,234874900
2015-11-19,17089.099609375,17197.5,17088.099609375,17144.69921875,222193900
2015-11-20,17144.69921875,17189.099609375,17113.599609375,17189.099609375,204542600
2015-11-23,17189.099609375,17190.599609375,17097.69921875,17106.900390625,205060200
2015-11-24,17106.900390625,17130.099609375,16857.69921875,16950.0,257968500
2015-11-25,16950.0,17120.900390625,16947.900390625,17111.30078125,220262700
2015-11-26,17111.30078125,17216.400390625,17104.599609375,17216.400390625,162200800
2015-11-27,17216.400390625,17265.099609375,17150.599609375,17265.099609375,184078700
2015-11-30,17265.099609375,17420.69921875,17228.0,17420.69921875,343382500
2015-12-01,17420.69921875,17532.099609375,17405.5,17516.80078125,238076200
2015-12-02,17516.80078125,17584.69921875,17516.69921875,17553.900390625,218133500
2015-12-03,17553.900390625,17641.599609375,17391.900390625,17391.900390625,260395700
2015-12-04,17391.900390625,17392.5,17296.80078125,17366.900390625,196977400
2015-12-07,17366.900390625,17467.80078125,17352.30078125,17356.099609375,211129000
2015-12-08,17356.099609375,17391.80078125,17155.599609375,17191.900390625,208245800
2015-12-09,17191.900390625,17247.30078125,17110.599609375,17139.900390625,235122200
2015-12-10,17139.900390625,17141.099609375,17051.900390625,17080.30078125,206597800
2015-12-11,17080.30078125,17080.30078125,16877.30078125,16877.30078125,230033700
2015-12-14,16877.30078125,16955.69921875,16772.599609375,16772.599609375,224856400
2015-12-15,16772.599609375,17028.599609375,16772.599609375,16999.599609375,228328800
2015-12-16,16999.599609375,17089.5,16999.599609375,17075.900390625,214083700
2015-12-17,17075.900390625,17273.5,17075.900390625,17177.30078125,234792800
2015-12-18,17177.30078125,17206.099609375,17085.400390625,17105.900390625,362056200
2015-12-21,17105.900390625,17206.19921875,17072.69921875,17076.900390625,164154400
2015-12-22,17076.900390625,17188.0,17063.19921875,17166.19921875,145383700
2015-12-23,17166.19921875,17403.69921875,17166.19921875,17391.900390625,178029000
2015-12-24,17391.900390625,17424.900390625,17391.900390625,17415.099609375,32097500
2015-12-29,17415.099609375,17569.400390625,17395.69921875,17569.400390625,140279400
2015-12-30,17569.400390625,17569.400390625,17469.5,17519.69921875,118357300
2015-12-31,17519.69921875,17519.69921875,17418.0,17429.80078125,48593600
2016-01-04,17429.80078125,17431.80078125,17082.69921875,17122.19921875,234057900
2016-01-05,17122.19921875,17223.0,17101.099609375,17205.0,225795300
2016-01-06,17205.0,17205.599609375,16953.599609375,17059.0,274581200
2016-01-07,17059.0,17059.0,16634.30078125,16792.19921875,283943900
2016-01-08,16792.19921875,16948.80078125,16732.69921875,16732.69921875,232393900
2016-01-11,16732.69921875,16746.30078125,16643.69921875,16658.30078125,256780100
2016-01-12,16658.30078125,16806.80078125,16658.30078125,16687.900390625,293207700
2016-01-13,16687.900390625,16812.69921875,16673.599609375,16695.80078125,311800100
2016-01-14,16695.80078125,16696.30078125,16326.900390625,16413.30078125,334031000
2016-01-15,16413.30078125,16472.5,16082.400390625,16160.599609375,310812400
2016-01-18,16160.599609375,16225.2998046875,15952.2998046875,15958.7998046875,258193000
2016-01-19,15958.7998046875,16192.400390625,15958.7998046875,16114.599609375,264952000
2016-01-20,16114.599609375,16114.599609375,15603.099609375,15641.0,285414300
2016-01-21,15641.0,15847.0,15635.900390625,15833.599609375,299374900
2016-01-22,15833.599609375,16134.599609375,15833.599609375,16128.0,263839600
2016-01-25,16128.0,16198.5,16070.5,16147.0,203139800
2016-01-26,16147.0,16190.900390625,15945.099609375,16179.0,244537400
2016-01-27,16182.900390625,16281.0,16105.400390625,16281.0,235621800
2016-01-28,16281.0,16347.2001953125,16136.400390625,16196.599609375,297751600
2016-01-29,16196.599609375,16487.69921875,16196.599609375,16487.69921875,297841800
2016-02-01,16487.69921875,16562.19921875,16373.2001953125,16489.30078125,239631500
2016-02-02,16489.30078125,16491.69921875,16228.7998046875,16299.7001953125,275460000
2016-02-03,16299.7001953125,16301.0,15896.400390625,15992.400390625,279693800
2016-02-04,15992.400390625,16156.400390625,15913.2998046875,16086.7001953125,276455900
2016-02-05,16086.7001953125,16252.0,16002.2998046875,16002.2998046875,280678300
2016-02-08,16002.2998046875,16023.7998046875,15471.900390625,15498.0,294419700
2016-02-09,15498.0,15566.0,15203.900390625,15316.900390625,305028200
2016-02-10,15316.900390625,15644.599609375,15316.7001953125,15512.5,255188100
2016-02-11,15512.5,15512.5,15142.2998046875,15178.7998046875,0
2016-02-12,15178.7998046875,15462.400390625,15175.599609375,15431.2998046875,305157400
2016-02-15,15431.2998046875,15764.099609375,15431.2998046875,15728.099609375,254294900
2016-02-16,15728.099609375,15823.0,15648.2998046875,15702.2998046875,237451900
2016-02-17,15702.2998046875,16161.7001953125,15699.0,16156.2998046875,260204600
2016-02-18,16156.2998046875,16242.7001953125,16095.599609375,16176.7998046875,250720800
2016-02-19,16176.7998046875,16225.400390625,16069.2001953125,16158.099609375,203966900
2016-02-22,16158.099609375,16350.900390625,16158.099609375,16288.7998046875,232960700
2016-02-23,16288.7998046875,16336.599609375,16209.2001953125,16229.2001953125,244834400
2016-02-24,16229.2001953125,16230.099609375,16061.2001953125,16117.5,297249100
2016-02-25,16117.5,16435.599609375,16117.5,16399.099609375,0
2016-02-26,16399.099609375,16604.400390625,16399.099609375,16567.0,229114000
2016-02-29,16567.0,16603.099609375,16445.5,16603.099609375,331898200
2016-03-01,16603.099609375,16789.5,16603.099609375,16789.5,283746000
2016-03-02,16789.5,16880.599609375,16672.900390625,16729.0,266344000
2016-03-03,16729.0,16799.19921875,16672.19921875,16745.599609375,260613200
2016-03-04,16745.599609375,16932.69921875,16745.599609375,16931.19921875,274355400
2016-03-07,16931.19921875,16983.0,16795.19921875,16831.400390625,240309400
2016-03-08,16831.400390625,16831.80078125,16640.0,16654.0,240579500
2016-03-09,16654.0,16656.900390625,16564.5,16591.599609375,256092300
2016-03-10,16591.599609375,16713.0,16385.19921875,16385.19921875,301988200
2016-03-11,16385.19921875,16617.900390625,16385.19921875,16595.30078125,228269700
2016-03-14,16595.30078125,16733.400390625,16595.099609375,16693.099609375,193571900
2016-03-15,16693.099609375,16698.80078125,16618.900390625,16634.80078125,243095300
2016-03-16,16634.80078125,16789.900390625,16634.80078125,16752.80078125,276810000
2016-03-17,16752.80078125,16875.599609375,16673.099609375,16849.0,266643400
2016-03-18,16849.0,16948.099609375,16829.30078125,16901.30078125,676033300
2016-03-21,16901.30078125,16975.69921875,16833.19921875,16862.80078125,259184000
2016-03-22,16862.80078125,16903.900390625,16732.099609375,16903.900390625,243793500
2016-03-23,16903.900390625,16955.400390625,16836.099609375,16864.599609375,242243300
2016-03-24,16864.599609375,16865.30078125,16671.0,16674.400390625,217112400
2016-03-29,16674.400390625,16756.30078125,16669.69921875,16756.30078125,193303700
2016-03-30,16756.30078125,16994.19921875,16756.30078125,16975.0,215306500
2016-03-31,16975.0,16977.69921875,16885.19921875,16926.099609375,216528700
2016-04-01,16926.099609375,16926.099609375,16723.80078125,16843.69921875,221768000
2016-04-04,16843.69921875,16908.80078125,16813.69921875,16845.599609375,193014900
2016-04-05,16845.599609375,16845.599609375,16689.69921875,16725.599609375,199810000
2016-04-06,16725.599609375,16872.80078125,16725.599609375,16866.099609375,196813700
2016-04-07,16866.099609375,16920.599609375,16692.19921875,16714.19921875,203947400
2016-04-08,16714.19921875,16875.900390625,16702.900390625,16829.69921875,197549500
2016-04-11,16829.69921875,16858.099609375,16760.69921875,16778.80078125,175775400
2016-04-12,16778.80078125,16795.30078125,16706.19921875,16795.30078125,199466400
2016-04-13,16795.30078125,17048.0,16794.5,17048.0,235143800
2016-04-14,17048.0,17071.19921875,16975.900390625,17001.400390625,210775700
2016-04-15,17001.400390625,17038.400390625,16883.599609375,16910.80078125,213719600
2016-04-18,16910.80078125,16924.900390625,16776.69921875,16889.80078125,189904800
2016-04-19,16889.80078125,17115.30078125,16889.0,17044.30078125,255280000
2016-04-20,17044.30078125,17046.599609375,16963.099609375,17018.0,224044000
2016-04-21,17018.0,17048.099609375,16925.80078125,16979.400390625,230154800
2016-04-22,16979.400390625,16983.19921875,16866.400390625,16871.5,845580400
2016-04-25,16871.5,17000.19921875,16853.400390625,16965.69921875,190162900
2016-04-26,16965.69921875,17011.099609375,16922.19921875,16945.5,206552700
2016-04-27,16945.5,17104.19921875,16929.900390625,17083.69921875,217693700
2016-04-28,17083.69921875,17083.69921875,16950.80078125,17066.5,235783600
2016-04-29,17066.5,17066.900390625,16801.599609375,16801.599609375,299734900
2016-05-03,16801.599609375,16852.69921875,16718.19921875,16730.099609375,277510600
2016-05-04,16730.099609375,16732.80078125,16628.599609375,16659.400390625,218096200
2016-05-05,16659.400390625,16768.099609375,16635.900390625,16661.69921875,0
2016-05-06,16661.69921875,16711.599609375,16583.69921875,16648.80078125,213603800
2016-05-09,16648.80078125,16793.099609375,16648.80078125,16687.099609375,220337100
2016-05-10,16687.099609375,16811.599609375,16681.30078125,16724.400390625,213589400
2016-05-11,16724.400390625,16737.69921875,16662.400390625,16720.80078125,207507500
2016-05-12,16720.80078125,16778.30078125,16631.80078125,16659.900390625,220870000
2016-05-13,16659.900390625,16659.900390625,16547.69921875,16650.30078125,413447700
2016-05-16,16650.30078125,16703.5,16611.80078125,16699.30078125,151433700
2016-05-17,16699.30078125,16897.30078125,16699.30078125,16845.099609375,209839700
2016-05-18,16845.099609375,16881.400390625,16739.80078125,16881.19921875,238870600
2016-05-19,16881.19921875,16881.5,16706.0,16730.099609375,257359400
2016-05-20,16730.099609375,16922.099609375,16730.099609375,16922.099609375,231796600
2016-05-23,16922.099609375,17053.400390625,16908.5,17031.69921875,236097700
2016-05-24,17031.69921875,17135.69921875,16954.900390625,17135.69921875,224342000
2016-05-25,17135.69921875,17260.30078125,17135.099609375,17232.599609375,249384500
2016-05-26,17232.599609375,17255.80078125,17162.0,17192.80078125,210263700
2016-05-27,17192.80078125,17232.30078125,17164.80078125,17232.30078125,181922900
2016-05-31,17232.30078125,17261.0,17176.900390625,17184.69921875,307903600
2016-06-01,17184.69921875,17185.30078125,16997.69921875,17061.5,228737600
2016-06-02,17061.5,17077.900390625,16969.5,17076.30078125,210104100
2016-06-03,17076.30078125,17163.099609375,16994.0,17067.900390625,227001200
2016-06-06,17067.900390625,17220.5,17025.0,17181.80078125,0
2016-06-07,17181.80078125,17292.80078125,17177.80078125,17195.400390625,219959300
2016-06-08,17195.400390625,17231.69921875,17128.5,17177.900390625,219936600
2016-06-09,17177.900390625,17178.900390625,17043.099609375,17111.599609375,202728400
2016-06-10,17111.599609375,17112.19921875,16800.599609375,16827.5,235258300
2016-06-13,16827.5,16827.5,16574.30078125,16574.30078125,220427700
2016-06-14,16574.19921875,16574.599609375,16232.2998046875,16232.2998046875,267757100
2016-06-15,16232.2998046875,16380.2998046875,16232.2998046875,16298.2998046875,256962800
2016-06-16,16298.2998046875,16298.2998046875,16012.2001953125,16032.0,318373600
2016-06-17,16032.0,16448.30078125,16032.0,16422.0,529390700
2016-06-20,16422.0,17010.5,16422.0,16959.099609375,279284600
2016-06-21,16959.099609375,16987.0,16860.099609375,16980.30078125,239523800
2016-06-22,16980.30078125,17085.30078125,16868.400390625,17043.5,249754000
2016-06-23,17043.5,17389.400390625,17043.5,17333.5,272022000
2016-06-24,17333.5,17333.5,15209.7998046875,16088.099609375,639497700
2016-06-27,16088.099609375,16088.099609375,14951.599609375,14967.900390625,570739400
2016-06-28,14967.900390625,15560.2001953125,14967.900390625,15503.099609375,430292500
2016-06-29,15503.099609375,16002.900390625,15503.099609375,16002.900390625,426723900
2016-06-30,16002.900390625,16271.099609375,15885.599609375,16271.099609375,381842600
2016-07-01,16271.099609375,16478.0,16103.900390625,16465.5,299499900
2016-07-04,16465.5,16526.900390625,16102.400390625,16116.7001953125,0
2016-07-05,16116.7001953125,16140.7998046875,15646.7998046875,15734.7001953125,361527100
2016-07-06,15734.7001953125,15736.400390625,15496.0,15669.7001953125,391743600
2016-07-07,15669.7001953125,15994.7001953125,15669.7001953125,15898.7998046875,322634300
2016-07-08,15898.7998046875,16204.900390625,15826.400390625,16177.7998046875,277578200
2016-07-11,16177.7998046875,16745.19921875,16177.7998046875,16706.400390625,290945100
2016-07-12,16706.400390625,16935.80078125,16705.599609375,16807.099609375,301877900
2016-07-13,16807.099609375,16867.80078125,16725.80078125,16751.0,282034000
2016-07-14,16751.0,16907.400390625,16695.099609375,16788.0,342471100
2016-07-15,16788.0,16788.0,16565.5,16727.30078125,206379500
2016-07-18,16727.30078125,16952.80078125,16711.400390625,16867.69921875,204322000
2016-07-19,16867.69921875,16948.80078125,16755.5,16906.30078125,203570600
2016-07-20,16906.30078125,17087.0,16887.80078125,17018.900390625,237626900
2016-07-21,17018.900390625,17092.19921875,16877.0,17047.400390625,248080000
2016-07-22,17047.400390625,17086.19921875,16950.5,16983.5,229129100
2016-07-25,16983.5,17162.400390625,16983.5,17091.0,230098900
2016-07-26,17091.0,17131.30078125,17007.30078125,17069.099609375,206593400
2016-07-27,17069.099609375,17362.099609375,17068.0,17265.900390625,249944700
2016-07-28,17265.900390625,17390.69921875,17237.400390625,17252.30078125,0
2016-07-29,17252.30078125,17297.0,17179.80078125,17282.900390625,278095800
2016-08-01,17282.900390625,17370.400390625,17139.19921875,17139.19921875,241287800
2016-08-02,17139.19921875,17168.19921875,16906.400390625,17063.0,262452100
2016-08-03,17063.0,17081.69921875,16932.5,16997.099609375,229858300
2016-08-04,16997.099609375,17293.5,16964.5,17244.30078125,300980900
2016-08-05,17244.30078125,17483.80078125,17242.599609375,17465.400390625,254456000
2016-08-08,17465.400390625,17649.0,17464.599609375,17557.69921875,251825200
2016-08-09,17557.69921875,17690.69921875,17546.19921875,17687.400390625,248647800
2016-08-10,17687.400390625,17738.0,17629.5,17699.69921875,285071100
2016-08-11,17699.69921875,17807.599609375,17574.0,17807.599609375,264281400
2016-08-12,17807.599609375,17946.900390625,17802.5,17921.400390625,244413900
2016-08-15,17921.400390625,17961.19921875,17888.69921875,17929.30078125,198786600
2016-08-16,17929.30078125,18012.599609375,17808.5,17808.5,214263200
2016-08-17,17808.5,17876.80078125,17746.69921875,17758.69921875,216667600
2016-08-18,17758.69921875,17880.400390625,17745.0,17871.0,209583800
2016-08-19,17871.0,17888.400390625,17826.69921875,17874.099609375,192729200
2016-08-22,17874.099609375,17934.400390625,17805.5,17872.099609375,178396700
2016-08-23,17872.099609375,18031.400390625,17871.80078125,17982.5,241449200
2016-08-24,17982.5,18055.400390625,17887.30078125,18014.69921875,208290900
2016-08-25,18014.69921875,18015.5,17825.5,17882.900390625,245044200
2016-08-26,17882.900390625,17958.400390625,17822.19921875,17930.80078125,186230300
2016-08-30,17930.80078125,17964.099609375,17796.19921875,17847.19921875,215280900
2016-08-31,17847.19921875,17849.19921875,17702.400390625,17732.80078125,305268600
2016-09-01,17732.80078125,17937.5,17732.80078125,17849.599609375,260241700
2016-09-02,17849.599609375,18107.80078125,17772.5,18016.5,319530900
2016-09-05,18016.5,18093.900390625,17980.900390625,18026.0,0
2016-09-06,18026.0,18073.30078125,17966.69921875,18003.400390625,199055400
2016-09-07,18003.400390625,18068.80078125,17947.099609375,18060.19921875,240597800
2016-09-08,18060.19921875,18213.599609375,18047.900390625,18193.099609375,270969400
2016-09-09,18193.099609375,18193.099609375,17883.80078125,17894.19921875,210523700
2016-09-12,17894.19921875,17894.19921875,17599.099609375,17730.19921875,254242300
2016-09-13,17730.19921875,17811.900390625,17660.599609375,17661.0,268550800
2016-09-14,17661.0,17742.80078125,17631.0,17631.0,247571000
2016-09-15,17631.0,17762.5,17561.400390625,17752.099609375,234439000
2016-09-16,17752.099609375,17905.69921875,17722.400390625,17851.900390625,701631800
2016-09-19,17851.900390625,17951.30078125,17826.400390625,17889.80078125,216453400
2016-09-20,17889.80078125,17958.80078125,17841.099609375,17900.19921875,278614100
2016-09-21,17900.19921875,18020.5,17900.19921875,17933.900390625,216457600
2016-09-22,17933.900390625,18046.80078125,17933.900390625,17987.80078125,217201600
2016-09-23,17987.80078125,17991.19921875,17835.099609375,17923.099609375,228350300
2016-09-26,17923.099609375,17923.099609375,17677.19921875,17722.80078125,196913300
2016-09-27,17722.80078125,17782.400390625,17543.599609375,17628.69921875,253578900
2016-09-28,17628.69921875,17818.400390625,17616.69921875,17792.30078125,209822100
2016-09-29,17792.30078125,17964.19921875,17792.30078125,17864.900390625,241224700
2016-09-30,17864.900390625,17875.0,17594.599609375,17871.400390625,280124800
2016-10-03,17871.400390625,18198.900390625,17825.400390625,18183.5,251008900
2016-10-04,18183.5,18607.099609375,18183.5,18342.099609375,402221100
2016-10-05,18342.099609375,18342.30078125,18169.19921875,18200.5,260073900
2016-10-06,18200.5,18254.19921875,18111.099609375,18115.900390625,268965300
2016-10-07,18115.900390625,18207.099609375,17978.30078125,17995.19921875,314014000
2016-10-10,17995.19921875,18050.599609375,17927.900390625,17978.900390625,262366900
2016-10-11,17978.900390625,18143.599609375,17971.5,18073.19921875,266757100
2016-10-12,18073.19921875,18127.69921875,17937.80078125,17956.30078125,236508800
2016-10-13,17956.30078125,17957.599609375,17797.900390625,17877.099609375,305405100
2016-10-14,17877.099609375,18028.900390625,17877.099609375,17980.19921875,309774600
2016-10-17,17980.19921875,17980.19921875,17777.900390625,17792.5,231269800
2016-10-18,17792.5,18017.400390625,17792.5,17994.400390625,275059500
2016-10-19,17994.400390625,18040.5,17882.900390625,18040.5,290099800
2016-10-20,18040.5,18064.099609375,17903.30078125,17945.099609375,260425700
2016-10-21,17945.099609375,17979.5,17895.5,17934.19921875,209468600
2016-10-24,17934.19921875,18045.5,17854.099609375,17860.5,233821600
2016-10-25,17860.5,17900.599609375,17786.69921875,17801.900390625,263247300
2016-10-26,17801.900390625,17802.900390625,17594.599609375,17669.0,254269100
2016-10-27,17669.0,17689.69921875,17508.0,17581.30078125,251603700
2016-10-28,17581.30078125,17678.5,17426.599609375,17644.80078125,253929900
2016-10-31,17644.80078125,17644.80078125,17493.80078125,17544.19921875,261216900
2016-11-01,17544.19921875,17596.599609375,17491.400390625,17523.30078125,270310600
2016-11-02,17523.30078125,17523.30078125,17405.099609375,17463.5,294641500
2016-11-03,17463.5,17787.19921875,17454.900390625,17581.900390625,358108000
2016-11-04,17581.900390625,17582.30078125,17237.30078125,17271.19921875,0
2016-11-07,17271.19921875,17489.69921875,17271.19921875,17457.69921875,0
2016-11-08,17457.69921875,17511.0,17390.400390625,17447.80078125,227020900
2016-11-09,17447.80078125,17591.0,17068.0,17591.0,0
2016-11-10,17591.0,17959.099609375,17591.0,17659.5,398128400
2016-11-11,17659.5,17700.80078125,17401.5,17445.0,335454600
2016-11-14,17445.0,17618.30078125,17444.80078125,17472.400390625,0
2016-11-15,17472.400390625,17694.099609375,17472.400390625,17573.099609375,270474600
2016-11-16,17573.099609375,17630.19921875,17470.099609375,17474.0,246605400
2016-11-17,17474.0,17600.900390625,17470.0,17600.900390625,0
2016-11-18,17600.900390625,17683.5,17538.599609375,17659.19921875,0
2016-11-21,17659.19921875,17685.69921875,17490.30078125,17527.599609375,0
2016-11-22,17527.599609375,17715.80078125,17527.30078125,17679.099609375,0
2016-11-23,17679.099609375,17792.400390625,17595.099609375,17622.5,316232800
2016-11-24,17622.5,17669.30078125,17545.599609375,17590.599609375,0
2016-11-25,17590.599609375,17619.30078125,17542.599609375,17603.400390625,0
2016-11-28,17603.400390625,17605.400390625,17471.19921875,17518.30078125,237585900
2016-11-29,17518.30078125,17572.5,17476.0,17532.099609375,0
2016-11-30,17532.099609375,17602.5,17517.099609375,17545.80078125,0
2016-12-01,17545.80078125,17578.099609375,17406.900390625,17497.30078125,315751900
2016-12-02,17497.30078125,17497.30078125,17347.5,17435.30078125,267148300
2016-12-05,17435.30078125,17521.400390625,17408.80078125,17461.900390625,264628400
2016-12-06,17461.900390625,17470.0,17381.900390625,17452.099609375,298106300
2016-12-07,17452.099609375,17625.5,17452.099609375,17625.5,0
2016-12-08,17625.5,17691.900390625,17607.19921875,17682.0,334723700
2016-12-09,17682.0,17754.69921875,17669.599609375,17733.099609375,305399800
2016-12-12,17733.099609375,17786.400390625,17625.19921875,17641.19921875,296448400
2016-12-13,17641.19921875,17715.599609375,17590.69921875,17715.599609375,332430400
2016-12-14,17715.599609375,17715.599609375,17630.0,17682.400390625,403917900
2016-12-15,17682.400390625,17778.69921875,17620.80078125,17769.400390625,381880700
2016-12-16,17769.400390625,17825.80078125,17720.30078125,17784.80078125,446740100
2016-12-19,17784.80078125,17813.5,17738.19921875,17782.400390625,278500600
2016-12-20,17782.400390625,17848.099609375,17729.900390625,17769.900390625,252077900
2016-12-21,17769.900390625,17812.0,17706.900390625,17745.400390625,226431400
2016-12-22,17745.400390625,17891.599609375,17742.80078125,17891.599609375,195986100
2016-12-23,17891.599609375,17953.5,17882.5,17909.599609375,90599700
2016-12-28,17909.599609375,18013.0,17891.0,18012.80078125,0
2016-12-29,18012.80078125,18035.30078125,17971.900390625,18029.5,143651600
2016-12-30,18029.5,18077.30078125,17998.400390625,18077.30078125,107790300
2017-01-03,18077.30078125,18190.599609375,18076.5,18140.69921875,295715600
2017-01-04,18140.69921875,18172.400390625,18105.19921875,18151.30078125,289834900
2017-01-05,18151.30078125,18344.30078125,18151.30078125,18308.19921875,268659100
2017-01-06,18308.19921875,18354.5,18263.099609375,18341.19921875,252337400
2017-01-09,18341.19921875,18407.099609375,18292.30078125,18379.599609375,314394200
2017-01-10,18379.599609375,18428.80078125,18362.599609375,18413.30078125,275568500
2017-01-11,18413.30078125,18429.80078125,18354.69921875,18394.099609375,303735400
2017-01-12,18394.099609375,18398.099609375,18261.0,18303.5,306861100
2017-01-13,18303.5,18371.900390625,18303.30078125,18371.900390625,345042700
2017-01-16,18371.900390625,18372.099609375,18294.5,18307.69921875,0
2017-01-17,18307.69921875,18308.19921875,18224.900390625,18241.0,0
2017-01-18,18241.0,18312.80078125,18206.599609375,18312.80078125,319850700
2017-01-19,18312.80078125,18315.80078125,18201.30078125,18223.69921875,272094200
2017-01-20,18223.69921875,18245.30078125,18142.30078125,18150.80078125,0
2017-01-23,18150.80078125,18154.19921875,18079.30078125,18116.0,249571900
2017-01-24,18116.0,18148.5,18040.5,18100.69921875,279054800
2017-01-25,18100.69921875,18186.599609375,18100.69921875,18133.400390625,326103800
2017-01-26,18133.400390625,18191.69921875,18132.69921875,18142.69921875,283899400
2017-01-27,18142.69921875,18191.599609375,18131.30078125,18190.80078125,349311000
2017-01-30,18190.80078125,18190.80078125,18054.599609375,18081.80078125,298317100
2017-01-31,18081.80078125,18208.900390625,18069.30078125,18147.80078125,415434800
2017-02-01,18147.80078125,18263.19921875,18147.80078125,18240.19921875,384465800
2017-02-02,18240.19921875,18285.099609375,18178.099609375,18259.19921875,336117700
2017-02-03,18259.19921875,18425.5,18258.80078125,18411.69921875,313353400
2017-02-06,18411.69921875,18446.900390625,18338.599609375,18377.400390625,227154100
2017-02-07,18377.400390625,18584.400390625,18375.80078125,18559.69921875,309593100
2017-02-08,18559.69921875,18665.30078125,18550.400390625,18606.099609375,350876500
2017-02-09,18606.099609375,18651.900390625,18559.599609375,18627.599609375,349935700
2017-02-10,18627.599609375,18723.599609375,18625.400390625,18715.400390625,343894400
2017-02-13,18715.400390625,18776.599609375,18714.599609375,18758.80078125,275940300
2017-02-14,18758.80078125,18805.900390625,18692.5,18787.5,290273100
2017-02-15,18787.5,18864.19921875,18787.5,18827.19921875,305854100
2017-02-16,18827.19921875,18841.400390625,18686.19921875,18705.69921875,320358800
2017-02-17,18705.69921875,18788.0,18629.900390625,18707.5,277780800
2017-02-20,18707.5,18761.0,18685.099609375,18746.19921875,223345400
2017-02-21,18746.19921875,18780.0,18710.80078125,18772.19921875,290362900
2017-02-22,18772.19921875,18807.30078125,18660.599609375,18677.599609375,326006800
2017-02-23,18677.599609375,18738.599609375,18636.099609375,18643.5,332140500
2017-02-24,18643.5,18658.599609375,18528.69921875,18588.599609375,322211700
2017-02-27,18588.599609375,18724.5,18588.599609375,18671.099609375,482200400
2017-02-28,18671.099609375,18797.30078125,18650.19921875,18770.69921875,367246900
2017-03-01,18770.69921875,18983.0,18745.69921875,18983.0,422808200
2017-03-02,18983.0,19009.599609375,18876.5,18950.900390625,430896600
2017-03-03,18950.900390625,18952.0,18788.5,18882.900390625,336522200
2017-03-06,18882.900390625,18902.19921875,18842.900390625,18881.400390625,320557200
2017-03-07,18881.400390625,18946.30078125,18866.5,18885.900390625,348480100
2017-03-08,18885.900390625,18959.099609375,18873.69921875,18931.099609375,369874000
2017-03-09,18931.099609375,18938.400390625,18813.599609375,18891.5,333074300
2017-03-10,18891.5,18991.400390625,18891.5,18961.400390625,348697000
2017-03-13,18961.400390625,19049.0,18961.400390625,19029.19921875,350920800
2017-03-14,19029.19921875,19053.900390625,18926.400390625,18951.099609375,342502700
2017-03-15,18951.099609375,18993.30078125,18867.400390625,18964.0,335928300
2017-03-16,18964.0,19062.80078125,18964.0,19027.0,381232500
2017-03-17,19027.0,19094.900390625,19001.599609375,19094.900390625,715023300
2017-03-20,19094.900390625,19164.599609375,19058.19921875,19151.80078125,278229000
2017-03-21,19151.80078125,19183.900390625,18984.400390625,18988.0,295810700
2017-03-22,18988.0,18988.0,18739.900390625,18832.900390625,354901600
2017-03-23,18832.900390625,19033.400390625,18789.400390625,19002.30078125,347126300
2017-03-24,19002.30078125,19025.599609375,18913.0,18980.400390625,309292300
2017-03-27,18980.400390625,18980.400390625,18857.599609375,18900.0,269768800
2017-03-28,18900.0,18960.69921875,18848.69921875,18953.30078125,391433200
2017-03-29,18953.30078125,18989.30078125,18914.30078125,18978.69921875,385387600
2017-03-30,18978.69921875,19016.30078125,18950.69921875,19011.900390625,301336700
2017-03-31,19011.900390625,19014.900390625,18881.19921875,18971.80078125,384446000
2017-04-03,18971.80078125,19018.099609375,18923.599609375,18954.19921875,300307300
2017-04-04,18954.19921875,19038.80078125,18951.80078125,19020.099609375,285034900
2017-04-05,19020.099609375,19081.400390625,19003.400390625,19069.30078125,310406300
2017-04-06,19069.30078125,19126.099609375,18952.599609375,19126.099609375,309235600
2017-04-07,19126.099609375,19229.69921875,19073.099609375,19229.69921875,296410200
2017-04-10,19229.69921875,19278.0,19227.0,19264.599609375,274180500
2017-04-11,19264.599609375,19382.30078125,19239.5,19306.5,311561200
2017-04-12,19306.5,19433.80078125,19306.5,19423.900390625,328066200
2017-04-13,19423.900390625,19525.30078125,19337.900390625,19525.30078125,325660300
2017-04-18,19525.30078125,19527.19921875,19273.69921875,19297.900390625,388774300
2017-04-19,19297.900390625,19505.30078125,19283.80078125,19417.80078125,371147700
2017-04-20,19417.80078125,19450.099609375,19305.0,19378.80078125,329674900
2017-04-21,19378.80078125,19415.099609375,19337.900390625,19358.400390625,309600000
2017-04-24,19358.400390625,19621.69921875,19357.5,19602.80078125,300440200
2017-04-25,19602.80078125,19647.599609375,19582.30078125,19582.30078125,332084800
2017-04-26,19582.30078125,19684.0,19525.599609375,19678.80078125,371693800
2017-04-27,19678.80078125,19678.80078125,19576.69921875,19636.599609375,285532900
2017-04-28,19636.599609375,19673.900390625,19610.900390625,19615.400390625,326495100
2017-05-02,19615.400390625,19805.30078125,19615.400390625,19805.30078125,359264300
2017-05-03,19805.30078125,19805.599609375,19652.19921875,19683.400390625,325105600
2017-05-04,19683.400390625,19711.80078125,19617.900390625,19680.80078125,347689100
2017-05-05,19680.80078125,19699.599609375,19600.400390625,19699.599609375,320182600
2017-05-08,19699.599609375,19745.599609375,19655.19921875,19729.69921875,320492300
2017-05-09,19729.69921875,19835.69921875,19729.69921875,19817.0,342151400
2017-05-10,19817.0,19890.099609375,19806.30078125,19876.80078125,348406900
2017-05-11,19876.80078125,19879.69921875,19748.80078125,19795.69921875,428249800
2017-05-12,19795.69921875,19818.099609375,19727.599609375,19763.0,287515900
2017-05-15,19763.0,19825.80078125,19735.80078125,19751.0,294317200
2017-05-16,19751.0,19875.900390625,19730.599609375,19875.900390625,328581900
2017-05-17,19875.900390625,19876.900390625,19737.0,19773.599609375,329060500
2017-05-18,19773.599609375,19773.80078125,19538.099609375,19691.599609375,378247700
2017-05-19,19691.599609375,19836.19921875,19691.599609375,19812.80078125,331685300
2017-05-22,19812.80078125,19933.69921875,19812.19921875,19912.599609375,297465000
2017-05-23,19912.599609375,19984.69921875,19898.900390625,19920.099609375,286820500
2017-05-24,19920.099609375,19965.30078125,19902.099609375,19950.5,333031100
2017-05-25,19950.5,19994.30078125,19901.30078125,19967.599609375,364323200
2017-05-26,19967.599609375,20050.69921875,19958.599609375,20024.900390625,557803400
2017-05-30,20024.900390625,20028.099609375,19944.0,19991.900390625,360800700
2017-05-31,19991.900390625,20031.19921875,19947.900390625,19972.19921875,508789000
2017-06-01,19972.19921875,20057.599609375,19951.0,20010.599609375,361003400
2017-06-02,20010.599609375,20081.69921875,19974.5,20002.80078125,457084300
2017-06-05,20002.80078125,20048.19921875,19863.30078125,19868.69921875,253756200
2017-06-06,19868.69921875,19870.099609375,19625.900390625,19654.80078125,362570400
2017-06-07,19654.80078125,19769.599609375,19654.80078125,19695.900390625,344822600
2017-06-08,19695.900390625,19743.400390625,19656.599609375,19743.400390625,345977900
2017-06-09,19743.400390625,19791.5,19552.80078125,19770.0,388607500
2017-06-12,19770.0,19770.400390625,19651.80078125,19682.69921875,306404000
2017-06-13,19682.69921875,19897.80078125,19682.69921875,19859.5,346666400
2017-06-14,19859.5,20033.099609375,19856.400390625,19974.69921875,347340000
2017-06-15,19974.69921875,19976.80078125,19403.30078125,19553.69921875,450817900
2017-06-16,19553.69921875,19824.80078125,19553.69921875,19816.400390625,855002200
2017-06-19,19818.0,19907.900390625,19810.099609375,19873.30078125,299467600
2017-06-20,19875.599609375,19934.5,19771.69921875,19771.69921875,363247200
2017-06-21,19774.400390625,19783.30078125,19649.900390625,19682.599609375,365669100
2017-06-22,19683.400390625,19688.0,19604.5,19658.400390625,343898500
2017-06-23,19660.0,19705.599609375,19618.599609375,19685.099609375,293691400
2017-06-26,19685.099609375,19783.099609375,19684.599609375,19684.599609375,272260100
2017-06-27,19686.19921875,19686.19921875,19505.099609375,19526.80078125,322602900
2017-06-28,19525.900390625,19556.900390625,19393.19921875,19476.400390625,402276600
2017-06-29,19476.19921875,19536.80078125,19306.0,19346.400390625,465769700
2017-06-30,19346.5,19412.19921875,19277.30078125,19340.19921875,400016100
2017-07-03,19338.599609375,19437.0,19267.80078125,19320.400390625,366809100
2017-07-04,19320.5,19336.5,19248.69921875,19301.5,326052400
2017-07-05,19301.400390625,19451.19921875,19290.099609375,19451.19921875,347856600
2017-07-06,19450.400390625,19475.599609375,19314.0,19369.099609375,332352600
2017-07-07,19370.900390625,19395.099609375,19291.69921875,19395.099609375,274386500
2017-07-10,19395.0,19437.19921875,19295.099609375,19357.400390625,353953100
2017-07-11,19357.30078125,19406.099609375,19183.19921875,19215.400390625,378823300
2017-07-12,19214.599609375,19329.5,19182.5,19267.900390625,429872900
2017-07-13,19267.80078125,19420.69921875,19266.900390625,19418.30078125,384031300
2017-07-14,19416.80078125,19426.80078125,19364.30078125,19408.400390625,274676000
2017-07-17,19408.80078125,19534.19921875,19407.30078125,19520.599609375,318416800
2017-07-18,19520.69921875,19614.5,19483.80078125,19613.400390625,368104600
2017-07-19,19612.599609375,19693.900390625,19563.80078125,19693.900390625,352984300
2017-07-20,19695.099609375,19763.900390625,19695.099609375,19763.900390625,302922800
2017-07-21,19762.599609375,19812.099609375,19647.400390625,19751.19921875,331611800
2017-07-24,19750.400390625,19750.400390625,19531.19921875,19616.30078125,360400100
2017-07-25,19616.30078125,19699.599609375,19601.80078125,19641.30078125,314294300
2017-07-26,19640.69921875,19784.099609375,19639.599609375,19762.69921875,324950600
2017-07-27,19761.19921875,19899.80078125,19755.900390625,19879.400390625,326316400
2017-07-28,19879.30078125,19887.099609375,19669.0,19728.19921875,270721700
2017-07-31,19726.80078125,19812.0,19726.80078125,19781.099609375,334634400
2017-08-01,19779.30078125,19883.599609375,19779.30078125,19863.599609375,305868100
2017-08-02,19863.5,19934.400390625,19816.5,19841.400390625,320659300
2017-08-03,19840.900390625,19915.5,19794.5,19908.19921875,336790400
2017-08-04,19907.19921875,19978.30078125,19835.30078125,19969.69921875,268014100
2017-08-07,19969.599609375,20012.69921875,19952.19921875,19988.5,254324900
2017-08-08,19988.30078125,19988.80078125,19940.099609375,19949.5,279932500
2017-08-09,19948.5,19948.80078125,19789.099609375,19875.0,314465900
2017-08-10,19875.0,19879.69921875,19691.19921875,19699.400390625,289474500
2017-08-11,19699.19921875,19699.5,19440.599609375,19544.80078125,351844200
2017-08-14,19545.099609375,19704.69921875,19545.0,19692.5,262964100
2017-08-15,19692.0,19723.0,19663.099609375,19694.80078125,244628100
2017-08-16,19694.80078125,19867.80078125,19694.30078125,19859.19921875,301557300
2017-08-17,19858.400390625,19874.599609375,19773.099609375,19773.099609375,255449700
2017-08-18,19773.5,19773.5,19566.900390625,19626.5,248066000
2017-08-21,19626.0,19663.69921875,19584.099609375,19646.900390625,232860200
2017-08-22,19646.69921875,19759.599609375,19646.69921875,19751.19921875,277867900
2017-08-23,19751.099609375,19793.400390625,19713.599609375,19743.19921875,252706800
2017-08-24,19742.69921875,19767.69921875,19670.69921875,19710.30078125,342482800
2017-08-25,19708.599609375,19749.19921875,19671.30078125,19671.30078125,283293000
2017-08-29,19671.30078125,19673.900390625,19472.69921875,19527.900390625,309148100
2017-08-30,19525.69921875,19637.80078125,19525.69921875,19616.599609375,260710000
2017-08-31,19616.400390625,19803.599609375,19614.30078125,19803.599609375,407036400
2017-09-01,19803.80078125,19810.5,19733.30078125,19786.19921875,319056300
2017-09-04,19786.19921875,19786.19921875,19686.400390625,19697.900390625,222929000
2017-09-05,19698.69921875,19791.19921875,19697.30078125,19726.80078125,271131300
2017-09-06,19726.0,19729.80078125,19593.30078125,19652.30078125,377004500
2017-09-07,19651.099609375,19726.0,19591.19921875,19696.69921875,341242900
2017-09-08,19696.5,19696.5,19531.099609375,19610.400390625,350469600
2017-09-11,19610.0,19735.30078125,19609.80078125,19694.30078125,269157900
2017-09-12,19695.599609375,19750.5,19643.599609375,19665.900390625,369510300
2017-09-13,19667.5,19667.900390625,19559.0,19590.0,357551300
2017-09-14,19592.900390625,19675.099609375,19512.0,19523.900390625,346885500
2017-09-15,19523.900390625,19537.099609375,19325.19921875,19378.19921875,592033800
2017-09-18,19378.19921875,19449.5,19378.19921875,19437.900390625,289045900
2017-09-19,19437.900390625,19564.80078125,19437.900390625,19535.5,313709300
2017-09-20,19535.5,19567.30078125,19523.19921875,19540.80078125,342321700
2017-09-21,19540.80078125,19542.5,19405.599609375,19418.30078125,281378200
2017-09-22,19418.30078125,19517.400390625,19345.599609375,19517.400390625,256744600
2017-09-25,19517.400390625,19603.099609375,19482.80078125,19566.400390625,263973300
2017-09-26,19566.400390625,19567.599609375,19470.69921875,19503.19921875,330059000
2017-09-27,19503.19921875,19593.0,19478.900390625,19569.5,323972200
2017-09-28,19569.5,19678.5,19569.5,19678.5,301576200
2017-09-29,19678.5,19874.80078125,19678.5,19874.80078125,367832600
2017-10-02,19874.80078125,19957.099609375,19874.30078125,19957.099609375,324500200
2017-10-03,19957.099609375,20060.5,19951.400390625,20035.400390625,296334700
2017-10-04,20035.400390625,20045.5,19978.400390625,20029.400390625,354704700
2017-10-05,20029.400390625,20097.30078125,19992.099609375,20088.5,294605700
2017-10-06,20088.5,20175.80078125,20088.5,20166.5,379163100
2017-10-09,20166.5,20191.900390625,20089.69921875,20102.599609375,269578600
2017-10-10,20102.599609375,20171.599609375,20100.5,20146.30078125,316623100
2017-10-11,20146.30078125,20167.80078125,20120.19921875,20167.80078125,351113000
2017-10-12,20167.80078125,20251.19921875,20157.400390625,20251.19921875,309996900
2017-10-13,20251.19921875,20300.400390625,20214.80078125,20259.5,326761200
2017-10-16,20259.5,20268.599609375,20200.80078125,20217.099609375,356849000
2017-10-17,20217.099609375,20226.80078125,20125.099609375,20131.0,349628500
2017-10-18,20131.0,20287.900390625,20130.69921875,20259.80078125,287172500
2017-10-19,20259.80078125,20261.30078125,20073.80078125,20131.5,420066500
2017-10-20,20131.5,20194.5,20131.5,20146.900390625,314514900
2017-10-23,20146.900390625,20151.69921875,20099.0,20131.599609375,249773600
2017-10-24,20131.599609375,20150.80078125,20084.400390625,20113.19921875,270495800
2017-10-25,20113.19921875,20149.400390625,20064.80078125,20073.30078125,274128600
2017-10-26,20073.30078125,20166.900390625,20057.900390625,20163.400390625,338654900
2017-10-27,20163.400390625,20185.30078125,20124.69921875,20146.099609375,268916600
2017-10-30,20146.099609375,20244.099609375,20110.80078125,20213.30078125,280109600
2017-10-31,20213.30078125,20240.5,20187.69921875,20227.900390625,289188900
2017-11-01,20227.900390625,20419.30078125,20227.900390625,20328.19921875,383788700
2017-11-02,20328.19921875,20412.5,20312.0,20385.5,369559000
2017-11-03,20385.5,20472.400390625,20383.900390625,20472.400390625,286115200
2017-11-06,20472.400390625,20491.400390625,20413.599609375,20432.599609375,254807500
2017-11-07,20432.599609375,20465.80078125,20307.099609375,20307.099609375,697228600
2017-11-08,20307.099609375,20335.80078125,20266.80078125,20300.19921875,290676600
2017-11-09,20300.19921875,20307.5,20071.900390625,20071.900390625,389522200
2017-11-10,20071.900390625,20088.599609375,20004.400390625,20020.900390625,269612800
2017-11-13,20020.900390625,20052.0,19765.69921875,19787.900390625,303927000
2017-11-14,19787.900390625,19900.400390625,19785.5,19846.599609375,399671900
2017-11-15,19846.599609375,19850.19921875,19645.30078125,19693.400390625,399278200
2017-11-16,19702.80078125,19850.0,19702.80078125,19850.0,358032100
2017-11-17,19850.0,19861.099609375,19748.0,19797.80078125,300036200
2017-11-20,19797.80078125,19878.80078125,19738.599609375,19871.30078125,292606200
2017-11-21,19871.30078125,19953.900390625,19819.0,19944.0,344266200
2017-11-22,19944.0,20059.400390625,19943.900390625,20013.900390625,361696100
2017-11-23,20013.900390625,20038.0,19931.30078125,20006.099609375,266166300
2017-11-24,20006.099609375,20056.099609375,19944.80078125,19944.80078125,242353100
2017-11-27,19944.80078125,19978.69921875,19881.30078125,19881.30078125,283280100
2017-11-28,19881.30078125,20030.30078125,19876.80078125,20026.19921875,328694500
2017-11-29,20026.19921875,20127.0,20019.19921875,20059.599609375,378978500
2017-11-30,20059.599609375,20060.19921875,19917.099609375,19952.900390625,654598200
2017-12-01,19952.900390625,19986.599609375,19854.30078125,19854.400390625,415685200
2017-12-04,19854.400390625,20003.30078125,19854.400390625,19936.0,279382600
2017-12-05,19936.0,19986.69921875,19855.80078125,19871.099609375,336488700
2017-12-06,19871.099609375,19871.5,19705.30078125,19828.900390625,389519700
2017-12-07,19828.900390625,19902.099609375,19775.0,19810.30078125,504319100
2017-12-08,19810.30078125,20000.400390625,19799.400390625,19992.5,402883100
2017-12-11,19992.5,20073.5,19971.80078125,20064.599609375,319920400
2017-12-12,20064.599609375,20083.099609375,20003.400390625,20073.0,452179700
2017-12-13,20073.0,20105.19921875,20023.400390625,20061.400390625,518257100
2017-12-14,20061.400390625,20062.0,19948.099609375,20006.30078125,413293400
2017-12-15,20006.30078125,20048.599609375,19962.69921875,20048.599609375,592778200
2017-12-18,20048.599609375,20312.099609375,20048.599609375,20255.400390625,339577700
2017-12-19,20255.400390625,20405.69921875,20253.400390625,20341.5,368832400
2017-12-20,20341.5,20400.69921875,20295.0,20350.30078125,258966200
2017-12-21,20350.30078125,20426.099609375,20300.0,20422.69921875,266722800
2017-12-22,20422.69921875,20502.69921875,20403.19921875,20481.099609375,149757700
2017-12-27,20481.099609375,20640.0,20479.400390625,20640.0,223499300
2017-12-28,20640.0,20665.69921875,20612.099609375,20642.30078125,169762200
2017-12-29,20642.30078125,20734.69921875,20642.30078125,20726.30078125,109461100
2018-01-02,20726.30078125,20760.599609375,20620.80078125,20681.5,264317400
2018-01-03,20681.5,20773.0,20681.5,20743.900390625,300431800
2018-01-04,20743.900390625,20820.5,20730.900390625,20820.5,313037300
2018-01-05,20820.5,20932.599609375,20781.599609375,20932.599609375,324154000
2018-01-08,20932.599609375,20984.80078125,20856.599609375,20856.599609375,273176000
2018-01-09,20856.599609375,20911.400390625,20846.0,20875.0,308343200
2018-01-10,20875.0,20888.30078125,20737.099609375,20760.0,357447000
2018-01-11,20760.0,20782.80078125,20697.599609375,20737.900390625,347386200
2018-01-12,20737.900390625,20899.900390625,20737.900390625,20859.400390625,434758100
2018-01-15,20859.400390625,20924.69921875,20832.80078125,20832.80078125,312898400
2018-01-16,20832.80078125,20907.900390625,20832.80078125,20877.30078125,340217400
2018-01-17,20877.30078125,20877.30078125,20752.69921875,20769.400390625,371498800
2018-01-18,20769.400390625,20791.30078125,20634.0,20665.0,333940500
2018-01-19,20665.0,20679.5,20610.69921875,20653.30078125,345635700
2018-01-22,20653.30078125,20688.599609375,20618.099609375,20655.19921875,379988200
2018-01-23,20655.19921875,20712.0,20596.400390625,20671.19921875,395240000
2018-01-24,20671.19921875,20712.099609375,20538.5,20538.5,339314200
2018-01-25,20538.5,20595.900390625,20459.599609375,20521.69921875,336238300
2018-01-26,20521.69921875,20639.30078125,20485.30078125,20615.599609375,375003000
2018-01-29,20615.599609375,20715.80078125,20577.900390625,20577.900390625,297650600
2018-01-30,20577.900390625,20577.900390625,20370.900390625,20370.900390625,400443400
2018-01-31,20370.900390625,20385.400390625,20211.19921875,20243.599609375,408844500
2018-02-01,20243.599609375,20333.599609375,20184.30078125,20185.5,375078000
2018-02-02,20185.5,20209.900390625,19962.5,19962.5,376658700
2018-02-05,19962.5,19962.5,19647.80078125,19690.5,376777100
2018-02-06,19690.5,19690.5,19124.69921875,19262.599609375,555963000
2018-02-07,19262.599609375,19723.900390625,19262.599609375,19691.69921875,426334900
2018-02-08,19691.69921875,19692.900390625,19327.69921875,19327.69921875,411177600
2018-02-09,19327.69921875,19327.69921875,19165.80078125,19217.5,406156100
2018-02-12,19217.5,19490.69921875,19217.5,19379.30078125,310828200
2018-02-13,19379.30078125,19423.0,19306.30078125,19320.099609375,314275700
2018-02-14,19320.099609375,19482.80078125,19296.099609375,19448.400390625,375851100
2018-02-15,19448.400390625,19667.69921875,19448.0,19574.80078125,388044600
2018-02-16,19574.80078125,19750.0,19574.80078125,19733.599609375,297434500
2018-02-19,19733.599609375,19788.80078125,19643.0,19653.599609375,230482400
2018-02-20,19653.599609375,19823.599609375,19653.599609375,19802.900390625,285610100
2018-02-21,19802.900390625,19804.5,19675.0,19788.900390625,411270900
2018-02-22,19788.900390625,19789.099609375,19598.0,19736.099609375,448887400
2018-02-23,19736.099609375,19805.099609375,19727.900390625,19801.099609375,371077200
2018-02-26,19801.099609375,19900.0,19801.099609375,19828.69921875,326128200
2018-02-27,19828.69921875,19966.900390625,19827.5,19875.80078125,376864800
2018-02-28,19875.80078125,19875.80078125,19687.30078125,19687.30078125,400174100
2018-03-01,19687.30078125,19713.30078125,19516.099609375,19551.69921875,382685600
2018-03-02,19551.69921875,19551.69921875,19363.69921875,19386.5,384269100
2018-03-05,19386.5,19567.69921875,19377.30078125,19567.0,345419600
2018-03-06,19567.0,19726.900390625,19567.0,19690.30078125,356993300
2018-03-07,19690.30078125,19775.5,19635.599609375,19774.19921875,341190900
2018-03-08,19774.19921875,19976.900390625,19760.69921875,19968.0,358564500
2018-03-09,19968.0,20085.099609375,19968.0,20085.099609375,369774000
2018-03-12,20085.099609375,20184.900390625,20049.30078125,20117.5,380219500
2018-03-13,20117.5,20128.19921875,19843.19921875,19863.19921875,445760400
2018-03-14,19863.19921875,19958.400390625,19813.30078125,19820.099609375,361944300
2018-03-15,19820.099609375,19867.0,19736.30078125,19828.400390625,424341800
2018-03-16,19828.400390625,19883.400390625,19729.30078125,19804.900390625,990780900
2018-03-19,19804.900390625,19845.099609375,19677.30078125,19694.80078125,461625900
2018-03-20,19694.80078125,19765.80078125,19668.099609375,19723.599609375,365621200
2018-03-21,19723.599609375,19732.400390625,19618.30078125,19668.0,385358000
2018-03-22,19668.0,19680.69921875,19345.30078125,19393.900390625,424763400
2018-03-23,19393.900390625,19393.900390625,19091.099609375,19319.5,519070400
2018-03-26,19319.5,19371.599609375,19145.5,19187.099609375,275963800
2018-03-27,19187.099609375,19448.69921875,19187.099609375,19389.099609375,320805400
2018-03-28,19389.099609375,19389.099609375,19165.69921875,19356.599609375,300760600
2018-03-29,19356.599609375,19508.0,19356.599609375,19460.5,416719600
2018-04-03,19460.5,19460.599609375,19245.19921875,19398.0,371914800
2018-04-04,19398.0,19398.0,19199.80078125,19264.19921875,355419700
2018-04-05,19264.19921875,19576.19921875,19264.19921875,19576.19921875,348315400
2018-04-06,19576.19921875,19585.19921875,19486.0,19530.19921875,312429500
2018-04-09,19530.19921875,19641.30078125,19435.80078125,19484.400390625,270302900
2018-04-10,19484.400390625,19675.5,19484.400390625,19675.5,308992600
2018-04-11,19675.5,19708.30078125,19575.400390625,19655.0,333368400
2018-04-12,19655.0,19780.400390625,19616.099609375,19772.900390625,421055800
2018-04-13,19772.900390625,19891.900390625,19726.5,19838.5,348351000
2018-04-16,19838.5,19875.400390625,19770.400390625,19771.5,284322800
2018-04-17,19771.5,19864.0,19771.5,19829.400390625,391535600
2018-04-18,19829.400390625,20026.599609375,19829.400390625,20012.0,365608000
2018-04-19,20012.0,20165.0,20003.69921875,20147.19921875,334759200
2018-04-20,20147.19921875,20249.19921875,20146.400390625,20220.80078125,326076800
2018-04-23,20220.80078125,20325.400390625,20220.80078125,20316.400390625,515099400
2018-04-24,20316.400390625,20326.0,20166.69921875,20195.30078125,385192100
2018-04-25,20195.30078125,20195.30078125,19985.5,20019.099609375,326081200
2018-04-26,20019.099609375,20147.099609375,19994.5,20137.599609375,284938700
2018-04-27,20137.599609375,20319.80078125,20137.19921875,20271.599609375,266089500
2018-04-30,20271.599609375,20370.19921875,20270.099609375,20285.099609375,326849200
2018-05-01,20285.099609375,20414.80078125,20279.099609375,20348.30078125,253650300
2018-05-02,20348.30078125,20536.80078125,20348.30078125,20506.30078125,380346700
2018-05-03,20506.30078125,20515.099609375,20345.80078125,20365.900390625,438671800
2018-05-04,20365.900390625,20488.30078125,20365.900390625,20421.900390625,394442400
2018-05-08,20421.900390625,20606.69921875,20421.900390625,20594.69921875,335031800
2018-05-09,20594.69921875,20682.0,20555.80078125,20682.0,353899200
2018-05-10,20682.0,20748.599609375,20653.400390625,20699.400390625,295417700
2018-05-11,20699.400390625,20817.19921875,20698.69921875,20785.599609375,341070500
2018-05-14,20785.599609375,20834.19921875,20734.099609375,20801.0,326792900
2018-05-15,20801.0,20862.099609375,20767.19921875,20784.900390625,393450500
2018-05-16,20784.900390625,20859.80078125,20771.69921875,20828.80078125,380280300
2018-05-17,20828.80078125,21042.30078125,20777.69921875,21019.400390625,385057900
2018-05-18,21019.400390625,21057.69921875,20922.099609375,20989.80078125,497429300
2018-05-21,20989.80078125,21151.30078125,20989.80078125,21137.69921875,266393200
2018-05-22,21137.69921875,21243.30078125,21136.5,21191.400390625,374723900
2018-05-23,21191.400390625,21191.69921875,20995.19921875,21004.900390625,330106300
2018-05-24,21004.900390625,21089.30078125,20989.5,20989.5,355351300
2018-05-25,20989.5,21134.099609375,20989.19921875,21110.5,324554900
2018-05-29,21110.5,21110.5,20746.5,20746.80078125,391990900
2018-05-30,20746.80078125,20825.400390625,20706.099609375,20822.69921875,342363500
2018-05-31,20822.69921875,20947.400390625,20803.900390625,20846.30078125,680904000
2018-06-01,20846.30078125,21039.0,20845.400390625,20984.900390625,310466300
2018-06-04,20984.900390625,21111.5,20984.900390625,21110.599609375,312617600
2018-06-05,21110.599609375,21134.19921875,21051.900390625,21051.900390625,310310600
2018-06-06,21051.900390625,21171.900390625,21051.900390625,21171.400390625,350488600
2018-06-07,21171.400390625,21278.5,21147.599609375,21154.69921875,350055200
2018-06-08,21154.69921875,21192.400390625,21027.19921875,21160.5,297591600
2018-06-11,21160.5,21338.900390625,21155.0,21318.80078125,318836200
2018-06-12,21318.80078125,21371.5,21224.0,21241.599609375,328114200
2018-06-13,21241.599609375,21307.69921875,21213.0,21232.900390625,325870200
2018-06-14,21232.900390625,21353.19921875,21072.099609375,21324.0,404464600
2018-06-15,21324.0,21324.400390625,21005.5,21005.5,681763100
2018-06-18,21005.5,21024.400390625,20925.400390625,20999.599609375,309084600
2018-06-19,20999.599609375,20999.599609375,20761.19921875,20835.80078125,363859400
2018-06-20,20835.80078125,21027.900390625,20835.80078125,20926.400390625,333237500
2018-06-21,20926.400390625,20994.400390625,20717.19921875,20729.099609375,282696300
2018-06-22,20729.099609375,21009.900390625,20723.5,21009.900390625,406374600
2018-06-25,21009.900390625,21009.900390625,20767.80078125,20774.400390625,296473100
2018-06-26,20774.400390625,20875.80078125,20730.900390625,20757.19921875,289807600
2018-06-27,20757.19921875,20862.30078125,20624.400390625,20844.099609375,336002400
2018-06-28,20844.099609375,20844.099609375,20591.30078125,20684.19921875,309627900
2018-06-29,20684.19921875,20860.599609375,20684.19921875,20831.0,331838900
2018-07-02,20831.0,20831.0,20554.69921875,20605.900390625,345425800
2018-07-03,20605.900390625,20710.80078125,20605.80078125,20665.19921875,318996900
2018-07-04,20665.19921875,20665.19921875,20584.0,20652.5,213325600
2018-07-05,20652.5,20705.900390625,20566.80078125,20621.099609375,272637800
2018-07-06,20621.099609375,20681.5,20567.19921875,20618.30078125,287636300
2018-07-09,20618.30078125,20842.69921875,20618.30078125,20821.19921875,315235500
2018-07-10,20821.19921875,20883.400390625,20804.0,20851.599609375,297178900
2018-07-11,20851.599609375,20851.80078125,20576.0,20642.30078125,311602500
2018-07-12,20642.30078125,20798.5,20614.599609375,20779.80078125,308386000
2018-07-13,20779.80078125,20943.30078125,20779.80078125,20813.099609375,257317200
2018-07-16,20813.099609375,20935.099609375,20800.599609375,20800.599609375,377379100
2018-07-17,20800.599609375,20903.69921875,20782.599609375,20871.30078125,341269700
2018-07-18,20871.30078125,21028.80078125,20871.19921875,20984.19921875,300194900
2018-07-19,20984.19921875,20985.099609375,20864.599609375,20907.19921875,316101500
2018-07-20,20907.19921875,20944.69921875,20790.80078125,20925.69921875,353913600
2018-07-23,20925.69921875,20925.69921875,20759.80078125,20770.400390625,234697500
2018-07-24,20770.400390625,20929.19921875,20765.400390625,20852.900390625,287037100
2018-07-25,20852.900390625,20878.80078125,20715.0,20753.599609375,253747700
2018-07-26,20753.599609375,20796.099609375,20704.5,20768.599609375,301728300
2018-07-27,20768.599609375,20868.900390625,20752.0,20868.900390625,280909100
2018-07-30,20868.900390625,20923.5,20798.0,20878.30078125,281227300
2018-07-31,20878.30078125,20941.099609375,20832.099609375,20877.900390625,432628100
2018-08-01,20877.900390625,20877.900390625,20718.900390625,20801.5,343652700
2018-08-02,20801.5,20804.099609375,20549.0,20549.0,339282900
2018-08-03,20549.0,20698.80078125,20549.0,20635.30078125,281149400
2018-08-06,20635.30078125,20699.099609375,20620.400390625,20639.400390625,332263300
2018-08-07,20639.400390625,20727.599609375,20632.599609375,20675.599609375,347430800
2018-08-08,20675.599609375,20774.30078125,20652.30078125,20770.599609375,333124600
2018-08-09,20770.599609375,20827.69921875,20729.400390625,20806.19921875,334653700
2018-08-10,20806.19921875,20806.30078125,20635.400390625,20667.5,256408800
2018-08-13,20667.5,20667.5,20532.69921875,20575.099609375,246872000
2018-08-14,20575.099609375,20682.19921875,20509.80078125,20509.80078125,289783500
2018-08-15,20509.80078125,20579.80078125,20283.30078125,20320.400390625,311273800
2018-08-16,20320.400390625,20496.099609375,20320.400390625,20462.30078125,343278700
2018-08-17,20462.30078125,20473.19921875,20368.30078125,20444.400390625,291133400
2018-08-20,20444.400390625,20636.80078125,20444.400390625,20531.19921875,234144500
2018-08-21,20531.19921875,20661.19921875,20509.69921875,20642.900390625,253535100
2018-08-22,20642.900390625,20699.5,20602.900390625,20642.5,227581300
2018-08-23,20642.5,20715.69921875,20624.599609375,20665.5,218311600
2018-08-24,20665.5,20702.599609375,20645.80078125,20691.400390625,208826100
2018-08-28,20691.400390625,20894.900390625,20691.400390625,20849.19921875,250421100
2018-08-29,20849.19921875,20883.900390625,20712.30078125,20736.900390625,282725100
2018-08-30,20736.900390625,20740.0,20605.30078125,20691.80078125,245592700
2018-08-31,20691.80078125,20770.0,20646.900390625,20689.0,311202700
2018-09-03,20689.0,20734.69921875,20657.19921875,20695.900390625,207670000
2018-09-04,20695.900390625,20784.30078125,20522.5,20548.599609375,299862100
2018-09-05,20548.599609375,20554.099609375,20335.19921875,20388.5,383725300
2018-09-06,20388.5,20390.599609375,20245.400390625,20283.5,447566300
2018-09-07,20283.5,20297.5,20050.900390625,20209.599609375,344027800
2018-09-10,20209.599609375,20259.80078125,20180.69921875,20259.80078125,375660300
2018-09-11,20259.80078125,20276.400390625,20142.69921875,20226.400390625,310042600
2018-09-12,20226.400390625,20390.19921875,20224.69921875,20380.5,327091600
2018-09-13,20380.5,20382.099609375,20218.0,20243.599609375,273973700
2018-09-14,20243.599609375,20382.599609375,20243.599609375,20375.900390625,271835800
2018-09-17,20375.900390625,20392.599609375,20309.900390625,20374.400390625,259611100
2018-09-18,20374.400390625,20483.5,20371.099609375,20458.30078125,346954100
2018-09-19,20458.30078125,20534.0,20455.80078125,20500.5,366903200
2018-09-20,20500.5,20551.30078125,20493.69921875,20551.30078125,340654200
2018-09-21,20551.30078125,20648.599609375,20551.30078125,20590.400390625,707506400
2018-09-24,20590.400390625,20606.19921875,20486.80078125,20488.099609375,289029100
2018-09-25,20488.099609375,20559.599609375,20454.099609375,20461.099609375,289126400
2018-09-26,20461.099609375,20474.19921875,20414.0,20436.5,273127900
2018-09-27,20436.5,20457.80078125,20335.69921875,20374.19921875,284100300
2018-09-28,20374.19921875,20390.599609375,20281.30078125,20307.0,340672500
2018-10-01,20307.0,20475.19921875,20307.0,20401.19921875,338824800
2018-10-02,20401.19921875,20401.30078125,20257.400390625,20264.900390625,289957800
2018-10-03,20264.900390625,20351.30078125,20264.900390625,20300.0,283526500
2018-10-04,20300.0,20301.5,20084.400390625,20088.69921875,343679100
2018-10-05,20088.69921875,20113.599609375,19902.80078125,19918.0,324995700
2018-10-08,19918.0,19918.69921875,19646.099609375,19646.099609375,275550200
2018-10-09,19646.099609375,19714.80078125,19473.900390625,19549.599609375,337136200
2018-10-10,19549.599609375,19564.5,19239.19921875,19239.19921875,381764900
2018-10-11,19239.19921875,19239.19921875,18827.80078125,18827.80078125,489942400
2018-10-12,18827.80078125,19110.599609375,18827.80078125,18973.5,393908100
2018-10-15,18973.5,18973.599609375,18758.900390625,18803.5,331369400
2018-10-16,18803.5,19149.900390625,18803.5,19149.900390625,356309700
2018-10-17,19149.900390625,19208.80078125,18950.0,19014.0,351911400
2018-10-18,19014.0,19082.69921875,18961.400390625,18961.400390625,275969700
2018-10-19,18961.400390625,18963.900390625,18778.0,18795.80078125,303581400
2018-10-22,18795.80078125,18930.19921875,18751.599609375,18758.19921875,253054400
2018-10-23,18758.19921875,18758.19921875,18316.5,18352.099609375,419336300
2018-10-24,18352.099609375,18618.80078125,18350.5,18406.5,318245600
2018-10-25,18406.5,18541.5,18206.099609375,18531.5,366972200
2018-10-26,18531.5,18531.69921875,18262.599609375,18352.900390625,284117300
2018-10-29,18352.900390625,18796.30078125,18352.900390625,18566.80078125,275840400
2018-10-30,18566.80078125,18715.69921875,18514.599609375,18667.69921875,252816500
2018-10-31,18667.69921875,18991.400390625,18667.69921875,18917.69921875,364628500
2018-11-01,18917.69921875,19234.099609375,18860.400390625,19171.900390625,407445300
2018-11-02,19171.900390625,19495.099609375,19171.900390625,19325.69921875,325939000
2018-11-05,19325.69921875,19325.69921875,19050.5,19063.69921875,214607700
2018-11-06,19063.69921875,19136.400390625,19025.900390625,19043.69921875,250487200
2018-11-07,19043.69921875,19217.900390625,19043.19921875,19147.19921875,283854800
2018-11-08,19147.19921875,19321.099609375,19147.19921875,19257.099609375,263232400
2018-11-09,19257.099609375,19257.099609375,19088.30078125,19106.599609375,256587200
2018-11-12,19106.599609375,19254.099609375,18811.599609375,18811.599609375,272990400
2018-11-13,18811.599609375,18998.30078125,18810.19921875,18985.69921875,289091500
2018-11-14,18985.69921875,19085.69921875,18859.69921875,18910.099609375,323237100
2018-11-15,18910.099609375,19047.19921875,18497.099609375,18662.19921875,354052300
2018-11-16,18662.19921875,18822.69921875,18559.69921875,18589.099609375,314410600
2018-11-19,18589.099609375,18748.599609375,18524.900390625,18540.099609375,304734700
2018-11-20,18540.099609375,18602.80078125,18300.099609375,18366.400390625,377733400
2018-11-21,18366.400390625,18584.900390625,18317.30078125,18584.900390625,333555100
2018-11-22,18584.900390625,18588.400390625,18409.30078125,18530.0,245648900
2018-11-23,18530.0,18577.80078125,18454.69921875,18533.0,230383900
2018-11-26,18533.0,18759.80078125,18531.599609375,18719.099609375,256573200
2018-11-27,18719.099609375,18753.0,18609.599609375,18660.900390625,341311300
2018-11-28,18660.900390625,18735.599609375,18606.0,18639.69921875,331546800
2018-11-29,18639.69921875,18754.099609375,18607.400390625,18609.0,340508900
2018-11-30,18609.0,18629.0,18458.69921875,18480.80078125,428233500
2018-12-03,18480.80078125,18774.5,18480.80078125,18563.900390625,331462200
2018-12-04,18563.900390625,18574.30078125,18329.599609375,18329.599609375,374340300
2018-12-05,18329.599609375,18385.19921875,18088.599609375,18271.099609375,354914700
2018-12-06,18271.099609375,18271.099609375,17716.099609375,17753.30078125,355172500
2018-12-07,17753.30078125,18006.80078125,17753.30078125,17844.099609375,362258600
2018-12-10,17844.099609375,17844.099609375,17492.30078125,17492.30078125,299338000
2018-12-11,17492.30078125,17795.400390625,17485.80078125,17653.30078125,312080300
2018-12-12,17653.30078125,17993.599609375,17637.80078125,17989.0,342940900
2018-12-13,17989.0,18038.599609375,17818.599609375,17818.599609375,308526100
2018-12-14,17818.599609375,17819.0,17592.400390625,17666.900390625,276148700
2018-12-17,17666.900390625,17675.400390625,17416.80078125,17417.0,316787500
2018-12-18,17417.0,17596.400390625,17309.19921875,17495.0,334765700
2018-12-19,17495.0,17652.80078125,17427.5,17604.5,346304100
2018-12-20,17604.5,17605.69921875,17245.900390625,17446.900390625,362252500
2018-12-21,17446.900390625,17467.19921875,17355.400390625,17443.0,541915000
2018-12-24,17443.0,17443.0,17312.19921875,17312.19921875,67793300
2018-12-27,17312.19921875,17455.400390625,17054.69921875,17090.5,198360600
2018-12-28,17090.5,17465.099609375,17090.5,17465.099609375,196304500
2018-12-31,17465.099609375,17563.099609375,17462.900390625,17502.099609375,69819000
2019-01-02,17502.099609375,17586.69921875,17250.0,17586.69921875,213034900
2019-01-03,17586.69921875,17591.099609375,17436.80078125,17438.900390625,215746800
2019-01-04,17438.900390625,17795.900390625,17438.900390625,17795.900390625,237405200
2019-01-07,17795.900390625,17976.19921875,17795.599609375,17976.19921875,243125700
2019-01-08,17976.19921875,18283.5,17970.099609375,18175.80078125,258832800
2019-01-09,18175.80078125,18433.400390625,18175.80078125,18413.69921875,290656000
2019-01-10,18413.69921875,18452.80078125,18354.099609375,18435.599609375,283005700
2019-01-11,18435.599609375,18554.69921875,18435.599609375,18542.30078125,259684300
2019-01-14,18542.30078125,18542.69921875,18314.900390625,18417.599609375,230259200
2019-01-15,18417.599609375,18465.599609375,18356.400390625,18429.80078125,266124600
2019-01-16,18429.80078125,18503.30078125,18422.69921875,18486.69921875,249369000
2019-01-17,18486.69921875,18537.30078125,18402.19921875,18537.30078125,224198700
2019-01-18,18537.30078125,18771.400390625,18537.30078125,18764.5,293448900
2019-01-21,18764.5,18784.5,18720.0,18762.80078125,191362900
2019-01-22,18762.80078125,18808.0,18630.69921875,18681.599609375,268875500
2019-01-23,18681.599609375,18682.19921875,18557.80078125,18582.900390625,283300000
2019-01-24,18582.900390625,18653.900390625,18563.099609375,18627.599609375,265302100
2019-01-25,18627.599609375,18690.30078125,18620.099609375,18643.599609375,229186800
2019-01-28,18643.599609375,18679.30078125,18534.69921875,18534.69921875,207962800
2019-01-29,18534.69921875,18746.5,18510.099609375,18702.599609375,261099800
2019-01-30,18702.599609375,18828.5,18675.099609375,18828.0,249791800
2019-01-31,18828.0,18947.400390625,18685.099609375,18711.80078125,316038100
2019-02-01,18711.80078125,18817.69921875,18662.69921875,18811.400390625,232962700
2019-02-04,18811.400390625,18864.69921875,18795.80078125,18848.80078125,258938100
2019-02-05,18848.80078125,18996.0,18848.80078125,18996.0,253643300
2019-02-06,18996.0,19088.599609375,18923.599609375,19073.400390625,225549900
2019-02-07,19073.400390625,19073.400390625,18799.30078125,18799.30078125,255048800
2019-02-08,18799.30078125,18801.80078125,18652.900390625,18652.900390625,217925400
2019-02-11,18652.900390625,18846.30078125,18652.599609375,18831.80078125,215023900
2019-02-12,18831.80078125,18895.69921875,18788.69921875,18824.80078125,261665400
2019-02-13,18824.80078125,18993.80078125,18808.0,18972.599609375,231927100
2019-02-14,18972.599609375,19021.30078125,18856.80078125,18898.19921875,252136500
2019-02-15,18898.19921875,19030.80078125,18865.80078125,18987.19921875,271277000
2019-02-18,18987.19921875,19146.900390625,18948.900390625,19127.30078125,215507800
2019-02-19,19127.30078125,19127.30078125,19016.400390625,19068.900390625,265410100
2019-02-20,19068.900390625,19202.0,19034.19921875,19202.0,284186800
2019-02-21,19202.0,19253.0,19168.400390625,19236.900390625,276776500
2019-02-22,19236.900390625,19322.69921875,19236.69921875,19269.599609375,228383600
2019-02-25,19269.599609375,19274.5,19158.599609375,19247.0,269833000
2019-02-26,19247.0,19329.30078125,19147.5,19270.69921875,262439800
2019-02-27,19270.69921875,19273.0,19116.19921875,19153.80078125,259192400
2019-02-28,19153.80078125,19201.5,19040.0,19181.400390625,313260500
2019-03-01,19181.400390625,19399.69921875,19181.400390625,19399.69921875,293886100
2019-03-04,19399.69921875,19476.900390625,19387.0,19411.400390625,230831500
2019-03-05,19411.400390625,19447.30078125,19376.30078125,19443.099609375,268517700
2019-03-06,19443.099609375,19452.599609375,19357.099609375,19359.30078125,295484800
2019-03-07,19359.30078125,19362.30078125,19136.599609375,19183.80078125,291680400
2019-03-08,19183.80078125,19183.80078125,18984.400390625,19047.69921875,264147100
2019-03-11,19047.69921875,19137.0,19033.0,19093.099609375,257555900
2019-03-12,19093.099609375,19232.900390625,19091.80078125,19144.0,296906200
2019-03-13,19144.0,19181.599609375,19090.30078125,19180.099609375,342622800
2019-03-14,19180.099609375,19344.69921875,19149.099609375,19283.099609375,356076300
2019-03-15,19283.099609375,19495.599609375,19281.900390625,19491.0,587591200
2019-03-18,19491.0,19558.5,19397.599609375,19486.69921875,273347700
2019-03-19,19486.69921875,19557.099609375,19454.400390625,19551.30078125,260147000
2019-03-20,19551.30078125,19560.099609375,19380.19921875,19389.0,369826400
2019-03-21,19389.0,19389.69921875,19217.5,19347.599609375,301978600
2019-03-22,19347.599609375,19413.099609375,18976.0,18998.5,261523300
2019-03-25,18998.5,19000.400390625,18775.400390625,18799.599609375,264630600
2019-03-26,18799.599609375,18955.69921875,18778.5,18896.19921875,270071700
2019-03-27,18896.19921875,19011.19921875,18848.69921875,18893.69921875,371135100
2019-03-28,18893.69921875,18988.69921875,18859.69921875,18908.599609375,248604500
2019-03-29,18908.599609375,19117.80078125,18908.599609375,19117.5,308049000
2019-04-01,19117.5,19246.80078125,19115.5,19238.80078125,258734700
2019-04-02,19238.80078125,19329.30078125,19218.599609375,19329.30078125,287384400
2019-04-03,19329.30078125,19563.400390625,19327.599609375,19563.400390625,311370700
2019-04-04,19563.400390625,19563.599609375,19453.400390625,19507.30078125,338470900
2019-04-05,19507.30078125,19551.599609375,19467.900390625,19538.30078125,301009900
2019-04-08,19538.30078125,19548.69921875,19483.19921875,19517.19921875,274044500
2019-04-09,19517.19921875,19519.0,19427.599609375,19433.80078125,410555800
2019-04-10,19433.80078125,19531.5,19421.400390625,19484.80078125,410171200
2019-04-11,19484.80078125,19621.19921875,19484.80078125,19621.19921875,330071500
2019-04-12,19621.19921875,19721.80078125,19543.30078125,19711.69921875,348846100
2019-04-15,19711.69921875,19822.5,19711.400390625,19807.099609375,292599500
2019-04-16,19807.099609375,19930.099609375,19806.30078125,19923.400390625,280861500
2019-04-17,19923.400390625,19957.69921875,19858.099609375,19858.099609375,302844400
2019-04-18,19858.099609375,19858.5,19764.19921875,19835.900390625,284302600
2019-04-23,19835.900390625,19908.0,19800.69921875,19908.0,299581100
2019-04-24,19908.0,19993.69921875,19879.80078125,19993.69921875,272632300
2019-04-25,19993.69921875,20010.900390625,19852.19921875,19871.099609375,268463000
2019-04-26,19871.099609375,19926.099609375,19797.599609375,19856.900390625,273025100
2019-04-29,19856.900390625,19959.5,19856.80078125,19911.19921875,223309000
2019-04-30,19911.19921875,19913.599609375,19795.69921875,19824.80078125,557754000
2019-05-01,19824.80078125,19878.69921875,19784.599609375,19813.69921875,352440400
2019-05-02,19813.69921875,19814.30078125,19674.900390625,19686.69921875,357848700
2019-05-03,19686.69921875,19746.19921875,19640.69921875,19705.19921875,313158400
2019-05-07,19705.19921875,19712.80078125,19438.69921875,19465.69921875,327918700
2019-05-08,19465.69921875,19548.69921875,19429.5,19531.900390625,300937800
2019-05-09,19531.900390625,19538.80078125,19265.400390625,19285.599609375,337636700
2019-05-10,19285.599609375,19471.30078125,19285.099609375,19366.80078125,343894300
2019-05-13,19366.80078125,19374.80078125,19126.900390625,19126.900390625,307442400
2019-05-14,19126.900390625,19367.400390625,19126.5,19367.400390625,321285500
2019-05-15,19367.400390625,19453.5,19311.80078125,19369.80078125,334672700
2019-05-16,19369.80078125,19533.400390625,19366.0,19530.69921875,300355000
2019-05-17,19530.69921875,19548.099609375,19435.900390625,19498.599609375,262121300
2019-05-20,19498.599609375,19498.599609375,19318.400390625,19335.599609375,254036300
2019-05-21,19335.599609375,19481.19921875,19335.599609375,19436.400390625,477764000
2019-05-22,19436.400390625,19508.80078125,19300.69921875,19307.30078125,405220000
2019-05-23,19307.30078125,19307.30078125,19008.599609375,19031.19921875,415112200
2019-05-24,19031.19921875,19170.69921875,19030.599609375,19127.30078125,302438600
2019-05-28,19127.30078125,19229.30078125,19110.80078125,19204.900390625,636450400
2019-05-29,19204.900390625,19204.900390625,18946.099609375,18946.099609375,321085900
2019-05-30,18946.099609375,19122.80078125,18942.80078125,19111.5,253361400
2019-05-31,19111.5,19111.5,18905.30078125,18970.30078125,309043600
2019-06-03,18970.30078125,18971.0,18773.900390625,18877.19921875,289471500
2019-06-04,18877.19921875,19008.19921875,18756.19921875,19008.19921875,324343200
2019-06-05,19002.400390625,19193.099609375,18999.099609375,19072.19921875,338926100
2019-06-06,19072.19921875,19139.0,19004.80078125,19065.5,260776000
2019-06-07,19065.5,19232.400390625,19065.400390625,19232.400390625,293532900
2019-06-10,19232.400390625,19311.400390625,19232.400390625,19309.599609375,214687000
2019-06-11,19309.599609375,19360.900390625,19280.5,19325.69921875,286030900
2019-06-12,19325.69921875,19325.69921875,19187.30078125,19250.099609375,270548700
2019-06-13,19250.099609375,19264.69921875,19151.599609375,19172.400390625,249254300
2019-06-14,19172.400390625,19193.69921875,19094.80078125,19118.30078125,272014500
2019-06-17,19118.30078125,19190.0,19116.80078125,19157.599609375,306521600
2019-06-18,19157.599609375,19356.19921875,19074.30078125,19311.80078125,428574900
2019-06-19,19311.80078125,19340.5,19241.80078125,19245.5,341901000
2019-06-20,19245.5,19436.19921875,19244.5,19384.099609375,372092100
2019-06-21,19384.099609375,19425.5,19305.30078125,19324.599609375,758807200
2019-06-24,19324.599609375,19394.69921875,19299.69921875,19299.69921875,234111100
2019-06-25,19299.69921875,19299.69921875,19172.0,19286.5,273215300
2019-06-26,19286.5,19296.099609375,19236.0,19260.400390625,335063500
2019-06-27,19260.400390625,19324.400390625,19228.69921875,19314.5,333705700
2019-06-28,19314.5,19462.099609375,19313.69921875,19462.099609375,341418000
2019-07-01,19462.099609375,19666.5,19462.099609375,19634.69921875,285740800
2019-07-02,19634.69921875,19689.900390625,19598.400390625,19659.30078125,345698300
2019-07-03,19659.30078125,19793.5,19655.19921875,19790.80078125,272821100
2019-07-04,19790.80078125,19819.400390625,19777.099609375,19797.599609375,184824900
2019-07-05,19797.599609375,19837.099609375,19638.30078125,19655.30078125,203571300
2019-07-08,19655.30078125,19700.099609375,19565.900390625,19581.5,243459800
2019-07-09,19581.5,19581.5,19419.400390625,19467.400390625,254164700
2019-07-10,19467.400390625,19480.30078125,19408.900390625,19419.400390625,284348200
2019-07-11,19419.400390625,19510.80078125,19417.099609375,19443.19921875,258273800
2019-07-12,19443.19921875,19559.80078125,19443.19921875,19551.80078125,278668600
2019-07-15,19551.80078125,19634.80078125,19550.19921875,19584.099609375,238723900
2019-07-16,19584.099609375,19674.099609375,19534.900390625,19656.099609375,246944600
2019-07-17,19656.099609375,19687.400390625,19581.099609375,19614.19921875,249201800
2019-07-18,19614.19921875,19614.80078125,19530.80078125,19535.099609375,229190100
2019-07-19,19535.099609375,19640.19921875,19531.099609375,19621.69921875,282249100
2019-07-22,19621.69921875,19698.30078125,19585.19921875,19648.0,336664700
2019-07-23,19648.0,19771.599609375,19648.0,19752.30078125,259708900
2019-07-24,19752.30078125,19856.30078125,19752.30078125,19787.80078125,316900900
2019-07-25,19787.80078125,19918.599609375,19763.0,19820.400390625,314186600
2019-07-26,19820.400390625,19887.099609375,19816.900390625,19857.900390625,257922100
2019-07-29,19857.900390625,19957.599609375,19847.19921875,19886.69921875,251010400
2019-07-30,19886.69921875,19934.099609375,19758.69921875,19774.80078125,297067500
2019-07-31,19774.80078125,19779.900390625,19666.5,19666.5,356256900
2019-08-01,19666.5,19681.19921875,19573.400390625,19634.30078125,307249000
2019-08-02,19634.30078125,19634.30078125,19253.19921875,19253.19921875,308508400
2019-08-05,19253.19921875,19253.19921875,18840.80078125,18871.400390625,316267000
2019-08-06,18871.400390625,19033.19921875,18845.5,18846.19921875,562322300
2019-08-07,18846.19921875,19010.80078125,18845.900390625,18941.0,437677500
2019-08-08,18941.0,19137.599609375,18941.0,19137.599609375,342308800
2019-08-09,19137.599609375,19206.599609375,19078.80078125,19092.19921875,243040100
2019-08-12,19092.19921875,19217.69921875,18913.0,18913.0,382507300
2019-08-13,18913.0,19037.80078125,18804.599609375,19008.19921875,360435900
2019-08-14,19008.19921875,19028.30078125,18713.69921875,18731.099609375,412023900
2019-08-15,18731.099609375,18829.900390625,18559.30078125,18640.69921875,334502600
2019-08-16,18640.69921875,18821.900390625,18640.69921875,18821.900390625,269708800
2019-08-19,18821.900390625,19098.0,18820.30078125,19098.0,262861200
2019-08-20,19098.0,19160.30078125,19003.099609375,19008.099609375,287870000
2019-08-21,19008.099609375,19207.80078125,19006.69921875,19207.80078125,261590100
2019-08-22,19207.80078125,19211.599609375,19137.0,19205.30078125,273039500
2019-08-23,19205.30078125,19414.900390625,19205.30078125,19236.099609375,307664800
2019-08-27,19236.099609375,19341.30078125,19204.69921875,19335.900390625,349808500
2019-08-28,19335.900390625,19335.900390625,19123.099609375,19203.0,311737300
2019-08-29,19203.0,19292.5,19117.099609375,19292.5,272484200
2019-08-30,19292.5,19437.69921875,19266.599609375,19393.599609375,298445100
2019-09-02,19393.599609375,19516.80078125,19378.099609375,19481.599609375,187753200
2019-09-03,19481.599609375,19491.599609375,19376.900390625,19464.099609375,273047300
2019-09-04,19464.099609375,19640.900390625,19464.099609375,19619.099609375,412210500
2019-09-05,19619.099609375,19650.19921875,19577.099609375,19649.599609375,327968200
2019-09-06,19649.599609375,19705.5,19619.69921875,19705.5,265433800
2019-09-09,19705.5,19794.5,19650.099609375,19678.5,316990900
2019-09-10,19678.5,19738.900390625,19649.900390625,19738.900390625,365334900
2019-09-11,19738.900390625,20028.900390625,19738.900390625,19982.19921875,354073100
2019-09-12,19982.19921875,20049.19921875,19891.099609375,19962.599609375,297782900
2019-09-13,19962.599609375,20195.80078125,19941.69921875,20195.80078125,320646900
2019-09-16,20195.80078125,20208.69921875,20022.19921875,20060.30078125,391217000
2019-09-17,20060.30078125,20062.099609375,19969.5,20040.5,760782800
2019-09-18,20040.5,20104.0,20028.099609375,20054.400390625,567174200
2019-09-19,20054.400390625,20110.30078125,20039.099609375,20089.5,382011700
2019-09-20,20089.5,20230.099609375,20083.30078125,20169.400390625,786760000
2019-09-23,20169.400390625,20188.5,19955.69921875,20043.80078125,307226200
2019-09-24,20043.80078125,20043.80078125,19906.5,19919.099609375,316269000
2019-09-25,19919.099609375,19919.099609375,19682.69921875,19774.900390625,316062200
2019-09-26,19774.900390625,19903.900390625,19736.30078125,19818.599609375,309795400
2019-09-27,19818.599609375,19971.0,19818.599609375,19971.0,559679300
2019-09-30,19971.0,19998.0,19911.69921875,19936.69921875,472924100
2019-10-01,19936.69921875,20025.80078125,19862.0,19872.80078125,653131100
2019-10-02,19872.80078125,19874.099609375,19476.900390625,19476.900390625,315628700
2019-10-03,19476.900390625,19501.69921875,19235.80078125,19348.19921875,290559200
2019-10-04,19348.19921875,19480.400390625,19324.400390625,19480.400390625,268023200
2019-10-07,19480.400390625,19495.69921875,19374.900390625,19420.19921875,261757000
2019-10-08,19420.19921875,19501.900390625,19200.900390625,19200.900390625,323727900
2019-10-09,19200.900390625,19258.599609375,19160.19921875,19171.599609375,260963300
2019-10-10,19171.599609375,19237.400390625,19080.19921875,19235.69921875,312922400
2019-10-11,19235.69921875,20044.19921875,19235.69921875,20041.69921875,528020300
2019-10-14,20041.69921875,20049.599609375,19736.0,19929.900390625,350587400
2019-10-15,19929.900390625,20316.900390625,19928.19921875,20197.0,442321800
2019-10-16,20197.0,20243.5,19959.0,20188.0,402898000
2019-10-17,20188.0,20439.900390625,20075.30078125,20221.099609375,395756300
2019-10-18,20221.099609375,20299.400390625,20164.599609375,20228.5,333157300
2019-10-21,20228.5,20374.599609375,20152.30078125,20308.80078125,348328700
2019-10-22,20308.80078125,20334.900390625,20178.5,20181.900390625,406495400
2019-10-23,20181.900390625,20212.30078125,20084.69921875,20180.900390625,307170800
2019-10-24,20180.900390625,20256.0,20104.099609375,20152.19921875,282091000
2019-10-25,20152.19921875,20154.0,19970.19921875,20103.5,267616900
2019-10-28,20103.5,20215.099609375,20081.19921875,20210.19921875,195646900
2019-10-29,20210.19921875,20212.099609375,20108.30078125,20168.30078125,223130900
2019-10-30,20168.30078125,20168.80078125,20043.0,20115.099609375,240561900
2019-10-31,20115.099609375,20155.099609375,20021.5,20021.5,280742900
2019-11-01,20021.5,20158.80078125,20021.30078125,20158.80078125,264723100
2019-11-04,20158.80078125,20271.5,20158.80078125,20249.69921875,225585100
2019-11-05,20249.69921875,20295.0,20216.69921875,20295.0,280517200
2019-11-06,20295.0,20308.5,20157.0,20216.599609375,243086000
2019-11-07,20216.599609375,20439.400390625,20216.599609375,20433.19921875,278725300
2019-11-08,20433.19921875,20433.19921875,20313.0,20357.599609375,215423500
2019-11-11,20357.599609375,20418.5,20225.900390625,20410.0,214415600
2019-11-12,20410.0,20434.30078125,20336.0,20427.19921875,372680000
2019-11-13,20427.19921875,20427.19921875,20206.0,20289.80078125,294939400
2019-11-14,20289.80078125,20312.099609375,20231.5,20231.80078125,252517400
2019-11-15,20231.80078125,20404.400390625,20165.19921875,20404.400390625,248155900
2019-11-18,20404.400390625,20524.30078125,20388.19921875,20440.5,224863000
2019-11-19,20440.5,20672.80078125,20440.5,20528.5,326249000
2019-11-20,20528.5,20528.5,20368.099609375,20475.30078125,263572900
2019-11-21,20475.30078125,20475.30078125,20240.5,20369.900390625,328515500
2019-11-22,20369.900390625,20508.69921875,20346.30078125,20485.80078125,299941100
2019-11-25,20485.80078125,20703.19921875,20483.400390625,20703.19921875,297609600
2019-11-26,20703.19921875,20864.900390625,20686.099609375,20864.900390625,514420500
2019-11-27,20864.900390625,20959.5,20807.099609375,20954.30078125,307042600
2019-11-28,20954.30078125,21029.80078125,20888.69921875,21023.599609375,238106400
2019-11-29,21023.599609375,21028.900390625,20812.599609375,20812.599609375,226671000
2019-12-02,20812.599609375,20869.80078125,20655.69921875,20700.19921875,316492400
2019-12-03,20700.19921875,20705.900390625,20394.19921875,20500.900390625,333329000
2019-12-04,20500.900390625,20665.5,20464.30078125,20665.5,299601600
2019-12-05,20665.5,20738.0,20615.900390625,20707.30078125,338249800
2019-12-06,20707.30078125,20933.0,20707.30078125,20933.0,304696600
2019-12-09,20933.0,20935.900390625,20802.0,20922.599609375,440838400
2019-12-10,20922.599609375,20929.5,20714.69921875,20781.099609375,367878800
2019-12-11,20781.099609375,20791.400390625,20460.900390625,20647.099609375,375992600
2019-12-12,20647.099609375,20821.80078125,20642.599609375,20793.0,452813300
2019-12-13,20793.0,21910.80078125,20792.900390625,21507.80078125,782881500
2019-12-16,21507.80078125,21935.30078125,21505.099609375,21920.69921875,535054500
2019-12-17,21920.69921875,21922.19921875,21543.0,21690.19921875,411217700
2019-12-18,21690.19921875,21691.599609375,21539.0,21663.099609375,322078300
2019-12-19,21663.099609375,21687.099609375,21614.0,21666.099609375,296854300
2019-12-20,21666.099609375,21683.19921875,21570.30078125,21674.30078125,524536200
2019-12-23,21674.30078125,21928.30078125,21673.599609375,21843.400390625,175537600
2019-12-24,21843.400390625,21981.099609375,21824.0,21981.099609375,62119400
2019-12-27,21981.099609375,22059.0,21950.19921875,22059.0,149734300
2019-12-30,22059.0,22062.69921875,21929.0,21936.30078125,138560000
2019-12-31,21936.30078125,21965.80078125,21883.400390625,21883.400390625,76509400
2020-01-02,21883.400390625,22114.30078125,21881.0,22108.30078125,220315300
2020-01-03,22108.30078125,22111.400390625,21868.80078125,21988.19921875,200763900
2020-01-06,21988.19921875,21988.19921875,21694.900390625,21761.80078125,245778100
2020-01-07,21760.5,21899.599609375,21757.0,21832.69921875,292544200
2020-01-08,21832.69921875,21832.69921875,21613.900390625,21651.900390625,261378100
2020-01-09,21651.900390625,21760.0,21601.19921875,21643.099609375,402685100
2020-01-10,21643.099609375,21701.099609375,21566.69921875,21566.69921875,302306800
2020-01-13,21566.69921875,21816.599609375,21561.599609375,21716.80078125,251441500
2020-01-14,21716.80078125,21822.69921875,21703.30078125,21756.099609375,303584100
2020-01-15,21756.099609375,21830.19921875,21647.5,21713.099609375,364929200
2020-01-16,21713.099609375,21794.0,21636.30078125,21721.19921875,380362900
2020-01-17,21721.19921875,21905.19921875,21713.099609375,21886.099609375,253610000
2020-01-20,21886.099609375,21920.19921875,21825.69921875,21847.0,170501800
2020-01-21,21847.0,21847.0,21668.099609375,21745.400390625,235934500
2020-01-22,21745.400390625,21813.30078125,21690.0,21763.0,267869700
2020-01-23,21763.0,21768.5,21540.599609375,21540.599609375,247261100
2020-01-24,21540.599609375,21800.900390625,21540.599609375,21763.900390625,235494900
2020-01-27,21763.900390625,21765.900390625,21303.69921875,21303.69921875,248742500
2020-01-28,21303.69921875,21472.19921875,21267.19921875,21433.099609375,235046700
2020-01-29,21433.099609375,21508.599609375,21432.80078125,21469.0,275412200
2020-01-30,21469.0,21493.30078125,21248.30078125,21291.900390625,281822700
2020-01-31,21291.900390625,21478.099609375,21143.5,21143.5,305707300
2020-02-03,21143.5,21232.69921875,21073.69921875,21160.900390625,308026900
2020-02-04,21160.900390625,21439.900390625,21160.900390625,21439.900390625,288656000
2020-02-05,21439.900390625,21607.5,21419.69921875,21520.0,333536200
2020-02-06,21520.0,21692.80078125,21490.80078125,21572.900390625,251734700
2020-02-07,21572.900390625,21592.19921875,21432.5,21499.30078125,248801600
2020-02-10,21499.30078125,21517.400390625,21430.599609375,21493.30078125,226586100
2020-02-11,21493.30078125,21657.400390625,21491.400390625,21646.0,260121600
2020-02-12,21646.0,21799.80078125,21634.19921875,21793.5,253916600
2020-02-13,21793.5,21794.80078125,21574.900390625,21673.900390625,259659400
2020-02-14,21673.900390625,21791.599609375,21670.69921875,21790.099609375,239856600
2020-02-17,21790.099609375,21877.900390625,21782.0,21826.30078125,185944200
2020-02-18,21826.30078125,21826.30078125,21666.80078125,21678.5,242241500
2020-02-19,21678.5,21850.900390625,21678.5,21850.900390625,247078800
2020-02-20,21850.900390625,21950.900390625,21850.900390625,21866.69921875,257663400
2020-02-21,21866.69921875,21881.0,21737.099609375,21780.19921875,253357200
2020-02-24,21780.19921875,21780.400390625,21024.69921875,21117.900390625,313537400
2020-02-25,21117.900390625,21268.69921875,20697.0,20716.0,358540900
2020-02-26,20716.0,20730.900390625,20233.099609375,20623.0,405622800
2020-02-27,20623.0,20623.0,19654.400390625,19783.5,475247000
2020-02-28,19783.5,19783.5,18866.0,19330.900390625,732631100
2020-03-02,19330.900390625,19848.0,19046.099609375,19301.69921875,425557900
2020-03-03,19301.69921875,19933.69921875,19301.69921875,19682.69921875,431822200
2020-03-04,19682.69921875,19967.400390625,19605.5,19742.80078125,378884100
2020-03-05,19742.80078125,19858.0,19204.0,19323.099609375,415977900
2020-03-06,19323.099609375,19323.099609375,18590.19921875,18746.5,473157700
2020-03-09,18746.5,18746.5,17419.0,17547.19921875,689128300
2020-03-10,17547.19921875,18171.69921875,17526.5,17547.099609375,605526100
2020-03-11,17547.099609375,17817.69921875,17321.0,17339.19921875,569550600
2020-03-12,17339.19921875,17339.69921875,15541.5,15717.400390625,807842300
2020-03-13,15717.400390625,16482.30078125,15495.5,15562.0,861258500
2020-03-16,15562.0,15562.0,13563.5,14349.7998046875,939708900
2020-03-17,14349.7001953125,14792.900390625,13695.099609375,13924.900390625,797863600
2020-03-18,13924.900390625,13924.900390625,12915.2001953125,13008.2001953125,845680800
2020-03-19,13008.2001953125,13035.099609375,12373.5,12829.7001953125,881237200
2020-03-20,12829.7001953125,13820.0,12829.7001953125,13592.599609375,1164673400
2020-03-23,13592.599609375,13592.599609375,12759.0,13078.0,588318600
2020-03-24,13078.0,14172.7001953125,13078.0,14172.7001953125,583699500
2020-03-25,14172.7001953125,14971.2998046875,14172.7001953125,14819.900390625,562866500
2020-03-26,14819.900390625,15380.7001953125,14545.099609375,15380.7001953125,481044600
2020-03-27,15380.7001953125,15380.7001953125,14588.7001953125,14769.7998046875,481176100
2020-03-30,14769.7998046875,14791.099609375,14180.099609375,14624.599609375,420185900
2020-03-31,14624.599609375,15109.2998046875,14624.400390625,15101.099609375,554933500
2020-04-01,15101.099609375,15101.2001953125,14464.599609375,14547.2001953125,474872600
2020-04-02,14547.2001953125,14618.599609375,14378.0,14436.7998046875,374924400
2020-04-03,14436.7998046875,14479.2998046875,14083.2998046875,14099.2001953125,392958500
2020-04-06,14099.2001953125,14840.400390625,14099.2001953125,14812.400390625,413786600
2020-04-07,14812.400390625,15840.2998046875,14812.400390625,15569.0,574557500
2020-04-08,15569.0,15862.7998046875,15345.2998046875,15862.7998046875,446554300
2020-04-09,15862.7998046875,16407.900390625,15862.7998046875,16407.900390625,487664600
2020-04-14,16407.900390625,16526.30078125,16066.599609375,16082.599609375,457292700
2020-04-15,16082.599609375,16084.400390625,15333.2998046875,15347.599609375,420231400
2020-04-16,15347.599609375,15610.7001953125,15325.0,15378.599609375,409553600
2020-04-17,15378.599609375,16017.400390625,15378.599609375,15859.2998046875,447299900
2020-04-20,15859.2998046875,15965.5,15715.7998046875,15822.7001953125,362394900
2020-04-21,15822.7001953125,15822.7001953125,15399.2998046875,15399.2998046875,378328000
2020-04-22,15399.2998046875,15608.7998046875,15347.599609375,15586.099609375,388499700
2020-04-23,15586.099609375,15867.2998046875,15585.2001953125,15794.0,359975000
2020-04-24,15794.0,15830.599609375,15620.2001953125,15687.400390625,336330100
2020-04-27,15687.400390625,16099.7001953125,15687.400390625,15952.7001953125,324923500
2020-04-28,15952.7001953125,16411.400390625,15952.7001953125,16291.599609375,390413900
2020-04-29,16291.599609375,16866.5,16284.0,16835.30078125,429996400
2020-04-30,16835.30078125,17107.0,16437.30078125,16454.5,483615100
2020-05-01,16454.5,16454.5,16099.2001953125,16148.2998046875,234547900
2020-05-04,16148.2998046875,16149.0,15862.7998046875,15951.7001953125,363277600
2020-05-05,15951.7001953125,16196.099609375,15951.7001953125,16093.099609375,321176200
2020-05-06,16093.099609375,16204.900390625,15951.7001953125,15982.5,429977100
2020-05-07,15982.5,16258.5,15982.5,16247.900390625,430634900
2020-05-11,16247.900390625,16462.900390625,16187.2998046875,16271.5,466329200
2020-05-12,16271.5,16301.900390625,16166.7001953125,16173.0,428692100
2020-05-13,16173.0,16174.0,15878.099609375,15878.099609375,447946000
2020-05-14,15878.099609375,15878.099609375,15194.2001953125,15404.599609375,490640400
2020-05-15,15404.599609375,15722.400390625,15404.599609375,15660.7998046875,413031500
2020-05-18,15660.7998046875,16230.0,15660.7998046875,16230.0,415054800
2020-05-19,16230.0,16470.0,16228.7001953125,16320.099609375,409515800
2020-05-20,16320.099609375,16397.19921875,16200.7001953125,16367.5,432990200
2020-05-21,16367.5,16504.19921875,16170.900390625,16386.0,352025900
2020-05-22,16386.0,16419.5,16074.7001953125,16398.900390625,428306400
2020-05-26,16398.900390625,16962.0,16398.900390625,16933.400390625,582769000
2020-05-27,16933.400390625,17265.19921875,16933.400390625,17143.599609375,574915800
2020-05-28,17143.599609375,17396.599609375,17143.599609375,17338.5,514539900
2020-05-29,17338.5,17338.5,17037.5,17043.0,945109700
2020-06-01,17043.0,17329.69921875,17043.0,17277.5,369172700
2020-06-02,17277.5,17542.099609375,17277.5,17436.30078125,449767600
2020-06-03,17436.30078125,17929.30078125,17436.30078125,17897.099609375,522340500
2020-06-04,17897.099609375,17954.19921875,17770.0,17826.0,474108200
2020-06-05,17826.0,18238.30078125,17826.0,18229.30078125,538667200
2020-06-08,18229.30078125,18447.900390625,18090.69921875,18136.900390625,573818000
2020-06-09,18136.900390625,18150.69921875,17690.900390625,17755.30078125,517080300
2020-06-10,17755.30078125,17957.900390625,17550.400390625,17605.5,450890000
2020-06-11,17605.5,17605.5,16973.69921875,16973.69921875,469069300
2020-06-12,16973.69921875,17275.5,16707.099609375,17077.30078125,443120900
2020-06-15,17077.30078125,17090.599609375,16691.599609375,17089.19921875,370049200
2020-06-16,17089.19921875,17710.5,17089.19921875,17464.69921875,387152600
2020-06-17,17464.69921875,17692.0,17376.599609375,17582.400390625,365656000
2020-06-18,17582.400390625,17643.400390625,17434.099609375,17518.30078125,351513500
2020-06-19,17518.30078125,17705.0,17518.30078125,17687.30078125,1013729300
2020-06-22,17687.30078125,17699.900390625,17492.400390625,17573.400390625,449259900
2020-06-23,17573.400390625,17795.099609375,17573.0,17652.80078125,359967700
2020-06-24,17652.80078125,17654.19921875,17150.80078125,17150.80078125,371502600
2020-06-25,17150.80078125,17150.80078125,16827.599609375,17112.099609375,438460900
2020-06-26,17112.099609375,17336.5,17092.900390625,17113.19921875,401688100
2020-06-29,17113.19921875,17237.30078125,16978.80078125,17198.69921875,411125000
2020-06-30,17198.69921875,17228.80078125,17052.599609375,17119.19921875,552695400
2020-07-01,17119.19921875,17287.400390625,17006.099609375,17189.400390625,401424300
2020-07-02,17189.400390625,17467.0,17189.400390625,17367.900390625,374281100
2020-07-03,17367.900390625,17518.0,17275.5,17302.0,246292300
2020-07-06,17302.0,17583.30078125,17302.0,17550.0,295305500
2020-07-07,17550.0,17551.0,17330.80078125,17350.0,313489900
2020-07-08,17350.0,17350.0,17147.30078125,17185.19921875,313835800
2020-07-09,17185.19921875,17346.69921875,16985.099609375,16985.099609375,330155400
2020-07-10,16985.099609375,17251.599609375,16869.19921875,17180.0,307736300
2020-07-13,17180.0,17392.69921875,17180.0,17385.099609375,294862400
2020-07-14,17385.099609375,17385.099609375,17068.5,17174.69921875,282888400
2020-07-15,17174.69921875,17477.19921875,17174.69921875,17420.599609375,301756000
2020-07-16,17420.599609375,17421.80078125,17298.19921875,17321.30078125,263019100
2020-07-17,17321.30078125,17347.900390625,17199.19921875,17347.900390625,272924400
2020-07-20,17347.900390625,17402.099609375,17246.400390625,17385.900390625,284671700
2020-07-21,17385.900390625,17580.900390625,17385.900390625,17501.80078125,340907800
2020-07-22,17501.80078125,17575.400390625,17398.400390625,17465.69921875,277474100
2020-07-23,17465.69921875,17534.900390625,17427.400390625,17489.5,385067200
2020-07-24,17489.5,17489.5,17252.5,17264.80078125,423995800
2020-07-27,17264.80078125,17283.5,17139.19921875,17157.900390625,368539200
2020-07-28,17157.900390625,17315.30078125,17157.900390625,17278.19921875,321109900
2020-07-29,17278.19921875,17287.900390625,17195.599609375,17247.69921875,422153300
2020-07-30,17247.69921875,17279.599609375,16898.400390625,17017.099609375,342845000
2020-07-31,17017.099609375,17142.099609375,16932.69921875,16932.69921875,376783800
2020-08-03,16932.69921875,17158.099609375,16816.19921875,17158.099609375,296197700
2020-08-04,17158.099609375,17309.900390625,17140.80078125,17307.69921875,340059800
2020-08-05,17307.69921875,17638.30078125,17307.099609375,17638.30078125,419117700
2020-08-06,17638.30078125,17642.0,17358.5,17479.400390625,335003500
2020-08-07,17479.400390625,17622.900390625,17411.400390625,17622.900390625,300665500
2020-08-10,17622.900390625,17789.80078125,17622.900390625,17724.900390625,345747200
2020-08-11,17724.900390625,18050.099609375,17724.900390625,17997.19921875,499642600
2020-08-12,17997.19921875,18096.5,17909.900390625,18089.599609375,478355500
2020-08-13,18089.599609375,18090.5,17924.599609375,17924.599609375,298152800
2020-08-14,17924.599609375,17924.599609375,17665.400390625,17735.599609375,285169600
2020-08-17,17735.599609375,17786.30078125,17638.599609375,17771.900390625,245972300
2020-08-18,17771.900390625,17851.80078125,17613.099609375,17623.0,352166400
2020-08-19,17623.0,17653.900390625,17545.0,17583.400390625,299444000
2020-08-20,17583.400390625,17583.400390625,17403.5,17496.400390625,283983900
2020-08-21,17496.400390625,17596.30078125,17371.099609375,17577.69921875,246938800
2020-08-24,17577.69921875,17737.0,17577.400390625,17685.099609375,250587300
2020-08-25,17685.099609375,17798.30078125,17569.900390625,17577.900390625,264468700
2020-08-26,17577.900390625,17753.599609375,17542.400390625,17753.599609375,256417200
2020-08-27,17753.599609375,17779.099609375,17704.5,17762.0,245137400
2020-08-28,17762.0,17809.30078125,17701.30078125,17788.30078125,320140900
2020-09-01,17788.30078125,17830.400390625,17477.599609375,17604.599609375,377028000
2020-09-02,17604.599609375,17847.19921875,17601.30078125,17704.400390625,280797600
2020-09-03,17704.400390625,17861.900390625,17459.69921875,17459.69921875,319339100
2020-09-04,17459.69921875,17649.900390625,17311.900390625,17354.30078125,263254700
2020-09-07,17354.30078125,17683.5,17354.30078125,17642.19921875,221712200
2020-09-08,17642.19921875,17705.69921875,17401.5,17625.19921875,306166000
2020-09-09,17625.19921875,17665.0,17492.599609375,17594.900390625,316212200
2020-09-10,17594.900390625,17746.69921875,17546.900390625,17579.30078125,332416800
2020-09-11,17574.0,17666.5,17550.599609375,17555.900390625,269909400
2020-09-14,17555.900390625,17677.30078125,17546.30078125,17677.30078125,310521300
2020-09-15,17677.30078125,17834.5,17673.80078125,17815.400390625,453739100
2020-09-16,17815.400390625,17830.599609375,17731.900390625,17795.30078125,378831300
2020-09-17,17795.30078125,17795.30078125,17659.599609375,17737.69921875,376058400
2020-09-18,17736.69921875,17773.80078125,17540.400390625,17569.69921875,1231187400
2020-09-21,17569.69921875,17569.900390625,16838.099609375,16870.80078125,469207100
2020-09-22,16870.80078125,16947.30078125,16738.099609375,16821.69921875,361166100
2020-09-23,16821.69921875,17123.30078125,16821.69921875,16993.0,396631000
2020-09-24,16993.0,16993.0,16765.80078125,16802.69921875,403550600
2020-09-25,16802.69921875,17044.099609375,16746.80078125,17044.099609375,343317800
2020-09-28,17044.099609375,17395.400390625,17044.099609375,17370.30078125,304423000
2020-09-29,17370.30078125,17398.099609375,17173.69921875,17173.69921875,326522600
2020-09-30,17173.69921875,17345.80078125,17091.80078125,17315.30078125,404745400
2020-10-01,17315.30078125,17430.099609375,17315.30078125,17383.5,333748600
2020-10-02,17383.5,17395.80078125,17205.599609375,17395.80078125,300095500
2020-10-05,17395.80078125,17586.30078125,17395.80078125,17583.099609375,447683900
2020-10-06,17583.099609375,17797.400390625,17583.099609375,17797.400390625,315927200
2020-10-07,17797.400390625,17853.80078125,17770.900390625,17801.80078125,316609600
2020-10-08,17801.80078125,18072.69921875,17791.69921875,17946.19921875,360732500
2020-10-09,17946.19921875,18089.19921875,17935.599609375,18074.400390625,355501100
2020-10-12,18074.400390625,18216.099609375,18065.0,18167.69921875,318028300
2020-10-13,18167.69921875,18182.099609375,17890.099609375,17891.0,301267700
2020-10-14,17891.0,18012.80078125,17890.099609375,17950.400390625,321442800
2020-10-15,17950.400390625,17950.400390625,17607.80078125,17838.5,346148200
2020-10-16,17838.5,17994.19921875,17822.599609375,17822.900390625,323659100
2020-10-19,17822.900390625,17889.900390625,17796.900390625,17866.099609375,262097900
2020-10-20,17866.099609375,17968.19921875,17789.0,17929.19921875,281328900
2020-10-21,17929.19921875,17943.400390625,17757.80078125,17787.80078125,316390400
2020-10-22,17787.80078125,17957.80078125,17672.30078125,17894.400390625,367024000
2020-10-23,17894.400390625,18115.80078125,17891.400390625,18109.599609375,295957600
2020-10-26,18109.599609375,18109.599609375,17844.599609375,17853.30078125,269638100
2020-10-27,17853.30078125,17888.19921875,17582.900390625,17587.69921875,321869400
2020-10-28,17587.69921875,17587.69921875,17164.400390625,17248.900390625,487033500
2020-10-29,17248.900390625,17346.19921875,17152.19921875,17177.69921875,321067600
2020-10-30,17177.69921875,17225.30078125,17039.099609375,17214.400390625,316680900
2020-11-02,17214.400390625,17231.900390625,17036.400390625,17180.5,274991300
2020-11-03,17180.5,17491.69921875,17180.5,17491.69921875,291582200
2020-11-04,17491.69921875,17796.099609375,17343.80078125,17796.099609375,293477800
2020-11-05,17796.099609375,18026.599609375,17796.099609375,17928.5,330614500
2020-11-06,17928.5,18123.099609375,17837.30078125,17917.80078125,276999300
2020-11-09,17917.80078125,18973.30078125,17917.80078125,18850.400390625,648460800
2020-11-10,18850.400390625,19099.0,18850.400390625,19028.30078125,713675400
2020-11-11,19028.30078125,19368.900390625,18993.30078125,19340.19921875,528073000
2020-11-12,19340.19921875,19436.0,19214.80078125,19302.19921875,424923000
2020-11-13,19302.19921875,19339.80078125,19172.099609375,19270.0,343611500
2020-11-16,19270.0,19685.69921875,19270.0,19608.099609375,501063300
2020-11-17,19608.099609375,19654.599609375,19389.900390625,19516.19921875,485075600
2020-11-18,19516.19921875,19710.099609375,19458.30078125,19699.900390625,439005400
2020-11-19,19699.0,19699.30078125,19484.0,19506.5,474456000
2020-11-20,19507.5,19608.69921875,19458.599609375,19507.0,360281800
2020-11-23,19507.0,19676.69921875,19507.0,19582.400390625,400215800
2020-11-24,19582.400390625,19798.69921875,19582.400390625,19789.599609375,487271500
2020-11-25,19789.599609375,19831.099609375,19534.900390625,19569.400390625,439368700
2020-11-26,19569.400390625,19625.30078125,19299.900390625,19396.30078125,283222200
2020-11-27,19396.30078125,19462.69921875,19170.099609375,19462.69921875,517057100
2020-11-30,19462.69921875,19604.0,19336.30078125,19336.30078125,559247900
2020-12-01,19336.30078125,19866.900390625,19334.19921875,19844.80078125,415238600
2020-12-02,19844.80078125,19907.30078125,19724.0,19877.80078125,440897400
2020-12-03,19877.80078125,20134.19921875,19806.80078125,20132.400390625,529148800
2020-12-04,20132.400390625,20282.400390625,20105.30078125,20182.69921875,576526500
2020-12-07,20182.69921875,20249.0,19844.900390625,19929.69921875,401126700
2020-12-08,19929.69921875,19933.69921875,19820.400390625,19870.5,369740700
2020-12-09,19870.5,20003.30078125,19870.5,19883.900390625,329489700
2020-12-10,19883.900390625,19942.0,19618.19921875,19756.099609375,400077200
2020-12-11,19756.099609375,19758.099609375,19488.0,19622.19921875,413116400
2020-12-14,19622.19921875,19984.0,19620.599609375,19764.0,343109200
2020-12-15,19764.0,19870.19921875,19675.5,19852.400390625,441373000
2020-12-16,19852.400390625,20172.69921875,19847.80078125,20096.599609375,428551000
2020-12-17,20096.599609375,20421.30078125,20096.400390625,20296.0,381523600
2020-12-18,20296.0,20317.400390625,20105.099609375,20116.30078125,625504500
2020-12-21,20116.30078125,20116.30078125,19393.19921875,19692.099609375,411160700
2020-12-22,19692.099609375,19950.69921875,19689.900390625,19950.69921875,247926200
2020-12-23,19950.69921875,20297.80078125,19942.80078125,20297.80078125,291726900
2020-12-24,20297.80078125,20546.69921875,20297.80078125,20546.69921875,121696400
2020-12-29,20546.69921875,21047.400390625,20545.900390625,20897.599609375,342179400
2020-12-30,20897.599609375,20945.900390625,20715.099609375,20715.099609375,203068100
2020-12-31,20715.099609375,20716.099609375,20488.30078125,20488.30078125,121581600
2021-01-04,20488.30078125,20827.30078125,20488.30078125,20537.900390625,369053100
2021-01-05,20537.900390625,20751.80078125,20429.599609375,20717.400390625,374109200
2021-01-06,20717.400390625,20973.19921875,20644.30078125,20973.19921875,343964100
2021-01-07,20973.19921875,21084.900390625,20843.19921875,21009.900390625,306666100
2021-01-08,21009.900390625,21208.30078125,21009.0,21064.19921875,357507000
2021-01-11,21064.19921875,21119.19921875,20776.099609375,20776.099609375,329905600
2021-01-12,20776.099609375,20847.80078125,20698.099609375,20713.0,335311100
2021-01-13,20713.0,20795.69921875,20609.69921875,20616.30078125,280304600
2021-01-14,20616.30078125,20826.0,20616.30078125,20775.80078125,292901200
2021-01-15,20775.80078125,20780.400390625,20494.69921875,20615.599609375,359192100
2021-01-18,20615.599609375,20688.19921875,20612.599609375,20639.30078125,229611900
2021-01-19,20639.30078125,20788.80078125,20584.30078125,20602.900390625,285593900
2021-01-20,20602.900390625,20881.5,20602.900390625,20881.5,305695100
2021-01-21,20881.5,20967.69921875,20793.69921875,20793.69921875,306046200
2021-01-22,20793.69921875,20827.80078125,20561.30078125,20596.900390625,368533900
2021-01-25,20596.900390625,20744.599609375,20312.69921875,20350.400390625,352556800
2021-01-26,20350.400390625,20534.900390625,20286.599609375,20448.400390625,325350900
2021-01-27,20448.400390625,20538.900390625,20158.19921875,20278.400390625,452994800
2021-01-28,20278.400390625,20386.0,19878.5,20368.30078125,418678800
2021-01-29,20368.30078125,20368.30078125,20050.80078125,20228.599609375,399647200
2021-02-01,20228.599609375,20465.599609375,20228.599609375,20392.599609375,308714400
2021-02-02,20392.599609375,20690.19921875,20392.599609375,20690.19921875,332486000
2021-02-03,20690.19921875,20864.099609375,20690.19921875,20752.400390625,306969100
2021-02-04,20752.400390625,20893.80078125,20725.099609375,20809.30078125,311814500
2021-02-05,20809.30078125,21106.19921875,20808.69921875,21066.900390625,362116400
2021-02-08,21066.900390625,21131.099609375,20974.19921875,21086.599609375,307551800
2021-02-09,21086.599609375,21208.099609375,21048.400390625,21112.900390625,273053100
2021-02-10,21112.900390625,21242.400390625,20936.400390625,20996.400390625,305729000
2021-02-11,20996.400390625,21029.19921875,20921.30078125,21017.900390625,254870900
2021-02-12,21017.900390625,21037.5,20845.80078125,21037.5,272188500
2021-02-15,21037.5,21432.099609375,21037.5,21418.900390625,314677300
2021-02-16,21418.900390625,21545.0,21367.599609375,21416.400390625,326208400
2021-02-17,21416.400390625,21458.5,21149.5,21149.5,317495000
2021-02-18,21149.5,21245.80078125,20925.80078125,20933.900390625,310948600
2021-02-19,20933.900390625,21069.099609375,20921.099609375,21036.0,311882900
2021-02-22,21036.0,21042.099609375,20785.099609375,20981.099609375,424499200
2021-02-23,20981.099609375,21271.0,20871.900390625,21057.69921875,539872700
2021-02-24,21057.69921875,21329.80078125,21055.5,21312.69921875,452336000
2021-02-25,21312.69921875,21404.599609375,21143.69921875,21198.099609375,470998100
2021-02-26,21198.099609375,21198.099609375,20884.30078125,20910.400390625,526655700
2021-03-01,20910.400390625,21326.80078125,20910.400390625,21221.5,361414700
2021-03-02,21221.5,21331.0,21177.900390625,21177.900390625,355391600
2021-03-03,21177.900390625,21483.099609375,21173.19921875,21436.30078125,393923500
2021-03-04,21436.30078125,21463.900390625,21209.599609375,21296.19921875,380283300
2021-03-05,21296.19921875,21301.0,20944.400390625,20961.30078125,455996900
2021-03-08,20961.30078125,21211.400390625,20961.30078125,21210.19921875,385373600
2021-03-09,21210.19921875,21428.30078125,21140.900390625,21382.5,429686700
2021-03-10,21382.5,21415.599609375,21264.400390625,21406.69921875,439720500
2021-03-11,21406.69921875,21552.19921875,21406.69921875,21533.099609375,383100700
2021-03-12,21533.099609375,21535.900390625,21393.0,21506.5,399015200
2021-03-15,21506.5,21615.80078125,21480.69921875,21522.400390625,370221100
2021-03-16,21522.400390625,21798.599609375,21521.900390625,21764.5,4832700
2021-03-17,21764.5,21765.0,21558.599609375,21558.599609375,3982000
2021-03-18,21558.599609375,21638.30078125,21523.0,21568.599609375,388066000
2021-03-19,21568.599609375,21569.099609375,21370.0,21420.30078125,889801400
2021-03-22,21420.30078125,21523.900390625,21314.900390625,21455.900390625,357826600
2021-03-23,21455.900390625,21455.900390625,21330.0,21331.80078125,394211900
2021-03-24,21331.80078125,21419.30078125,21240.0,21402.5,338454600
2021-03-25,21402.5,21423.19921875,21155.599609375,21277.80078125,353139400
2021-03-26,21277.80078125,21537.5,21275.80078125,21486.69921875,358586900
2021-03-29,21486.69921875,21542.0,21417.900390625,21435.5,277656600
2021-03-30,21435.5,21574.400390625,21433.19921875,21574.400390625,292819700
2021-03-31,21574.400390625,21603.80078125,21518.69921875,21518.69921875,413791400
2021-04-01,21518.69921875,21766.80078125,21518.69921875,21732.69921875,292374800
2021-04-06,21732.69921875,22015.599609375,21732.69921875,21994.5,322043600
2021-04-07,21994.5,22182.599609375,21994.5,22160.599609375,305036100
2021-04-08,22160.599609375,22247.5,22122.5,22247.5,345775100
2021-04-09,22247.5,22290.30078125,22187.0,22251.30078125,283244300
2021-04-12,22251.30078125,22275.80078125,22105.400390625,22153.599609375,285090800
2021-04-13,22153.599609375,22268.5,22028.099609375,22268.5,294540800
2021-04-14,22268.5,22357.30078125,22217.099609375,22355.5,294024100
2021-04-15,22355.5,22472.5,22355.5,22472.0,279647700
2021-04-16,22472.0,22587.30078125,22467.19921875,22522.19921875,289646600
2021-04-19,22522.19921875,22657.69921875,22473.30078125,22490.900390625,299894900
2021-04-20,22490.900390625,22536.5,22108.599609375,22108.599609375,336579700
2021-04-21,22108.599609375,22177.599609375,21996.599609375,22085.69921875,314370900
2021-04-22,22085.69921875,22364.900390625,22085.69921875,22364.900390625,292307900
2021-04-23,22364.900390625,22382.19921875,22260.599609375,22372.30078125,241738300
2021-04-26,22372.30078125,22586.19921875,22354.80078125,22577.30078125,245482500
2021-04-27,22577.30078125,22617.30078125,22404.900390625,22433.099609375,270429000
2021-04-28,22433.099609375,22569.099609375,22432.099609375,22439.80078125,290745700
2021-04-29,22439.80078125,22525.099609375,22333.30078125,22392.900390625,356930900
2021-04-30,22392.900390625,22536.400390625,22332.69921875,22497.400390625,367390300
2021-05-04,22497.400390625,22656.5,22329.80078125,22330.0,356400300
2021-05-05,22330.0,22444.30078125,22320.099609375,22385.900390625,291209900
2021-05-06,22385.900390625,22520.599609375,22383.599609375,22491.400390625,336267300
2021-05-07,22491.400390625,22775.30078125,22490.30078125,22775.30078125,343151900
2021-05-10,22775.30078125,22850.099609375,22651.5,22697.19921875,288448800
2021-05-11,22697.19921875,22697.19921875,22126.599609375,22167.099609375,388993500
2021-05-12,22167.099609375,22276.900390625,22107.80078125,22107.80078125,348318800
2021-05-13,22107.80078125,22107.900390625,21739.69921875,22069.30078125,298927100
2021-05-14,22069.30078125,22352.80078125,22067.19921875,22336.099609375,264984900
2021-05-17,22336.099609375,22454.400390625,22214.099609375,22214.099609375,240371800
2021-05-18,22214.099609375,22426.099609375,22214.099609375,22332.599609375,265517700
2021-05-19,22332.599609375,22333.80078125,22093.400390625,22234.5,339703300
2021-05-20,22234.5,22392.099609375,22191.599609375,22392.0,354579500
2021-05-21,22392.0,22456.400390625,22284.69921875,22399.400390625,320225100
2021-05-24,22399.400390625,22486.900390625,22345.0,22483.69921875,230448500
2021-05-25,22483.69921875,22584.099609375,22438.900390625,22438.900390625,356091900
2021-05-26,22438.900390625,22659.5,22437.69921875,22640.099609375,333956600
2021-05-27,22640.099609375,22704.0,22635.69921875,22659.0,599501000
2021-05-28,22659.0,22768.400390625,22659.0,22684.0,305618100
2021-06-01,22684.0,22910.900390625,22684.0,22875.0,315442800
2021-06-02,22875.0,22974.400390625,22848.5,22933.30078125,298005300
2021-06-03,22933.30078125,22986.0,22757.0,22802.400390625,276318700
2021-06-04,22802.400390625,22849.19921875,22766.400390625,22832.69921875,234237500
2021-06-07,22832.69921875,22931.599609375,22801.0,22908.099609375,229126100
2021-06-08,22908.099609375,22955.5,22889.0,22895.5,257850700
2021-06-09,22895.5,22907.19921875,22733.30078125,22759.0,325565700
2021-06-10,22759.0,22793.099609375,22583.599609375,22608.80078125,300545600
2021-06-11,22608.80078125,22755.69921875,22607.80078125,22734.099609375,242183600
2021-06-14,22734.099609375,22864.400390625,22734.099609375,22744.5,267393500
2021-06-15,22744.5,22819.19921875,22631.69921875,22631.69921875,398128800
2021-06-16,22631.69921875,22748.5,22536.19921875,22617.69921875,381260900
2021-06-17,22617.69921875,22617.69921875,22456.19921875,22535.099609375,380689700
2021-06-18,22535.099609375,22632.5,22287.80078125,22324.19921875,1139786800
2021-06-21,22324.19921875,22457.099609375,22128.69921875,22457.099609375,403232200
2021-06-22,22457.099609375,22679.599609375,22454.30078125,22679.599609375,299212900
2021-06-23,22679.599609375,22717.099609375,22615.099609375,22659.400390625,258154100
2021-06-24,22659.400390625,22701.80078125,22510.099609375,22510.099609375,327803100
2021-06-25,22510.099609375,22646.0,22465.69921875,22646.0,240513000
2021-06-28,22646.0,22649.599609375,22533.400390625,22533.400390625,258822300
2021-06-29,22533.400390625,22655.80078125,22518.30078125,22542.19921875,324635600
2021-06-30,22542.19921875,22616.80078125,22376.0,22376.0,391590700
2021-07-01,22376.0,22635.30078125,22375.80078125,22622.5,347799500
2021-07-02,22622.5,22788.0,22622.5,22747.0,247029900
2021-07-05,22747.0,23022.400390625,22734.0,23022.400390625,284801000
2021-07-06,23022.400390625,23043.30078125,22863.0,22895.400390625,259937200
2021-07-07,22895.400390625,23024.69921875,22889.400390625,22970.19921875,279363600
2021-07-08,22970.19921875,22977.69921875,22600.5,22652.69921875,295694500
2021-07-09,22652.69921875,22928.80078125,22652.69921875,22909.30078125,332226500
2021-07-12,22909.30078125,22976.69921875,22836.0,22895.900390625,230925500
2021-07-13,22895.900390625,22971.69921875,22893.400390625,22926.80078125,233106100
2021-07-14,22926.80078125,22926.80078125,22745.900390625,22750.0,243798800
2021-07-15,22750.0,22750.0,22501.30078125,22501.30078125,321143500
2021-07-16,22501.30078125,22618.0,22460.69921875,22467.0,273130200
2021-07-19,22467.0,22467.0,21898.599609375,21940.900390625,361519900
2021-07-20,21940.900390625,22176.19921875,21936.900390625,22119.5,373977200
2021-07-21,22119.5,22582.099609375,22119.5,22542.0,277253000
2021-07-22,22542.0,22840.400390625,22538.099609375,22677.30078125,302919900
2021-07-23,22677.30078125,22926.0,22677.30078125,22883.400390625,238650600
2021-07-26,22883.400390625,22951.30078125,22809.400390625,22933.19921875,231691400
2021-07-27,22933.19921875,22953.5,22692.0,22877.0,270671100
2021-07-28,22877.0,23094.69921875,22871.400390625,23006.5,260739600
2021-07-29,23006.5,23091.5,22975.900390625,23050.5,280648000
2021-07-30,23050.5,23052.099609375,22863.0,22948.80078125,292835300
2021-08-02,22948.80078125,23306.099609375,22943.30078125,23208.69921875,241444900
2021-08-03,23208.69921875,23377.099609375,23151.0,23289.69921875,227389600
2021-08-04,23289.69921875,23394.5,23286.5,23347.69921875,282551800
2021-08-05,23347.69921875,23506.099609375,23287.30078125,23506.099609375,291340100
2021-08-06,23506.099609375,23526.80078125,23402.900390625,23456.19921875,261358200
2021-08-09,23456.19921875,23492.599609375,23378.19921875,23453.400390625,275169500
2021-08-10,23453.400390625,23587.599609375,23450.599609375,23572.099609375,248488200
2021-08-11,23572.099609375,23756.80078125,23570.099609375,23756.80078125,286424000
2021-08-12,23756.80078125,23800.5,23702.69921875,23746.80078125,261934100
2021-08-13,23746.80078125,23837.19921875,23746.80078125,23788.5,240327800
2021-08-16,23788.5,23788.5,23648.900390625,23712.69921875,300381200
2021-08-17,23712.69921875,23780.69921875,23590.400390625,23693.5,356573900
2021-08-18,23693.5,23841.0,23693.5,23836.400390625,289005500
2021-08-19,23836.400390625,23836.400390625,23520.5,23606.900390625,249128400
2021-08-20,23606.900390625,23779.099609375,23568.5,23750.900390625,248010200
2021-08-23,23750.900390625,23878.099609375,23740.5,23740.5,215101400
2021-08-24,23740.5,23888.19921875,23740.0,23886.0,249398200
2021-08-25,23886.0,24058.900390625,23886.0,23986.400390625,246904600
2021-08-26,23986.400390625,24004.400390625,23887.599609375,23952.400390625,204871800
2021-08-27,23952.400390625,24059.69921875,23952.400390625,24059.69921875,242698900
2021-08-31,24059.69921875,24143.5,24029.099609375,24102.19921875,301140700
2021-09-01,24102.19921875,24290.099609375,24102.19921875,24250.80078125,274855200
2021-09-02,24250.80078125,24252.400390625,24176.19921875,24226.30078125,248017400
2021-09-03,24226.30078125,24269.19921875,24143.80078125,24194.599609375,286604900
2021-09-06,24194.599609375,24286.400390625,24176.30078125,24248.400390625,204683800
2021-09-07,24248.400390625,24353.900390625,24097.5,24097.5,256526500
2021-09-08,24097.5,24097.5,23848.900390625,23848.900390625,276655600
2021-09-09,23848.900390625,23848.900390625,23657.400390625,23799.900390625,301364700
2021-09-10,23799.900390625,23863.30078125,23733.599609375,23733.599609375,246289300
2021-09-13,23733.599609375,23840.5,23731.30078125,23775.69921875,259612700
2021-09-14,23775.69921875,23832.19921875,23682.19921875,23687.30078125,301826000
2021-09-15,23687.30078125,23691.19921875,23432.80078125,23432.80078125,290969100
2021-09-16,23432.80078125,23649.19921875,23428.400390625,23632.80078125,294504500
2021-09-17,23632.80078125,23792.30078125,23591.900390625,23658.900390625,818665000
2021-09-20,23658.900390625,23660.5,23261.19921875,23401.69921875,332162200
2021-09-21,23401.69921875,23638.400390625,23401.69921875,23611.400390625,270847800
2021-09-22,23611.400390625,23842.400390625,23535.099609375,23784.5,241918800
2021-09-23,23784.5,23943.099609375,23784.5,23830.19921875,246038900
2021-09-24,23830.19921875,23831.80078125,23588.5,23608.80078125,263664700
2021-09-27,23608.80078125,23800.900390625,23596.0,23608.599609375,300717300
2021-09-28,23608.599609375,23636.099609375,23129.099609375,23129.099609375,346745900
2021-09-29,23129.099609375,23346.80078125,23128.30078125,23151.0,291548900
2021-09-30,23151.0,23335.400390625,23031.30078125,23031.30078125,366617400
2021-10-01,23031.30078125,23031.30078125,22716.0,22975.80078125,329780200
2021-10-04,22975.80078125,22985.900390625,22654.900390625,22654.900390625,286774500
2021-10-05,22654.900390625,22804.0,22650.900390625,22730.69921875,274965100
2021-10-06,22730.69921875,22730.69921875,22246.0,22386.599609375,331944000
2021-10-07,22386.599609375,22646.5,22382.0,22559.19921875,337236200
2021-10-08,22559.19921875,22709.69921875,22521.099609375,22536.19921875,256989600
2021-10-11,22536.19921875,22545.69921875,22351.599609375,22487.5,272094800
2021-10-12,22487.5,22487.5,22284.69921875,22468.900390625,339594500
2021-10-13,22468.900390625,22710.599609375,22395.099609375,22635.30078125,393479400
2021-10-14,22635.30078125,22887.69921875,22635.30078125,22860.400390625,330457100
2021-10-15,22860.400390625,22985.900390625,22860.400390625,22984.19921875,330391800
2021-10-18,22984.19921875,22999.19921875,22919.599609375,22968.69921875,261564900
2021-10-19,22968.69921875,23083.099609375,22966.0,23054.099609375,264736800
2021-10-20,23054.099609375,23078.30078125,22947.69921875,22966.69921875,315237000
2021-10-21,22966.69921875,22990.5,22856.900390625,22917.099609375,301550900
2021-10-22,22917.099609375,22976.900390625,22889.0,22931.69921875,287421100
2021-10-25,22931.69921875,23001.400390625,22921.0,22941.80078125,313086700
2021-10-26,22941.80078125,23162.900390625,22929.400390625,23161.30078125,328507000
2021-10-27,23161.30078125,23210.30078125,23110.599609375,23172.0,284569300
2021-10-28,23172.0,23241.400390625,23083.5,23199.900390625,228505700
2021-10-29,23199.900390625,23205.19921875,23043.400390625,23106.599609375,305431100
2021-11-01,23106.599609375,23257.599609375,23105.599609375,23211.19921875,224614200
2021-11-02,23211.19921875,23212.80078125,23140.0,23140.0,286996300
2021-11-03,23140.0,23166.69921875,23069.099609375,23117.0,274235900
2021-11-04,23117.0,23565.099609375,23117.0,23471.099609375,343582400
2021-11-05,23471.099609375,23722.099609375,23469.80078125,23596.80078125,288216800
2021-11-08,23596.80078125,23669.80078125,23528.400390625,23539.900390625,252928300
2021-11-09,23539.900390625,23607.599609375,23367.099609375,23367.099609375,325047400
2021-11-10,23367.099609375,23474.599609375,23367.099609375,23433.30078125,387955400
2021-11-11,23433.30078125,23584.099609375,23407.099609375,23574.099609375,326112900
2021-11-12,23574.099609375,23600.0,23493.400390625,23557.5,269091200
2021-11-15,23557.5,23670.69921875,23532.099609375,23621.599609375,246453300
2021-11-16,23621.599609375,23661.30078125,23531.5,23539.69921875,305429400
2021-11-17,23539.69921875,23559.19921875,23379.19921875,23434.099609375,351040200
2021-11-18,23434.099609375,23574.599609375,23417.69921875,23574.599609375,254166000
2021-11-19,23574.599609375,23669.5,23408.099609375,23492.5,357129100
2021-11-22,23492.5,23590.099609375,23401.5,23429.69921875,280237200
2021-11-23,23429.69921875,23431.19921875,23183.0,23221.599609375,282446200
2021-11-24,23221.599609375,23271.099609375,23078.69921875,23167.099609375,253051000
2021-11-25,23167.099609375,23304.5,23167.099609375,23280.0,256444400
2021-11-26,23280.0,23280.0,22537.900390625,22537.900390625,414684500
2021-11-29,22537.900390625,22933.099609375,22537.900390625,22756.30078125,357484400
2021-11-30,22756.30078125,22757.19921875,22453.599609375,22519.69921875,646689900
2021-12-01,22519.69921875,22919.099609375,22519.69921875,22912.69921875,425228500
2021-12-02,22912.69921875,22912.69921875,22642.900390625,22684.80078125,1231878300
2021-12-03,22684.80078125,22852.19921875,22598.599609375,22646.099609375,250181900
2021-12-06,22646.099609375,22887.80078125,22641.69921875,22881.30078125,224874700
2021-12-07,22881.30078125,23268.30078125,22881.30078125,23238.19921875,282605500
2021-12-08,23238.19921875,23378.5,23192.30078125,23229.900390625,317785600
2021-12-09,23230.400390625,23328.80078125,23122.69921875,23148.0,302340700
2021-12-10,23148.0,23151.5,22916.400390625,22927.69921875,266238000
2021-12-13,22927.69921875,22981.69921875,22647.19921875,22647.19921875,285978900
2021-12-14,22647.19921875,22802.099609375,22550.69921875,22550.69921875,412971900
2021-12-15,22550.69921875,22586.19921875,22433.69921875,22433.900390625,504753500
2021-12-16,22433.900390625,22787.400390625,22433.900390625,22648.0,303288900
2021-12-17,22648.0,22796.0,22607.19921875,22780.400390625,642794400
2021-12-20,22780.400390625,22780.400390625,22306.099609375,22549.900390625,224442100
2021-12-21,22549.900390625,22863.30078125,22549.900390625,22820.30078125,239671400
2021-12-22,22820.30078125,23080.80078125,22705.0,23080.80078125,223027500
2021-12-23,23080.80078125,23300.099609375,23078.900390625,23266.80078125,171202600
2021-12-24,23266.80078125,23336.099609375,23258.400390625,23270.400390625,56767700
2021-12-29,23270.400390625,23620.099609375,23270.400390625,23517.30078125,216205400
2021-12-30,23517.30078125,23555.599609375,23469.900390625,23539.599609375,129687000
2021-12-31,23539.599609375,23555.19921875,23478.69921875,23480.80078125,75571200
2022-01-04,23480.80078125,24006.599609375,23480.80078125,23896.69921875,354790500
2022-01-05,23896.69921875,23943.69921875,23754.19921875,23771.19921875,276126200
2022-01-06,23771.19921875,23771.19921875,23319.900390625,23416.900390625,281142000
2022-01-07,23416.900390625,23429.19921875,23244.5,23353.30078125,214578800
2022-01-10,23353.30078125,23419.900390625,22955.400390625,23001.80078125,286391000
2022-01-11,23001.80078125,23220.80078125,22995.900390625,23028.19921875,297885100
2022-01-12,23028.19921875,23183.19921875,23027.099609375,23047.19921875,250191000
2022-01-13,23047.19921875,23066.5,22948.099609375,22958.5,309264700
2022-01-14,22958.5,22960.099609375,22732.900390625,22743.400390625,258756700
2022-01-17,22743.400390625,22933.099609375,22722.0,22871.599609375,266255200
2022-01-18,22871.599609375,22873.5,22562.69921875,22652.69921875,369452600
2022-01-19,22652.69921875,22750.30078125,22499.5,22655.0,355693200
2022-01-20,22655.0,22745.19921875,22645.099609375,22715.0,303238200
2022-01-21,22715.0,22715.0,22137.5,22263.19921875,321107700
2022-01-24,22263.19921875,22263.19921875,21349.69921875,21452.5,460038000
2022-01-25,21452.5,21805.69921875,21449.30078125,21645.69921875,324547800
2022-01-26,21645.69921875,22039.900390625,21645.69921875,21873.099609375,276980600
2022-01-27,21873.099609375,21919.0,21574.5,21854.599609375,292415700
2022-01-28,21854.599609375,21861.0,21568.599609375,21643.30078125,416073200
2022-01-31,21643.30078125,21949.19921875,21643.30078125,21926.599609375,313058400
2022-02-01,21926.599609375,22269.30078125,21926.599609375,22167.900390625,318186400
2022-02-02,22167.900390625,22416.80078125,22167.900390625,22249.400390625,265663300
2022-02-03,22249.400390625,22275.80078125,21967.80078125,21967.80078125,256045300
2022-02-04,21967.80078125,22100.0,21712.0,21712.0,225938100
2022-02-07,21712.0,21875.099609375,21710.30078125,21797.30078125,236023900
2022-02-08,21797.30078125,21886.099609375,21698.0,21787.5,256749300
2022-02-09,21787.5,22241.900390625,21784.900390625,22184.0,307539600
2022-02-10,22184.0,22305.30078125,22050.19921875,22207.80078125,307137800
2022-02-11,22207.80078125,22207.80078125,21941.099609375,22048.69921875,248217900
2022-02-14,22048.69921875,22048.69921875,21509.0,21617.900390625,364715200
2022-02-15,21617.900390625,21882.599609375,21539.099609375,21852.5,292283600
2022-02-16,21852.5,21936.599609375,21750.599609375,21828.900390625,349336700
2022-02-17,21828.900390625,21879.599609375,21540.900390625,21557.599609375,270538700
2022-02-18,21557.599609375,21606.5,21352.099609375,21362.599609375,294292400
2022-02-21,21362.599609375,21484.599609375,21018.099609375,21097.19921875,338765500
2022-02-22,21097.19921875,21136.69921875,20709.099609375,20993.30078125,340283500
2022-02-23,20993.30078125,21227.69921875,20838.900390625,20841.5,300228400
2022-02-24,20841.5,20841.5,20091.80078125,20254.400390625,468814400
2022-02-25,20251.900390625,20906.80078125,20251.900390625,20906.80078125,503156800
2022-02-28,20906.80078125,21081.099609375,20689.0,21081.099609375,503025400
2022-03-01,21081.099609375,21134.19921875,20500.599609375,20500.599609375,385681000
2022-03-02,20500.599609375,20808.400390625,20414.400390625,20775.80078125,474730500
2022-03-03,20775.80078125,20892.80078125,20079.69921875,20079.69921875,596949800
2022-03-04,20079.69921875,20087.80078125,19377.5,19387.69921875,876486300
2022-03-07,19387.69921875,19451.900390625,18508.30078125,19169.80078125,582293900
2022-03-08,19169.80078125,19429.599609375,19007.900390625,19217.599609375,606691700
2022-03-09,19217.599609375,20069.19921875,19217.599609375,20069.19921875,574135100
2022-03-10,20069.19921875,20195.5,19888.0,19955.599609375,493388900
2022-03-11,19955.599609375,20498.099609375,19953.19921875,20206.599609375,431820900
2022-03-14,20206.599609375,20544.900390625,20206.599609375,20471.30078125,356163600
2022-03-15,20471.30078125,20471.30078125,20117.5,20257.69921875,382159100
2022-03-16,20257.69921875,20952.900390625,20257.69921875,20905.5,669260700
2022-03-17,20905.5,21089.19921875,20850.0,20975.69921875,497113500
2022-03-18,20975.69921875,21156.599609375,20796.599609375,21156.599609375,1083016200
2022-03-21,21156.599609375,21161.69921875,20913.69921875,21006.599609375,271811700
2022-03-22,21006.599609375,21160.5,21006.0,21112.599609375,357051300
2022-03-23,21112.599609375,21151.099609375,20954.5,21001.599609375,311732500
2022-03-24,21001.599609375,21005.69921875,20826.19921875,20893.19921875,335771200
2022-03-25,20893.19921875,21053.400390625,20865.0,20956.19921875,292276900
2022-03-28,20956.19921875,21143.400390625,20951.599609375,21070.0,343455200
2022-03-29,21070.0,21492.0,21070.0,21492.0,430629900
2022-03-30,21492.0,21492.0,21185.099609375,21272.5,315594400
2022-03-31,21272.5,21438.80078125,21160.099609375,21160.099609375,363616800
2022-04-01,21160.099609375,21315.30078125,21160.099609375,21218.0,285472000
2022-04-04,21218.0,21349.599609375,21192.19921875,21329.900390625,245289100
2022-04-05,21329.900390625,21411.30078125,21168.80078125,21357.0,332358400
2022-04-06,21357.0,21413.0,20993.900390625,21100.69921875,332111300
2022-04-07,21100.69921875,21232.80078125,21003.19921875,21037.80078125,288530500
2022-04-08,21037.80078125,21206.19921875,21033.30078125,21174.30078125,289860200
2022-04-11,21174.30078125,21201.900390625,21056.80078125,21115.099609375,286308600
2022-04-12,21115.099609375,21116.099609375,20910.400390625,21009.599609375,313442000
2022-04-13,21009.599609375,21022.5,20875.599609375,20984.5,271846600
2022-04-14,20984.5,21121.599609375,20935.0,21121.599609375,296932000
2022-04-19,21121.599609375,21125.400390625,20864.599609375,20962.19921875,244865800
2022-04-20,20962.19921875,21084.0,20896.599609375,21084.0,313574500
2022-04-21,21084.0,21313.5,21074.599609375,21159.69921875,283787700
2022-04-22,21159.69921875,21159.69921875,20881.80078125,20881.80078125,281050700
2022-04-25,20881.80078125,20881.80078125,20449.69921875,20599.19921875,316577100
2022-04-26,20599.19921875,20771.099609375,20492.099609375,20492.099609375,309309500
2022-04-27,20492.099609375,20565.099609375,20325.900390625,20437.80078125,279998500
2022-04-28,20437.80078125,20712.19921875,20435.69921875,20619.599609375,261858300
2022-04-29,20619.599609375,20877.19921875,20619.599609375,20708.69921875,297696800
2022-05-03,20708.69921875,20726.099609375,20520.80078125,20520.80078125,362147800
2022-05-04,20520.80078125,20582.69921875,20211.80078125,20219.5,307459900
2022-05-05,20219.5,20563.400390625,20090.0,20090.0,383820400
2022-05-06,20090.0,20100.099609375,19685.0,19819.69921875,396185400
2022-05-09,19819.69921875,19826.5,19306.69921875,19306.69921875,309240500
2022-05-10,19306.69921875,19583.5,19306.69921875,19385.0,309001500
2022-05-11,19385.0,19711.900390625,19385.0,19647.19921875,428840500
2022-05-12,19647.19921875,19647.19921875,19235.599609375,19480.900390625,311600300
2022-05-13,19480.900390625,19921.900390625,19480.900390625,19921.900390625,251036300
2022-05-16,19921.900390625,19989.400390625,19781.400390625,19924.099609375,241846800
2022-05-17,19924.099609375,20162.099609375,19922.80078125,20065.599609375,439117300
2022-05-18,20065.599609375,20241.19921875,19949.400390625,19949.400390625,350206100
2022-05-19,19949.400390625,19949.400390625,19394.599609375,19689.0,357133500
2022-05-20,19689.0,20047.900390625,19686.80078125,19836.0,300918300
2022-05-23,19836.0,20146.19921875,19836.0,20146.19921875,302451300
2022-05-24,20146.19921875,20146.19921875,19811.69921875,19849.80078125,473184200
2022-05-25,19849.80078125,20019.5,19806.599609375,19934.0,298249800
2022-05-26,19934.0,20274.80078125,19918.69921875,20248.69921875,333654500
2022-05-27,20248.69921875,20393.0,20218.30078125,20372.5,292332300
2022-05-30,20372.5,20646.30078125,20372.5,20546.900390625,249765300
2022-05-31,20546.900390625,20549.80078125,20390.900390625,20418.0,449661100
2022-06-01,20418.0,20539.80078125,20262.099609375,20272.900390625,308586700
2022-06-06,20272.900390625,20565.80078125,20272.900390625,20506.80078125,276244400
2022-06-07,20506.80078125,20506.80078125,20277.599609375,20399.400390625,375592300
2022-06-08,20399.400390625,20462.19921875,20287.5,20311.0,294808800
2022-06-09,20311.0,20311.0,20073.400390625,20073.400390625,315506800
2022-06-10,20073.400390625,20073.80078125,19670.69921875,19673.30078125,314104400
2022-06-13,19673.30078125,19673.30078125,19112.0,19160.19921875,306392500
2022-06-14,19160.19921875,19331.099609375,18980.900390625,19045.0,396635000
2022-06-15,19045.0,19368.30078125,19044.5,19316.0,430608000
2022-06-16,19316.0,19316.400390625,18727.5,18727.5,562929800
2022-06-17,18727.5,19084.5,18704.19921875,18925.900390625,775453500
2022-06-20,18925.900390625,19019.80078125,18909.30078125,19010.80078125,263576900
2022-06-21,19010.80078125,19144.599609375,18948.5,18949.099609375,266090000
2022-06-22,18949.099609375,18955.599609375,18629.69921875,18891.19921875,387675100
2022-06-23,18891.19921875,18891.30078125,18653.5,18693.0,262632000
2022-06-24,18693.0,19127.30078125,18693.0,19123.69921875,276150100
2022-06-27,19123.69921875,19397.400390625,19120.0,19319.0,280520400
2022-06-28,19319.0,19450.5,19299.900390625,19351.30078125,299357800
2022-06-29,19351.30078125,19351.30078125,19000.69921875,19038.80078125,259001600
2022-06-30,19038.80078125,19038.80078125,18449.80078125,18666.80078125,368123800
2022-07-01,18666.80078125,18767.5,18523.900390625,18637.0,268057900
2022-07-04,18637.0,18750.19921875,18587.400390625,18593.0,227652900
2022-07-05,18593.0,18704.900390625,18288.5,18315.30078125,290100300
2022-07-06,18315.30078125,18675.30078125,18315.30078125,18594.5,344145200
2022-07-07,18594.5,18892.5,18594.5,18875.5,280654000
2022-07-08,18875.5,18951.80078125,18770.5,18913.0,323629700
2022-07-11,18913.0,18914.80078125,18702.69921875,18837.0,277634900
2022-07-12,18837.0,18879.400390625,18620.80078125,18855.0,327137000
2022-07-13,18855.0,18905.19921875,18613.099609375,18711.400390625,264360200
2022-07-14,18711.400390625,18742.80078125,18408.5,18480.69921875,268104400
2022-07-15,18480.69921875,18833.80078125,18473.19921875,18833.80078125,256894500
2022-07-18,18833.80078125,19022.19921875,18833.400390625,19015.19921875,227121800
2022-07-19,19015.19921875,19282.80078125,18907.69921875,19282.599609375,271682200
2022-07-20,19282.599609375,19444.5,19259.5,19399.80078125,257436600
2022-07-21,19399.80078125,19709.19921875,19379.69921875,19709.19921875,295371500
2022-07-22,19709.19921875,19938.900390625,19661.69921875,19824.80078125,357992900
2022-07-25,19824.80078125,19878.400390625,19673.900390625,19803.0,267124900
2022-07-26,19803.0,19808.099609375,19548.80078125,19568.80078125,257703500
2022-07-27,19568.80078125,19698.80078125,19549.5,19639.099609375,287621700
2022-07-28,19639.099609375,19855.19921875,19626.0,19855.19921875,375921400
2022-07-29,19855.19921875,20214.599609375,19843.69921875,20164.900390625,296771600
2022-08-01,20159.099609375,20225.900390625,20009.19921875,20079.19921875,234730100
2022-08-02,20079.19921875,20079.19921875,19847.900390625,19874.099609375,273260700
2022-08-03,19874.099609375,20018.80078125,19814.69921875,20018.80078125,393398500
2022-08-04,20018.80078125,20201.099609375,19992.5,20155.80078125,365050700
2022-08-05,20155.80078125,20183.69921875,20019.900390625,20051.5,240505200
2022-08-08,20051.5,20185.400390625,20031.5,20118.400390625,210662900
2022-08-09,20118.400390625,20136.900390625,19888.5,19912.400390625,251368000
2022-08-10,19912.400390625,20300.900390625,19845.80078125,20298.0,250068500
2022-08-11,20298.0,20376.400390625,20216.400390625,20245.400390625,247270500
2022-08-12,20245.400390625,20345.599609375,20206.099609375,20339.0,204940500
2022-08-15,20339.0,20394.5,20327.099609375,20382.80078125,213744200
2022-08-16,20382.80078125,20467.0,20298.5,20336.400390625,242300000
2022-08-17,20336.400390625,20383.099609375,19996.5,20027.0,262589200
2022-08-18,20027.0,20136.69921875,20007.69921875,20136.69921875,210232700
2022-08-19,20136.69921875,20137.69921875,19887.80078125,19887.80078125,319966400
2022-08-22,19887.80078125,19892.69921875,19495.599609375,19499.30078125,268617500
2022-08-23,19499.30078125,19506.0,19283.5,19306.900390625,319377400
2022-08-24,19306.900390625,19307.0,19152.400390625,19305.19921875,266278900
2022-08-25,19305.19921875,19388.400390625,19226.900390625,19257.900390625,246419100
2022-08-26,19257.900390625,19416.400390625,19166.900390625,19169.69921875,259130000
2022-08-30,19169.69921875,19383.599609375,19103.099609375,19149.69921875,305117500
2022-08-31,19149.69921875,19182.5,19000.0,19063.80078125,349373800
2022-09-01,19063.80078125,19067.5,18493.69921875,18493.69921875,297753900
2022-09-02,18493.69921875,18853.19921875,18491.19921875,18853.19921875,325249800
2022-09-05,18853.19921875,18853.19921875,18570.19921875,18629.69921875,274859800
2022-09-06,18629.69921875,18933.0,18617.69921875,18820.80078125,333577900
2022-09-07,18820.80078125,18854.19921875,18712.900390625,18811.5,305427900
2022-09-08,18811.5,18918.900390625,18675.599609375,18878.30078125,312758300
2022-09-09,18878.30078125,19213.099609375,18878.30078125,19188.0,259134500
2022-09-12,19188.0,19518.30078125,19188.0,19513.900390625,303875100
2022-09-13,19513.900390625,19615.5,19167.19921875,19167.19921875,353258600
2022-09-14,19167.19921875,19167.900390625,18788.599609375,18849.19921875,392446700
2022-09-15,18849.19921875,18968.400390625,18818.30078125,18886.30078125,323826600
2022-09-16,18886.30078125,18886.80078125,18737.400390625,18797.099609375,973068100
2022-09-20,18797.099609375,18868.900390625,18481.599609375,18528.099609375,320624300
2022-09-21,18528.099609375,18714.69921875,18480.19921875,18714.69921875,437186100
2022-09-22,18714.69921875,18714.69921875,18331.69921875,18331.69921875,276684500
2022-09-23,18331.69921875,18346.5,17880.30078125,17972.69921875,415470600
2022-09-26,17972.69921875,17976.69921875,17653.599609375,17722.80078125,367238600
2022-09-27,17722.80078125,17874.80078125,17304.099609375,17304.099609375,459667100
2022-09-28,17304.099609375,17321.0,16779.400390625,17321.0,602056900
2022-09-29,17321.0,17326.599609375,16650.80078125,16790.400390625,484508200
2022-09-30,16790.400390625,17168.599609375,16714.69921875,17168.30078125,513742200
2022-10-03,17168.30078125,17303.900390625,16964.400390625,17284.900390625,357431100
2022-10-04,17284.900390625,17822.19921875,17284.900390625,17822.19921875,375406300
2022-10-05,17822.19921875,17822.19921875,17486.599609375,17562.400390625,363968400
2022-10-06,17562.400390625,17685.30078125,17529.19921875,17632.599609375,339012700
2022-10-07,17632.599609375,17666.900390625,17309.80078125,17353.30078125,276398000
2022-10-10,17353.30078125,17353.5,17125.30078125,17125.30078125,291973400
2022-10-11,17125.30078125,17127.900390625,16840.30078125,16904.099609375,271987300
2022-10-12,16904.099609375,16904.80078125,16578.80078125,16611.19921875,383787100
2022-10-13,16611.19921875,17114.599609375,16520.5,16929.30078125,493313100
2022-10-14,16929.30078125,17347.30078125,16929.30078125,17032.80078125,368340800
2022-10-17,17032.80078125,17535.69921875,17032.80078125,17502.80078125,348681300
2022-10-18,17502.80078125,17712.599609375,17464.19921875,17529.30078125,396798000
2022-10-19,17529.30078125,17554.30078125,17213.599609375,17247.599609375,295213600
2022-10-20,17247.599609375,17449.19921875,17159.099609375,17388.900390625,420761500
2022-10-21,17388.900390625,17388.900390625,17033.099609375,17206.599609375,292487300
2022-10-24,17206.599609375,17439.099609375,17206.599609375,17337.599609375,274670000
2022-10-25,17337.599609375,17831.599609375,17337.599609375,17831.599609375,358640100
2022-10-26,17831.599609375,18105.900390625,17768.30078125,18105.900390625,412995900
2022-10-27,18105.900390625,18179.19921875,17991.5,18081.900390625,261724800
2022-10-28,18081.900390625,18081.900390625,17823.400390625,17916.69921875,260208300
2022-10-31,17916.69921875,17965.900390625,17830.30078125,17889.900390625,251107200
2022-11-01,17889.900390625,18348.80078125,17889.900390625,18195.900390625,368122700
2022-11-02,18195.900390625,18266.0,18107.30078125,18217.80078125,343165600
2022-11-03,18217.80078125,18217.80078125,17938.099609375,18109.599609375,250326800
2022-11-04,18109.599609375,18409.099609375,18109.599609375,18341.599609375,290716200
2022-11-07,18341.599609375,18670.69921875,18312.599609375,18559.599609375,350951500
2022-11-08,18559.599609375,18697.900390625,18484.400390625,18697.900390625,326010800
2022-11-09,18697.900390625,18697.900390625,18544.69921875,18649.0,250609900
2022-11-10,18649.0,19377.19921875,18560.19921875,19377.19921875,358630400
2022-11-11,19377.19921875,19721.599609375,19377.19921875,19616.19921875,401093500
2022-11-14,19616.19921875,19649.69921875,19296.900390625,19622.30078125,288446000
2022-11-15,19622.30078125,19631.80078125,19432.30078125,19455.900390625,289415400
2022-11-16,19455.900390625,19459.5,19027.0,19112.400390625,329857100
2022-11-17,19112.400390625,19148.400390625,19009.30078125,19122.30078125,250193800
2022-11-18,19122.30078125,19300.099609375,19082.19921875,19283.099609375,292197300
2022-11-21,19283.099609375,19442.599609375,19131.69921875,19413.400390625,257386900
2022-11-22,19413.400390625,19493.80078125,19345.69921875,19422.400390625,248629300
2022-11-23,19422.400390625,19508.599609375,19355.69921875,19500.5,275592700
2022-11-24,19500.5,19645.30078125,19498.30078125,19540.30078125,243917400
2022-11-25,19540.30078125,19549.69921875,19393.599609375,19545.69921875,286723500
2022-11-28,19545.69921875,19546.0,19284.19921875,19292.400390625,283509500
2022-11-29,19292.400390625,19363.30078125,19186.19921875,19186.19921875,276221600
2022-11-30,19186.19921875,19282.80078125,19159.80078125,19163.30078125,561242300
2022-12-01,19163.30078125,19428.599609375,19163.30078125,19409.400390625,341436800
2022-12-02,19409.400390625,19536.69921875,19252.19921875,19363.30078125,302544400
2022-12-05,19363.30078125,19471.099609375,19304.400390625,19329.599609375,210284900
2022-12-06,19329.599609375,19329.80078125,19100.099609375,19100.099609375,270160600
2022-12-07,19100.099609375,19107.5,18930.599609375,18930.599609375,340498700
2022-12-08,18930.599609375,18957.900390625,18824.0,18824.0,224093100
2022-12-09,18824.0,18928.099609375,18773.19921875,18916.0,234615200
2022-12-12,18916.0,18917.099609375,18729.599609375,18819.400390625,229711800
2022-12-13,18819.400390625,19296.400390625,18793.80078125,19086.30078125,420778900
2022-12-14,19086.30078125,19086.30078125,18972.30078125,19037.900390625,298070900
2022-12-15,19037.900390625,19038.900390625,18835.400390625,18893.80078125,272979400
2022-12-16,18893.80078125,18893.80078125,18499.099609375,18588.5,860855200
2022-12-19,18588.5,18752.599609375,18548.400390625,18649.0,186939200
2022-12-20,18649.0,18650.599609375,18442.099609375,18544.80078125,280330700
2022-12-21,18544.80078125,18866.30078125,18540.69921875,18863.69921875,311670200
2022-12-22,18863.69921875,18952.900390625,18732.19921875,18762.099609375,179946400
2022-12-23,18762.099609375,18875.400390625,18733.5,18830.099609375,67885800
2022-12-28,18830.099609375,18934.69921875,18830.099609375,18885.5,138557400
2022-12-29,18885.5,18996.5,18742.19921875,18996.5,173801300
2022-12-30,18996.5,19017.0,18853.0,18853.0,73302400
2023-01-03,18853.0,19266.30078125,18853.0,19134.30078125,333452000
2023-01-04,19134.30078125,19405.400390625,19134.19921875,19391.099609375,309323000
2023-01-05,19391.099609375,19544.900390625,19342.0,19463.400390625,258570500
2023-01-06,19463.400390625,19525.69921875,19374.5,19504.69921875,214215600
2023-01-09,19504.69921875,19609.5,19366.80078125,19479.400390625,255679300
2023-01-10,19479.400390625,19485.400390625,19364.099609375,19391.0,245156300
2023-01-11,19391.0,19609.80078125,19317.400390625,19521.69921875,296963500
2023-01-12,19521.69921875,19841.099609375,19521.599609375,19841.099609375,301875400
2023-01-13,19841.099609375,19965.30078125,19816.599609375,19952.80078125,274180800
2023-01-16,19952.80078125,20130.0,19934.599609375,20082.30078125,232604700
2023-01-17,20082.30078125,20084.19921875,19914.19921875,19948.0,345381500
2023-01-18,19948.0,20017.099609375,19890.900390625,19890.900390625,279980800
2023-01-19,19890.900390625,19896.0,19574.099609375,19574.099609375,335225900
2023-01-20,19574.099609375,19727.69921875,19573.19921875,19702.599609375,261494800
2023-01-23,19702.599609375,19824.5,19700.900390625,19801.69921875,287606600
2023-01-24,19801.69921875,19920.400390625,19801.19921875,19855.30078125,301032400
2023-01-25,19855.30078125,19997.0,19723.80078125,19804.0,281515300
2023-01-26,19804.0,19992.19921875,19796.19921875,19915.5,345609700
2023-01-27,19915.5,20035.400390625,19881.19921875,20035.400390625,279195300
2023-01-30,20035.400390625,20035.400390625,19799.19921875,19937.19921875,279192900
2023-01-31,19937.19921875,19940.69921875,19738.900390625,19853.5,376111000
2023-02-01,19853.5,20020.400390625,19832.69921875,19898.5,287775300
2023-02-02,19898.5,20614.69921875,19890.30078125,20614.69921875,401359300
2023-02-03,20614.69921875,20614.80078125,20437.0,20593.5,254773800
2023-02-06,20593.5,20593.599609375,20304.30078125,20409.400390625,232964300
2023-02-07,20409.400390625,20424.400390625,20118.19921875,20189.0,316402000
2023-02-08,20189.0,20526.69921875,20189.0,20303.80078125,292789500
2023-02-09,20303.80078125,20410.0,20277.30078125,20277.30078125,289365200
2023-02-10,20277.30078125,20282.599609375,19938.400390625,20030.099609375,265016400
2023-02-13,20030.099609375,20133.69921875,20013.099609375,20124.5,207346000
2023-02-14,20124.5,20219.19921875,20018.19921875,20018.19921875,246240800
2023-02-15,20018.19921875,20173.099609375,19991.69921875,20172.599609375,262044400
2023-02-16,20172.599609375,20324.0,20059.80078125,20181.5,238531900
2023-02-17,20181.5,20185.19921875,19986.80078125,20088.900390625,254213200
2023-02-20,20088.900390625,20157.5,20045.400390625,20098.400390625,243895700
2023-02-21,20098.400390625,20107.599609375,19850.900390625,19850.900390625,309734100
2023-02-22,19850.900390625,19855.400390625,19588.099609375,19680.30078125,245184600
2023-02-23,19680.30078125,19883.099609375,19674.80078125,19790.5,282263100
2023-02-24,19790.5,19880.599609375,19675.80078125,19696.5,294896400
2023-02-27,19696.5,19895.80078125,19696.30078125,19886.099609375,238093800
2023-02-28,19886.099609375,19903.30078125,19791.80078125,19903.30078125,407461100
2023-03-01,19903.30078125,19991.80078125,19842.099609375,19870.599609375,307450300
2023-03-02,19870.599609375,19938.599609375,19797.599609375,19851.69921875,337441700
2023-03-03,19851.69921875,19953.19921875,19848.400390625,19925.80078125,309798200
2023-03-06,19925.80078125,20064.099609375,19908.69921875,20064.099609375,234018100
2023-03-07,20064.099609375,20123.099609375,19947.69921875,19956.599609375,377612900
2023-03-08,19956.599609375,19956.599609375,19796.599609375,19852.0,307834100
2023-03-09,19852.0,19858.19921875,19590.19921875,19692.900390625,372778100
2023-03-10,19692.900390625,19692.900390625,19262.400390625,19357.5,321508000
2023-03-13,19357.5,19426.69921875,18769.900390625,18825.099609375,474548000
2023-03-14,18825.099609375,19152.30078125,18757.5,19129.69921875,307093000
2023-03-15,19129.69921875,19136.900390625,18536.900390625,18625.900390625,478391700
2023-03-16,18625.900390625,18874.30078125,18564.80078125,18758.599609375,361072400
2023-03-17,18758.599609375,18918.900390625,18412.0,18470.80078125,702741400
2023-03-20,18470.80078125,18580.900390625,18058.0,18495.099609375,282729100
2023-03-21,18495.099609375,18808.099609375,18495.099609375,18779.099609375,276747400
2023-03-22,18779.099609375,18794.0,18677.69921875,18757.80078125,314796400
2023-03-23,18757.80078125,18776.0,18632.19921875,18730.0,258707400
2023-03-24,18730.0,18730.0,18393.5,18493.80078125,342435800
2023-03-27,18493.80078125,18646.69921875,18493.80078125,18529.599609375,321650500
2023-03-28,18529.599609375,18637.69921875,18327.5,18396.69921875,270836600
2023-03-29,18396.69921875,18632.80078125,18396.69921875,18632.80078125,303662200
2023-03-30,18632.80078125,18912.5,18632.80078125,18907.69921875,296481300
2023-03-31,18907.69921875,18970.19921875,18847.5,18928.30078125,324959100
2023-04-03,18928.30078125,18975.599609375,18829.0,18879.400390625,286287700
2023-04-04,18879.400390625,18990.80078125,18815.0,18815.0,286758800
2023-04-05,18815.0,18865.900390625,18544.099609375,18601.400390625,280047800
2023-04-06,18601.400390625,18797.0,18528.30078125,18797.0,244644100
2023-04-11,18797.0,18993.400390625,18797.0,18956.099609375,235795600
2023-04-12,18956.099609375,19090.900390625,18905.69921875,19002.69921875,301555700
2023-04-13,19002.69921875,19085.69921875,18967.0,19070.099609375,307616200
2023-04-14,19070.099609375,19336.099609375,19068.69921875,19242.69921875,241515400
2023-04-17,19242.69921875,19395.599609375,19242.5,19286.900390625,271268600
2023-04-18,19286.900390625,19375.0,19257.30078125,19296.30078125,236989000
2023-04-19,19296.30078125,19297.0,19132.69921875,19200.900390625,252964000
2023-04-20,19200.900390625,19230.900390625,19111.19921875,19135.900390625,248940500
2023-04-21,19135.900390625,19270.0,19076.80078125,19270.0,311416300
2023-04-24,19270.0,19331.900390625,19218.5,19226.900390625,233282600
2023-04-25,19226.900390625,19234.599609375,19113.5,19215.400390625,247517700
2023-04-26,19215.400390625,19216.80078125,19087.599609375,19208.0,246577000
2023-04-27,19208.0,19292.900390625,19133.900390625,19248.0,246807300
2023-04-28,19248.0,19425.099609375,19229.5,19425.099609375,308151100
2023-05-02,19425.099609375,19553.900390625,19314.19921875,19314.19921875,232927800
2023-05-03,19314.19921875,19433.5,19311.0,19365.599609375,257279300
2023-05-04,19365.599609375,19390.69921875,19220.30078125,19244.900390625,289806500
2023-05-05,19244.900390625,19459.30078125,19237.900390625,19452.5,221230500
2023-05-09,19452.5,19465.900390625,19233.19921875,19277.0,307009200
2023-05-10,19277.0,19316.19921875,19226.0,19273.30078125,277644300
2023-05-11,19273.30078125,19330.599609375,19169.400390625,19266.30078125,291320200
2023-05-12,19266.30078125,19303.80078125,19188.400390625,19188.400390625,207944500
2023-05-15,19188.400390625,19264.30078125,19183.30078125,19258.80078125,235207600
2023-05-16,19258.80078125,19317.69921875,19209.400390625,19272.69921875,245555000
2023-05-17,19272.69921875,19272.69921875,19142.30078125,19215.5,276233200
2023-05-18,19215.5,19321.69921875,19214.69921875,19298.30078125,234396300
2023-05-19,19298.30078125,19349.599609375,19281.900390625,19289.099609375,234544800
2023-05-22,19289.099609375,19311.900390625,19240.400390625,19273.30078125,317342600
2023-05-23,19273.30078125,19335.900390625,19199.400390625,19208.30078125,248470400
2023-05-24,19208.30078125,19210.599609375,18878.5,18931.19921875,312123000
2023-05-25,18931.19921875,18950.099609375,18807.80078125,18840.80078125,224880200
2023-05-26,18840.80078125,18892.900390625,18776.0,18794.099609375,240154000
2023-05-30,18794.099609375,18924.80078125,18794.099609375,18807.400390625,304321400
2023-05-31,18807.400390625,18833.80078125,18688.599609375,18722.900390625,477679200
2023-06-01,18722.900390625,18856.30078125,18721.099609375,18827.80078125,235113000
2023-06-02,18827.80078125,19149.30078125,18825.19921875,19149.30078125,254882200
2023-06-05,19149.30078125,19298.80078125,19109.80078125,19113.599609375,200441100
2023-06-06,19113.599609375,19220.400390625,19076.5,19217.19921875,197760700
2023-06-07,19217.19921875,19241.30078125,19138.5,19152.30078125,228732200
2023-06-08,19152.30078125,19168.599609375,19076.5,19107.599609375,220654000
2023-06-09,19107.599609375,19107.599609375,18970.400390625,19091.69921875,240512900
2023-06-12,19091.69921875,19205.80078125,19091.5,19190.80078125,242126400
2023-06-13,19190.80078125,19239.099609375,19147.80078125,19188.5,260607500
2023-06-14,19188.5,19230.5,19156.30078125,19175.5,398113100
2023-06-15,19175.5,19224.69921875,18963.900390625,19039.400390625,247183300
2023-06-16,19039.400390625,19169.900390625,19015.099609375,19030.900390625,597833200
2023-06-19,19030.900390625,19030.900390625,18841.69921875,18854.30078125,325446000
2023-06-20,18854.30078125,18854.599609375,18718.0,18746.19921875,237850600
2023-06-21,18746.19921875,18746.80078125,18569.900390625,18571.5,300947100
2023-06-22,18571.5,18571.5,18241.099609375,18328.0,245261800
2023-06-23,18328.0,18330.400390625,18062.30078125,18062.30078125,221738200
2023-06-26,18062.30078125,18111.599609375,17868.80078125,17974.69921875,298574500
2023-06-27,17974.69921875,18081.599609375,17974.69921875,18054.80078125,341247500
2023-06-28,18054.80078125,18432.30078125,18051.69921875,18412.80078125,304614400
2023-06-29,18412.80078125,18423.0,18224.599609375,18270.69921875,275862200
2023-06-30,18270.69921875,18470.0,18246.5,18416.80078125,290091200
2023-07-03,18416.80078125,18540.900390625,18411.30078125,18507.80078125,262054100
2023-07-04,18507.80078125,18582.599609375,18495.400390625,18533.80078125,342247100
2023-07-05,18533.80078125,18533.80078125,18364.400390625,18393.30078125,239120300
2023-07-06,18393.30078125,18403.80078125,17916.5,17916.5,266118500
2023-07-07,17916.5,18021.69921875,17854.0,18004.0,202117700
2023-07-10,18004.0,18062.900390625,17931.900390625,18028.0,225677500
2023-07-11,18028.0,18145.0,18020.0,18140.099609375,245468100
2023-07-12,18140.099609375,18594.099609375,18128.900390625,18579.5,353146100
2023-07-13,18579.5,18657.900390625,18567.900390625,18631.69921875,220275600
2023-07-14,18631.69921875,18637.69921875,18555.099609375,18566.80078125,206370400
2023-07-17,18566.80078125,18573.0,18404.400390625,18404.400390625,188809600
2023-07-18,18404.400390625,18627.0,18382.69921875,18618.19921875,266254200
2023-07-19,18618.19921875,19322.5,18618.19921875,19322.5,380525400
2023-07-20,19322.5,19468.0,19278.80078125,19311.69921875,237936500
2023-07-21,19311.69921875,19320.900390625,19169.900390625,19200.5,192296400
2023-07-24,19200.5,19263.30078125,19130.19921875,19145.0,243011900
2023-07-25,19145.0,19195.400390625,19088.400390625,19149.900390625,196664900
2023-07-26,19149.900390625,19186.5,19067.599609375,19186.5,239818100
2023-07-27,19186.5,19358.30078125,19186.5,19273.400390625,343968400
2023-07-28,19273.400390625,19275.400390625,19099.30078125,19124.099609375,264494300
2023-07-31,19124.099609375,19201.400390625,19075.099609375,19143.80078125,248151700
2023-08-01,19143.80078125,19151.5,19062.80078125,19065.69921875,266584200
2023-08-02,19065.69921875,19065.69921875,18757.5,18812.900390625,253473400
2023-08-03,18812.900390625,18900.900390625,18692.69921875,18833.69921875,206352800
2023-08-04,18833.69921875,18945.30078125,18806.900390625,18934.599609375,277509100
2023-08-07,18934.599609375,18934.599609375,18836.099609375,18861.69921875,212589700
2023-08-08,18861.69921875,18900.80078125,18832.400390625,18841.5,199345600
2023-08-09,18841.5,19041.400390625,18841.5,18937.19921875,216649400
2023-08-10,18937.19921875,19032.80078125,18932.80078125,18993.80078125,213272700
2023-08-11,18993.80078125,18994.900390625,18799.69921875,18799.69921875,200121300
2023-08-14,18799.69921875,18808.80078125,18724.599609375,18761.400390625,210489800
2023-08-15,18761.400390625,18788.900390625,18622.30078125,18659.80078125,203895400
2023-08-16,18659.80078125,18706.19921875,18558.30078125,18580.80078125,192670100
2023-08-17,18580.80078125,18591.30078125,18355.900390625,18356.099609375,210837700
2023-08-18,18356.099609375,18394.599609375,18010.5,18096.599609375,254762500
2023-08-21,18096.599609375,18096.599609375,17899.0,17899.0,214956300
2023-08-22,17899.0,18071.30078125,17899.0,18024.30078125,198901400
2023-08-23,18024.30078125,18228.099609375,18013.599609375,18226.5,216262200
2023-08-24,18226.5,18402.599609375,18194.599609375,18194.599609375,181959500
2023-08-25,18194.599609375,18230.900390625,18131.0,18131.0,186570500
2023-08-29,18131.0,18475.80078125,18131.0,18468.599609375,355160700
2023-08-30,18468.599609375,18597.30078125,18459.5,18564.5,288889300
2023-08-31,18564.5,18667.400390625,18538.599609375,18605.69921875,394058400
2023-09-01,18605.69921875,18657.400390625,18536.900390625,18536.900390625,203144200
2023-09-04,18536.900390625,18627.099609375,18521.69921875,18524.099609375,155100600
2023-09-05,18524.099609375,18558.599609375,18405.5,18491.400390625,175429300
2023-09-06,18491.400390625,18515.69921875,18360.099609375,18451.80078125,221528300
2023-09-07,18451.80078125,18471.0,18350.400390625,18383.900390625,254971300
2023-09-08,18383.900390625,18463.19921875,18338.900390625,18463.19921875,190741600
2023-09-11,18463.19921875,18591.599609375,18422.099609375,18522.400390625,180449000
2023-09-12,18522.400390625,18570.80078125,18490.900390625,18542.30078125,237287500
2023-09-13,18542.30078125,18572.0,18431.0,18561.5,226038500
2023-09-14,18561.5,18899.69921875,18517.30078125,18899.69921875,343381600
2023-09-15,18899.69921875,18980.900390625,18789.80078125,18789.80078125,600354400
2023-09-18,18789.80078125,18793.30078125,18449.30078125,18449.30078125,215595800
2023-09-19,18449.30078125,18538.5,18425.400390625,18426.69921875,230861000
2023-09-20,18426.69921875,18724.30078125,18426.099609375,18712.400390625,263631400
2023-09-21,18712.400390625,18785.69921875,18576.099609375,18638.599609375,209815400
2023-09-22,18638.599609375,18666.599609375,18565.19921875,18606.80078125,288555000
2023-09-25,18606.80078125,18608.19921875,18338.900390625,18415.30078125,250176700
2023-09-26,18415.30078125,18415.30078125,18333.599609375,18336.69921875,209677100
2023-09-27,18336.69921875,18363.80078125,18212.599609375,18220.19921875,233920900
2023-09-28,18220.19921875,18224.19921875,18068.80078125,18098.69921875,278674900
2023-09-29,18098.69921875,18397.5,18098.69921875,18279.400390625,291709200
2023-10-02,18279.400390625,18433.900390625,17956.69921875,17977.30078125,279996500
2023-10-03,17977.30078125,17977.30078125,17677.80078125,17677.80078125,242163700
2023-10-04,17677.80078125,17677.80078125,17433.69921875,17492.900390625,306045600
2023-10-05,17492.900390625,17707.69921875,17491.5,17600.0,240221900
2023-10-06,17600.0,17745.900390625,17567.69921875,17732.30078125,242908600
2023-10-09,17732.30078125,17754.80078125,17555.099609375,17572.099609375,209753600
2023-10-10,17572.099609375,17968.30078125,17572.099609375,17967.69921875,250533600
2023-10-11,17967.69921875,17967.69921875,17855.0,17876.19921875,247273800
2023-10-12,17876.19921875,18080.80078125,17835.69921875,17835.69921875,298654900
2023-10-13,17835.69921875,17844.19921875,17454.19921875,17454.19921875,274948800
2023-10-16,17454.19921875,17545.099609375,17410.099609375,17519.400390625,257226000
2023-10-17,17519.400390625,17689.5,17478.599609375,17689.5,290796800
2023-10-18,17689.5,17701.69921875,17396.0,17403.5,271026300
2023-10-19,17403.5,17403.5,17213.099609375,17213.099609375,231851300
2023-10-20,17213.099609375,17215.900390625,17032.69921875,17032.69921875,251728100
2023-10-23,17032.69921875,17082.400390625,16875.099609375,17059.0,203768500
2023-10-24,17059.0,17113.900390625,16969.5,16994.099609375,224784600
2023-10-25,16994.099609375,17000.599609375,16789.5,16870.69921875,232672600
2023-10-26,16870.69921875,16889.5,16764.30078125,16783.099609375,319484300
2023-10-27,16783.099609375,16932.900390625,16772.099609375,16866.19921875,182739500
2023-10-30,16866.19921875,17156.30078125,16865.099609375,17017.599609375,273505300
2023-10-31,17017.599609375,17188.69921875,17013.599609375,17083.099609375,285878400
2023-11-01,17083.099609375,17229.099609375,16995.69921875,17185.900390625,239518900
2023-11-02,17185.900390625,17767.30078125,17185.900390625,17767.30078125,380688400
2023-11-03,17767.30078125,18066.30078125,17767.099609375,17983.80078125,211221400
2023-11-06,17983.80078125,17993.30078125,17742.900390625,17747.5,245761400
2023-11-07,17747.5,17854.099609375,17637.400390625,17761.69921875,218883100
2023-11-08,17761.69921875,17943.30078125,17634.69921875,17846.30078125,342370800
2023-11-09,17846.30078125,18040.900390625,17793.099609375,18037.900390625,326711900
2023-11-10,18037.900390625,18037.900390625,17586.099609375,17853.099609375,237728200
2023-11-13,17853.099609375,17913.69921875,17816.599609375,17913.69921875,259542000
2023-11-14,17913.69921875,18536.099609375,17885.69921875,18536.099609375,405696100
2023-11-15,18536.099609375,18912.099609375,18525.30078125,18676.5,430736600
2023-11-16,18676.5,18676.5,18348.099609375,18351.5,248657100
2023-11-17,18351.5,18597.400390625,18351.5,18567.900390625,292385000
2023-11-20,18567.900390625,18633.5,18549.30078125,18599.099609375,211683500
2023-11-21,18599.099609375,18642.900390625,18347.599609375,18347.599609375,206388600
2023-11-22,18347.599609375,18511.69921875,18339.099609375,18480.19921875,265496900
2023-11-23,18480.19921875,18496.5,18351.900390625,18480.80078125,207085000
2023-11-24,18480.80078125,18485.599609375,18410.099609375,18458.099609375,155675400
2023-11-27,18458.099609375,18508.69921875,18429.0,18438.599609375,190399300
2023-11-28,18438.599609375,18444.0,18299.80078125,18387.0,268769900
2023-11-29,18387.0,18487.900390625,18344.599609375,18467.599609375,288736500
2023-11-30,18467.599609375,18468.30078125,18233.5,18233.5,575713200
2023-12-01,18233.5,18408.69921875,18220.599609375,18408.69921875,245358600
2023-12-04,18408.69921875,18532.900390625,18342.80078125,18361.30078125,288498100
2023-12-05,18361.30078125,18504.900390625,18322.19921875,18487.5,312820700
2023-12-06,18487.5,18711.099609375,18487.30078125,18666.69921875,441553200
2023-12-07,18666.69921875,18675.099609375,18459.69921875,18618.69921875,277250100
2023-12-08,18618.69921875,18766.400390625,18592.400390625,18702.0,274506300
2023-12-11,18702.0,18750.400390625,18602.80078125,18750.400390625,247704800
2023-12-12,18750.400390625,18817.099609375,18655.5,18662.099609375,306603100
2023-12-13,18662.099609375,18759.599609375,18661.0,18695.80078125,345392800
2023-12-14,18695.80078125,19314.900390625,18695.80078125,19257.0,472717000
2023-12-15,19257.0,19401.400390625,19171.80078125,19209.0,662950900
2023-12-18,19209.0,19259.5,19090.80078125,19220.599609375,347560100
2023-12-19,19220.599609375,19342.80078125,19220.19921875,19316.0,366939800
2023-12-20,19316.0,19629.099609375,19316.0,19629.099609375,415483000
2023-12-21,19629.099609375,19629.099609375,19464.19921875,19571.0,241047600
2023-12-22,19571.0,19631.0,19513.900390625,19631.0,183333500
2023-12-27,19631.0,19725.599609375,19617.599609375,19720.80078125,234136700
2023-12-28,19720.80078125,19745.0,19646.80078125,19719.19921875,174540700
2023-12-29,19719.19921875,19740.19921875,19661.0,19689.599609375,107540500
2024-01-02,19689.599609375,19691.5,19489.80078125,19511.80078125,242936200
2024-01-03,19511.80078125,19521.30078125,19287.0,19326.400390625,368549100
2024-01-04,19326.400390625,19395.80078125,19258.30078125,19372.099609375,256374000
2024-01-05,19372.099609375,19374.80078125,19080.599609375,19210.400390625,219968600
2024-01-08,19210.400390625,19393.80078125,19091.69921875,19393.80078125,218641100
2024-01-09,19393.80078125,19447.599609375,19273.19921875,19294.0,281518100
2024-01-10,19294.0,19346.30078125,19262.69921875,19280.099609375,262884800
2024-01-11,19280.099609375,19374.900390625,19107.900390625,19107.900390625,365352800
2024-01-12,19107.900390625,19317.0,19107.900390625,19197.599609375,338500300
2024-01-15,19197.599609375,19255.599609375,19100.80078125,19200.80078125,307434300
2024-01-16,19200.80078125,19230.30078125,19087.69921875,19193.30078125,399325900
2024-01-17,19193.30078125,19193.30078125,18761.900390625,18864.400390625,331810700
2024-01-18,18864.400390625,19019.0,18857.900390625,18948.0,329410900
2024-01-19,18948.0,19050.30078125,18852.80078125,18871.400390625,309755200
2024-01-22,18871.400390625,19086.0,18871.400390625,19075.599609375,330363000
2024-01-23,19075.599609375,19139.599609375,18992.599609375,18992.599609375,327332900
2024-01-24,18992.599609375,19171.69921875,18992.0,19171.69921875,251915100
2024-01-25,19171.69921875,19223.099609375,19083.30078125,19223.099609375,290446800
2024-01-26,19223.099609375,19346.400390625,19190.30078125,19338.0,302626500
2024-01-29,19338.0,19365.599609375,19210.599609375,19311.19921875,279112000
2024-01-30,19311.19921875,19403.30078125,19309.5,19349.5,257639400
2024-01-31,19349.5,19381.19921875,19291.5,19358.0,384365000
2024-02-01,19358.0,19360.599609375,19131.19921875,19131.19921875,328744100
2024-02-02,19131.19921875,19394.900390625,19131.19921875,19172.599609375,303913100
2024-02-05,19172.599609375,19255.900390625,19015.69921875,19018.599609375,331145400
2024-02-06,19018.599609375,19185.69921875,18990.599609375,19171.30078125,351782600
2024-02-07,19171.30078125,19226.099609375,19104.5,19104.5,370111400
2024-02-08,19104.5,19240.099609375,19097.69921875,19102.69921875,304042500
2024-02-09,19102.69921875,19144.099609375,19043.19921875,19062.30078125,294097500
2024-02-12,19062.30078125,19213.69921875,19062.19921875,19203.900390625,351780400
2024-02-13,19203.900390625,19206.900390625,18834.900390625,18923.80078125,312625800
2024-02-14,18923.80078125,19092.599609375,18918.0,19003.900390625,266657500
2024-02-15,19003.900390625,19133.099609375,19003.30078125,19099.599609375,308985400
2024-02-16,19099.599609375,19232.30078125,19097.80078125,19191.900390625,272280400
2024-02-19,19191.900390625,19223.900390625,19134.400390625,19216.900390625,258627500
2024-02-20,19216.900390625,19225.900390625,19065.900390625,19109.599609375,291836600
2024-02-21,19109.599609375,19137.0,19080.30078125,19119.0,387748800
2024-02-22,19119.0,19306.400390625,19119.0,19263.5,411129900
2024-02-23,19263.5,19284.80078125,19162.099609375,19179.599609375,372320100
2024-02-26,19179.599609375,19185.400390625,19100.80078125,19126.900390625,401674200
2024-02-27,19126.900390625,19182.900390625,19089.099609375,19163.69921875,407556400
2024-02-28,19163.69921875,19169.400390625,18969.5,19013.599609375,375314500
2024-02-29,19013.599609375,19173.69921875,19011.599609375,19054.900390625,466079800
2024-03-01,19054.900390625,19354.400390625,19054.900390625,19354.400390625,357328800
2024-03-04,19354.400390625,19357.900390625,19197.30078125,19249.099609375,405426300
2024-03-05,19249.099609375,19327.099609375,19189.5,19271.0,427694600
2024-03-06,19271.0,19546.80078125,19269.80078125,19473.19921875,387683000
2024-03-07,19473.19921875,19696.900390625,19451.30078125,19584.0,538122700
2024-03-08,19584.0,19621.30078125,19481.400390625,19601.80078125,356631000
2024-03-11,19601.80078125,19604.80078125,19476.900390625,19530.099609375,327883300
2024-03-12,19530.099609375,19636.19921875,19523.19921875,19565.19921875,372085100
2024-03-13,19565.19921875,19636.099609375,19553.599609375,19563.900390625,428188600
2024-03-14,19563.900390625,19625.400390625,19471.099609375,19486.0,332108300
2024-03-15,19486.0,19573.80078125,19483.30078125,19512.900390625,840927400
2024-03-18,19512.900390625,19547.5,19468.099609375,19486.5,293612800
2024-03-19,19486.5,19488.30078125,19383.69921875,19432.80078125,325173200
2024-03-20,19432.80078125,19506.69921875,19421.0,19484.400390625,378073500
2024-03-21,19484.400390625,19761.400390625,19484.400390625,19741.30078125,508804700
2024-03-22,19741.30078125,19775.69921875,19681.900390625,19724.30078125,386014600
2024-03-25,19724.30078125,19727.400390625,19545.599609375,19613.5,351754700
2024-03-26,19613.5,19777.599609375,19574.599609375,19777.599609375,332302100
2024-03-27,19777.599609375,19812.80078125,19713.30078125,19810.69921875,444904100
2024-03-28,19810.69921875,19925.30078125,19757.19921875,19884.69921875,412369900
2024-04-02,19884.69921875,19991.599609375,19711.099609375,19713.900390625,353814700
2024-04-03,19713.900390625,19757.69921875,19613.099609375,19753.599609375,357472800
2024-04-04,19753.599609375,19873.19921875,19746.5,19873.19921875,354341200
2024-04-05,19873.19921875,19873.19921875,19652.5,19725.900390625,234651100
2024-04-08,19725.900390625,19888.0,19690.099609375,19854.599609375,313862000
2024-04-09,19854.599609375,19885.099609375,19756.900390625,19763.400390625,432688500
2024-04-10,19763.400390625,19989.099609375,19709.5,19801.80078125,456845100
2024-04-11,19801.80078125,19830.400390625,19715.599609375,19786.900390625,339648900
2024-04-12,19786.900390625,19990.5,19720.19921875,19721.19921875,304545500
2024-04-15,19721.19921875,19839.69921875,19679.5,19698.900390625,301370900
2024-04-16,19698.900390625,19698.900390625,19321.30078125,19344.5,333774000
2024-04-17,19344.5,19462.19921875,19306.80078125,19340.099609375,310618300
2024-04-18,19340.099609375,19450.69921875,19325.5,19450.69921875,526836900
2024-04-19,19450.69921875,19451.5,19260.400390625,19391.30078125,316257200
2024-04-22,19391.30078125,19650.599609375,19391.0,19599.400390625,357002200
2024-04-23,19599.400390625,19799.69921875,19587.099609375,19799.69921875,367315700
2024-04-24,19799.69921875,19827.30078125,19697.599609375,19719.400390625,433691100
2024-04-25,19719.400390625,19745.69921875,19544.80078125,19602.0,399607800
2024-04-26,19602.0,19841.599609375,19600.69921875,19824.19921875,339128700
2024-04-29,19824.19921875,20084.80078125,19778.400390625,20084.80078125,359123300
2024-04-30,20084.80078125,20136.900390625,19965.400390625,19965.400390625,317222000
2024-05-01,19965.400390625,19968.5,19893.400390625,19926.599609375,242512000
2024-05-02,19926.599609375,20052.30078125,19914.80078125,20052.30078125,356133900
2024-05-03,20052.30078125,20236.099609375,20013.599609375,20164.5,284744300
2024-05-07,20164.5,20437.900390625,20164.5,20413.099609375,308399800
2024-05-08,20413.099609375,20492.0,20378.400390625,20492.0,312496100
2024-05-09,20492.0,20560.19921875,20455.599609375,20531.30078125,300604300
2024-05-10,20531.30078125,20710.19921875,20526.30078125,20645.400390625,306771100
2024-05-13,20645.400390625,20669.80078125,20560.30078125,20560.30078125,278145000
2024-05-14,20560.30078125,20669.19921875,20545.69921875,20618.5,326230100
2024-05-15,20618.5,20814.5,20618.5,20775.599609375,340659000
2024-05-16,20775.599609375,20822.80078125,20745.5,20822.80078125,277169200
2024-05-17,20822.80078125,20831.19921875,20696.30078125,20749.900390625,353017000
2024-05-20,20749.900390625,20901.0,20749.900390625,20873.30078125,330956300
2024-05-21,20873.30078125,20874.19921875,20726.0,20783.400390625,336766900
2024-05-22,20783.400390625,20783.400390625,20674.30078125,20710.099609375,341717000
2024-05-23,20710.099609375,20751.5,20631.30078125,20631.30078125,367390100
2024-05-24,20631.30078125,20770.900390625,20528.80078125,20770.900390625,316999200
2024-05-28,20770.900390625,20889.30078125,20695.69921875,20705.30078125,304950900
2024-05-29,20705.30078125,20723.900390625,20436.30078125,20436.30078125,322225200
2024-05-30,20436.30078125,20753.099609375,20433.69921875,20670.900390625,408741600
2024-05-31,20670.900390625,20782.19921875,20640.69921875,20730.099609375,633809700
2024-06-03,20730.099609375,20939.599609375,20728.400390625,20900.5,347513300
2024-06-04,20900.5,20900.5,20679.30078125,20718.0,446888000
2024-06-05,20718.0,20798.900390625,20593.099609375,20673.400390625,321300100
2024-06-06,20673.400390625,20761.099609375,20661.5,20715.900390625,340247800
2024-06-07,20715.900390625,20719.400390625,20515.19921875,20555.400390625,227704300
2024-06-10,20555.400390625,20558.30078125,20441.400390625,20446.0,270600400
2024-06-11,20446.0,20527.099609375,20266.900390625,20266.900390625,303654700
2024-06-12,20266.900390625,20533.900390625,20266.900390625,20497.400390625,263558100
2024-06-13,20497.400390625,20497.400390625,20196.0,20196.0,316515300
2024-06-14,20196.0,20224.5,20045.69921875,20120.400390625,248929800
2024-06-17,20120.400390625,20243.19921875,20100.80078125,20159.69921875,282731400
2024-06-18,20159.69921875,20410.19921875,20159.69921875,20409.900390625,274309900
2024-06-19,20409.900390625,20470.80078125,20354.0,20381.099609375,258484100
2024-06-20,20381.099609375,20505.19921875,20357.80078125,20498.69921875,284936200
2024-06-21,20498.69921875,20525.099609375,20360.0,20442.400390625,871175600
2024-06-24,20442.400390625,20580.19921875,20356.0,20562.599609375,240816200
2024-06-25,20562.599609375,20562.599609375,20350.69921875,20363.400390625,269045600
2024-06-26,20363.400390625,20451.19921875,20268.30078125,20298.099609375,302862500
2024-06-27,20298.099609375,20368.099609375,20288.19921875,20331.80078125,272568700
2024-06-28,20331.80078125,20386.69921875,20250.80078125,20286.0,242205400
2024-07-01,20286.0,20432.5,20222.099609375,20222.099609375,0
2024-07-02,20222.099609375,20244.19921875,20132.69921875,20194.5,268442200
2024-07-03,20194.5,20529.400390625,20194.400390625,20529.400390625,295726400
2024-07-04,20529.400390625,20619.400390625,20509.69921875,20610.30078125,191761000
2024-07-05,20610.30078125,20986.19921875,20587.099609375,20786.69921875,339459800
2024-07-08,20786.69921875,20825.30078125,20733.599609375,20798.30078125,250534000
2024-07-09,20798.30078125,20808.30078125,20610.69921875,20645.0,324889600
2024-07-10,20645.0,20927.80078125,20644.400390625,20927.80078125,297975200
2024-07-11,20927.80078125,21188.900390625,20898.30078125,21188.900390625,322057900
2024-07-12,21188.900390625,21224.099609375,21116.80078125,21202.900390625,200729400
2024-07-15,21202.900390625,21226.099609375,21081.0,21189.5,226013400
2024-07-16,21189.5,21213.80078125,21120.30078125,21213.80078125,244304600
2024-07-17,21213.80078125,21219.900390625,21068.400390625,21093.30078125,212282000
2024-07-18,21093.30078125,21341.80078125,21092.599609375,21234.19921875,256202400
2024-07-19,21096.19921875,21117.599609375,21047.69921875,21067.69921875,166588200
2024-07-22,21067.69921875,21229.400390625,21059.19921875,21138.69921875,230276500
2024-07-23,21138.69921875,21185.099609375,21039.599609375,21091.5,260525900
2024-07-24,21091.5,21091.5,20950.80078125,20950.80078125,327577300
2024-07-25,20950.80078125,20951.5,20699.099609375,20884.400390625,252681300
2024-07-26,20884.400390625,21360.5,20856.5,21356.30078125,264561800
2024-07-29,21356.30078125,21490.30078125,21221.099609375,21252.099609375,239958100
2024-07-30,21252.099609375,21508.80078125,21195.400390625,21432.5,305575900
2024-07-31,21432.5,21649.5,21430.099609375,21600.69921875,309322400
2024-08-01,21600.69921875,21786.19921875,21358.099609375,21459.19921875,327343500
2024-08-02,21459.19921875,21460.19921875,20800.599609375,20826.400390625,336718400
2024-08-05,20826.400390625,20826.400390625,19955.80078125,20236.69921875,365700100
2024-08-06,20236.69921875,20495.80078125,20206.400390625,20367.69921875,422825200
2024-08-07,20367.69921875,20613.900390625,20367.69921875,20576.0,265584000
2024-08-08,20576.0,20576.0,20280.599609375,20508.599609375,264729400
2024-08-09,20508.599609375,20713.30078125,20495.099609375,20625.19921875,182646400
2024-08-12,20625.19921875,20711.400390625,20614.69921875,20677.19921875,340843500
2024-08-13,20677.19921875,20766.599609375,20638.5,20744.099609375,315189400
2024-08-14,20744.099609375,20970.19921875,20741.19921875,20952.30078125,327934400
2024-08-15,20952.30078125,21131.69921875,20855.400390625,21094.19921875,223006300
2024-08-16,21094.19921875,21118.900390625,21007.900390625,21048.900390625,241737300
2024-08-19,21048.900390625,21166.5,20987.5,21157.5,220269500
2024-08-20,21157.5,21196.30078125,20986.19921875,20986.19921875,216791700
2024-08-21,20986.19921875,21187.19921875,20982.900390625,21187.19921875,305076300
2024-08-22,21187.19921875,21255.099609375,21104.69921875,21104.69921875,601369800
2024-08-23,21104.69921875,21228.900390625,21095.30078125,21189.5,172123700
2024-08-27,21189.5,21292.19921875,21138.80078125,21162.099609375,304366800
2024-08-28,21162.099609375,21172.80078125,21066.900390625,21066.900390625,195445600
2024-08-29,21066.900390625,21135.0,21031.099609375,21031.099609375,299766100
2024-08-30,21031.099609375,21186.0,21021.5,21086.5,299382800
2024-09-02,21086.5,21121.599609375,20980.5,20980.5,200419900
2024-09-03,20980.5,21051.0,20782.099609375,20808.599609375,203383200
2024-09-04,20808.599609375,20849.69921875,20614.80078125,20808.599609375,364686000
2024-09-05,20808.599609375,20898.19921875,20762.5,20762.5,345689700
2024-09-06,20762.5,20799.400390625,20490.0,20494.0,256456400
2024-09-09,20494.0,20650.900390625,20494.0,20650.900390625,256739400
2024-09-10,20650.900390625,20720.19921875,20607.80078125,20656.099609375,302009900
2024-09-11,20656.099609375,20716.69921875,20514.19921875,20537.30078125,267636600
2024-09-12,20537.30078125,20777.19921875,20534.5,20695.80078125,318442200
2024-09-13,20695.80078125,20934.5,20695.80078125,20895.400390625,257722900
2024-09-16,20895.400390625,20938.900390625,20861.0,20929.599609375,293101000
2024-09-17,20929.599609375,21045.5,20929.599609375,20944.599609375,362692500
2024-09-18,20944.599609375,20946.599609375,20821.900390625,20835.30078125,299785700
2024-09-19,20835.30078125,21162.69921875,20834.0,21162.69921875,322172600
2024-09-20,21162.69921875,21162.69921875,20831.80078125,20831.80078125,680871300
2024-09-23,20831.80078125,20893.69921875,20786.099609375,20845.099609375,261706100
2024-09-24,20845.099609375,20946.900390625,20759.30078125,20770.099609375,239346000
2024-09-25,20770.099609375,20913.900390625,20745.19921875,20755.400390625,274341500
2024-09-26,20755.400390625,21101.19921875,20751.80078125,21010.400390625,391230200
2024-09-27,21010.400390625,21240.599609375,21008.69921875,21240.599609375,344425000
2024-09-30,21240.599609375,21248.400390625,20999.900390625,21053.19921875,314622400
2024-10-01,21053.19921875,21127.900390625,20901.19921875,20914.69921875,282860500
2024-10-02,20914.69921875,20932.19921875,20747.69921875,20783.80078125,259789500
2024-10-03,20783.80078125,20837.400390625,20711.900390625,20740.099609375,188332300
2024-10-04,20740.099609375,20924.5,20733.5,20900.099609375,229964600
2024-10-07,20900.099609375,20960.400390625,20750.30078125,20853.19921875,276016700
2024-10-08,20853.19921875,20858.400390625,20594.599609375,20631.19921875,328030600
2024-10-09,20631.19921875,20828.0,20630.0,20822.400390625,300562400
2024-10-10,20822.400390625,20835.69921875,20682.19921875,20708.400390625,335486000
2024-10-11,20708.400390625,20785.80078125,20679.30078125,20764.900390625,234206000
2024-10-14,20764.900390625,20817.19921875,20708.5,20817.19921875,301455000
2024-10-15,20817.19921875,20871.099609375,20770.69921875,20794.400390625,316589700
2024-10-16,20794.400390625,21045.30078125,20788.900390625,20979.5,333782600
2024-10-17,20979.5,21124.5,20960.30078125,21100.900390625,312352000
2024-10-18,21100.900390625,21168.5,21032.599609375,21149.599609375,319379300
2024-10-21,21149.599609375,21191.099609375,20900.900390625,20906.599609375,238339500
2024-10-22,20906.599609375,20961.900390625,20795.19921875,20949.69921875,264401800
2024-10-23,20949.69921875,20993.80078125,20822.80078125,20829.900390625,232553400
2024-10-24,20829.900390625,20894.19921875,20790.599609375,20790.599609375,281902400
2024-10-25,20790.599609375,20847.5,20740.30078125,20819.900390625,259885900
2024-10-28,20819.900390625,20909.80078125,20772.900390625,20835.099609375,269255900
2024-10-29,20835.099609375,20857.30078125,20582.19921875,20622.80078125,310133200
2024-10-30,20622.80078125,20981.0,20565.80078125,20694.099609375,364272300
2024-10-31,20694.099609375,20694.80078125,20307.400390625,20389.0,315748000
2024-11-01,20389.0,20515.30078125,20378.900390625,20479.69921875,255797200
2024-11-04,20479.69921875,20577.599609375,20432.30078125,20461.30078125,228927400
2024-11-05,20461.30078125,20548.5,20370.0,20370.0,254845100
2024-11-06,20370.0,20808.599609375,20370.0,20446.69921875,348173400
2024-11-07,20446.69921875,20635.400390625,20446.69921875,20635.400390625,350385000
2024-11-08,20635.400390625,20647.5,20468.69921875,20517.900390625,313457300
2024-11-11,20517.900390625,20805.5,20517.900390625,20723.5,328295400
2024-11-12,20723.5,20727.599609375,20427.80078125,20427.80078125,397475700
2024-11-13,20427.80078125,20522.30078125,20305.19921875,20359.19921875,320343400
2024-11-14,20359.19921875,20522.80078125,20345.30078125,20522.80078125,319320200
2024-11-15,20522.80078125,20562.19921875,20438.900390625,20476.599609375,233963200
2024-11-18,20476.599609375,20541.099609375,20318.900390625,20395.400390625,253449900
2024-11-19,20395.400390625,20460.099609375,20277.400390625,20427.599609375,282012800
2024-11-20,20427.599609375,20482.5,20214.900390625,20244.80078125,340549100
2024-11-21,20244.80078125,20349.900390625,20155.5,20349.900390625,472380500
2024-11-22,20349.900390625,20627.400390625,20308.599609375,20581.69921875,289203200
2024-11-25,20581.69921875,20762.80078125,20576.400390625,20749.30078125,408059100
2024-11-26,20749.30078125,20753.30078125,20567.80078125,20568.69921875,210364300
2024-11-27,20568.69921875,20653.80078125,20555.900390625,20601.599609375,234948900
2024-11-28,20601.599609375,20789.19921875,20601.599609375,20762.80078125,233699300
2024-11-29,20762.80078125,20804.599609375,20714.69921875,20771.599609375,371009700
2024-12-02,20771.599609375,20834.099609375,20717.099609375,20769.099609375,238579400
2024-12-03,20769.099609375,20917.0,20769.099609375,20892.69921875,302060400
2024-12-04,20892.69921875,21019.099609375,20892.5,21005.19921875,300202700
2024-12-05,21005.19921875,21046.0,20954.80078125,21001.099609375,283134000
2024-12-06,21001.099609375,21110.599609375,20984.80078125,21059.0,301915700
2024-12-09,21059.0,21122.5,21021.30078125,21049.30078125,297691100
2024-12-10,21049.30078125,21049.30078125,20917.80078125,20973.900390625,276363200
2024-12-11,20973.900390625,21020.900390625,20886.400390625,20973.5,273003900
2024-12-12,20973.5,20996.599609375,20934.099609375,20949.0,283419700
2024-12-13,20949.0,21016.599609375,20874.400390625,20889.19921875,216476900
2024-12-16,20889.19921875,20902.400390625,20787.5,20813.0,231191700
2024-12-17,20813.0,20813.0,20542.900390625,20542.900390625,362365100
2024-12-18,20542.900390625,20663.400390625,20542.900390625,20602.0,279043600
2024-12-19,20602.0,20602.0,20316.5,20399.400390625,423525400
2024-12-20,20399.400390625,20450.69921875,20232.69921875,20450.69921875,623409200
2024-12-23,20450.69921875,20450.69921875,20372.19921875,20419.099609375,186186500
2024-12-24,20419.099609375,20571.5,20417.400390625,20571.5,69261400
2024-12-27,20571.5,20575.5,20457.80078125,20488.69921875,119389200
2024-12-30,20488.69921875,20491.69921875,20328.599609375,20404.599609375,131475900
2024-12-31,20404.599609375,20627.099609375,20400.69921875,20622.599609375,77317200
2025-01-02,20622.599609375,20665.099609375,20540.400390625,20640.19921875,167992200
2025-01-03,20640.19921875,20640.80078125,20566.599609375,20591.400390625,180325000
2025-01-06,20591.400390625,20776.69921875,20578.19921875,20612.69921875,284275500
2025-01-07,20612.69921875,20618.30078125,20333.099609375,20350.400390625,319337400
2025-01-08,20350.400390625,20400.69921875,19952.19921875,19952.19921875,385101900
2025-01-09,19952.19921875,20020.19921875,19733.099609375,20005.099609375,467579100
2025-01-10,20005.099609375,20029.30078125,19732.30078125,19733.900390625,308766900
2025-01-13,19733.900390625,19748.19921875,19659.0,19718.400390625,312864800
2025-01-14,19718.400390625,19871.099609375,19717.19921875,19766.30078125,320336700
2025-01-15,19766.30078125,20333.599609375,19766.30078125,20333.599609375,344404100
2025-01-16,20333.599609375,20527.69921875,20332.0,20527.69921875,304921100
2025-01-17,20527.69921875,20618.80078125,20469.599609375,20597.400390625,304853400
2025-01-20,20597.400390625,20628.599609375,20467.19921875,20486.69921875,283178200
2025-01-21,20486.69921875,20601.400390625,20483.5,20595.69921875,328225700
2025-01-22,20595.69921875,20696.30078125,20579.0,20580.30078125,316158900
2025-01-23,20580.30078125,20602.400390625,20446.19921875,20520.400390625,311806700
2025-01-24,20520.400390625,20681.599609375,20493.900390625,20518.099609375,322254600
2025-01-27,20518.099609375,20518.099609375,20324.599609375,20369.5,282330600
2025-01-28,20369.5,20614.30078125,20350.0,20588.5,336112700
2025-01-29,20588.5,20721.30078125,20559.69921875,20559.69921875,317016300
2025-01-30,20559.69921875,20805.099609375,20555.5,20805.099609375,262945600
2025-01-31,20805.099609375,20950.5,20773.900390625,20950.5,412703400
2025-02-03,20950.5,20950.5,20489.69921875,20711.80078125,346557600
2025-02-04,20711.80078125,20711.80078125,20565.400390625,20653.30078125,259257500
2025-02-05,20653.30078125,20763.19921875,20582.5,20762.900390625,304493900
2025-02-06,20762.900390625,21118.0,20761.599609375,20973.099609375,398874400
2025-02-07,20973.099609375,21023.599609375,20807.80078125,20807.80078125,238558200
2025-02-10,20807.80078125,21032.69921875,20807.80078125,20986.30078125,234044200
2025-02-11,20986.30078125,20987.0,20873.0,20919.69921875,311971400
2025-02-12,20919.69921875,21063.19921875,20857.099609375,20880.5,363620600
2025-02-13,20880.5,20958.599609375,20821.400390625,20916.099609375,307484100
2025-02-14,20916.099609375,21008.599609375,20911.30078125,20913.0,305225600
2025-02-17,20913.099609375,20996.30078125,20913.099609375,20938.69921875,407640200
2025-02-18,20938.69921875,20984.099609375,20834.80078125,20881.599609375,301905700
2025-02-19,20881.599609375,20882.099609375,20679.0,20707.80078125,309312500
2025-02-20,20707.80078125,20777.69921875,20576.80078125,20612.80078125,313230900
2025-02-21,20612.80078125,20794.30078125,20606.80078125,20613.900390625,286329800
2025-02-24,20613.900390625,20664.80078125,20401.900390625,20484.400390625,490575800
2025-02-25,20484.400390625,20573.30078125,20441.400390625,20448.30078125,404316000
2025-02-26,20448.30078125,20671.19921875,20447.0,20595.900390625,342772900
2025-02-27,20595.900390625,20608.30078125,20340.400390625,20414.69921875,319038800
2025-02-28,20414.69921875,20416.0,20236.80078125,20326.400390625,594507100
2025-03-03,20326.400390625,20468.69921875,20304.80078125,20382.30078125,364488100
2025-03-04,20382.30078125,20384.69921875,19921.099609375,19950.5,466020200
2025-03-05,19950.5,20295.0,19950.400390625,20127.69921875,399387300
2025-03-06,20127.69921875,20232.69921875,20055.30078125,20159.099609375,430683700
2025-03-07,20159.099609375,20164.400390625,19952.5,20129.099609375,397809100
2025-03-10,20129.099609375,20207.19921875,19875.19921875,19875.19921875,417874900
2025-03-11,19875.19921875,20010.19921875,19758.599609375,19770.19921875,438487300
2025-03-12,19770.19921875,19983.099609375,19770.19921875,19886.5,333978300
2025-03-13,19886.5,19886.5,19672.400390625,19688.599609375,330793200
2025-03-14,19688.599609375,19996.5,19675.69921875,19995.599609375,302086200
2025-03-17,19995.599609375,20034.30078125,19932.900390625,20027.900390625,290537200
2025-03-18,20027.900390625,20203.5,20027.900390625,20097.80078125,390411700
2025-03-19,20097.80078125,20143.19921875,20040.69921875,20122.400390625,340146000
2025-03-20,20122.400390625,20242.69921875,20058.5,20098.0,429384500
2025-03-21,20098.0,20099.400390625,19911.5,19911.5,694906900
2025-03-24,19911.5,20028.099609375,19896.19921875,19922.400390625,286390800
2025-03-25,19922.400390625,20089.599609375,19889.69921875,19981.19921875,387213700
2025-03-26,19981.19921875,20103.599609375,19981.19921875,20039.19921875,324610900
2025-03-27,20039.19921875,20039.19921875,19851.099609375,19914.69921875,306347700
2025-03-28,19914.69921875,19987.900390625,19808.80078125,19865.0,260492100
2025-03-31,19865.0,19865.0,19450.0,19475.5,485692300
2025-04-01,19475.5,19683.400390625,19474.19921875,19590.900390625,362855300
2025-04-02,19590.900390625,19649.599609375,19419.19921875,19649.599609375,287268200
2025-04-03,19649.599609375,19650.69921875,19186.30078125,19210.5,461823300
2025-04-04,19210.5,19212.19921875,18253.099609375,18365.400390625,494638100
2025-04-07,18365.400390625,18480.5,17392.5,17765.19921875,587390600
2025-04-08,17765.19921875,18506.900390625,17764.30078125,18349.19921875,415480700
2025-04-09,18349.19921875,18349.19921875,17708.099609375,17890.599609375,646867400
2025-04-10,17890.599609375,18988.900390625,17890.599609375,18517.400390625,443944900
2025-04-11,18517.400390625,18608.80078125,18319.900390625,18514.900390625,339203200
2025-04-14,18514.900390625,18986.599609375,18512.5,18978.5,285747300
2025-04-15,18978.5,19267.900390625,18963.30078125,19267.900390625,378860900
2025-04-16,19267.900390625,19276.400390625,19102.599609375,19265.80078125,268950800
2025-04-17,19265.80078125,19277.80078125,19150.80078125,19250.0,297342500
2025-04-22,19250.0,19266.69921875,19157.80078125,19238.19921875,406329700
2025-04-23,19238.19921875,19624.599609375,19238.19921875,19483.099609375,363521900
2025-04-24,19483.099609375,19508.69921875,19360.599609375,19504.400390625,324627600
2025-04-25,19504.400390625,19622.69921875,19504.400390625,19609.69921875,343946800
2025-04-28,19609.69921875,19816.099609375,19609.69921875,19733.30078125,299335100
2025-04-29,19733.30078125,19894.80078125,19731.599609375,19809.69921875,368604800
2025-04-30,19809.69921875,19948.599609375,19725.5,19884.599609375,346486600
2025-05-01,19884.599609375,20135.0,19882.099609375,20135.0,212422100
2025-05-02,20135.0,20275.099609375,20118.599609375,20240.5,323297500
2025-05-06,20240.5,20383.400390625,20206.5,20352.5,443043600
2025-05-07,20352.5,20352.5,20207.599609375,20337.0,466856900
2025-05-08,20337.0,20586.19921875,20332.80078125,20457.19921875,371112800
2025-05-09,20457.19921875,20572.5,20452.30078125,20504.400390625,268065000
2025-05-12,20504.400390625,20787.400390625,20503.19921875,20627.400390625,331562900
2025-05-13,20627.400390625,20788.30078125,20604.900390625,20759.69921875,309834100
2025-05-14,20759.69921875,20864.0,20704.900390625,20819.599609375,517187500
2025-05-15,20819.599609375,20848.900390625,20733.900390625,20844.80078125,357156300
2025-05-16,20844.80078125,20974.099609375,20844.80078125,20972.30078125,349782000
2025-05-19,20972.30078125,20972.30078125,20706.80078125,20961.099609375,339751500
2025-05-20,20961.099609375,21120.599609375,20949.400390625,21096.400390625,299445300
2025-05-21,21096.400390625,21096.900390625,20887.80078125,20949.69921875,253404200
2025-05-22,20949.69921875,20949.69921875,20742.900390625,20799.69921875,291296000
2025-05-23,20799.69921875,20851.099609375,20422.80078125,20708.69921875,279024400
2025-05-27,20708.69921875,20997.69921875,20708.69921875,20938.599609375,432759700
2025-05-28,20938.599609375,21027.099609375,20916.5,20946.19921875,308699500
2025-05-29,20946.19921875,21072.19921875,20946.19921875,20997.599609375,331010200
2025-05-30,20997.599609375,21145.599609375,20969.19921875,21028.0,409345100
2025-06-02,21028.0,21068.400390625,20933.80078125,21029.0,277053100
2025-06-03,21029.0,21112.900390625,20938.0,21017.80078125,301425500
2025-06-04,21017.80078125,21132.099609375,21017.599609375,21119.0,321266700
2025-06-05,21119.0,21119.0,20977.900390625,21069.400390625,320703200
2025-06-06,21069.400390625,21158.400390625,21039.900390625,21157.30078125,296095400
2025-06-09,21157.30078125,21285.900390625,21116.5,21285.900390625,267383500
2025-06-10,21285.900390625,21454.099609375,21285.900390625,21389.5,437359100
2025-06-11,21389.5,21493.400390625,21380.099609375,21428.5,368923700
2025-06-12,21428.5,21428.69921875,21268.80078125,21386.69921875,430730500
2025-06-13,21386.69921875,21386.69921875,21109.400390625,21173.30078125,317305800
2025-06-16,21173.30078125,21352.400390625,21173.30078125,21284.0,296290300
2025-06-17,21284.0,21286.30078125,21195.599609375,21237.099609375,393309000
2025-06-18,21237.099609375,21296.900390625,21176.900390625,21290.30078125,332140500
2025-06-19,21290.30078125,21290.30078125,21069.5,21074.0,357828000
2025-06-20,21074.0,21273.0,21073.599609375,21148.5,811095500
2025-06-23,21148.5,21169.900390625,21073.5,21121.0,453183400
2025-06-24,21121.0,21378.5,21121.0,21326.19921875,598518300
2025-06-25,21326.19921875,21403.400390625,21290.80078125,21298.0,325486700
2025-06-26,21298.0,21491.30078125,21284.5,21474.69921875,431754200
2025-06-27,21474.69921875,21716.0,21469.900390625,21716.0,345703300
2025-06-30,21716.0,21735.80078125,21626.30078125,21626.30078125,330641900
2025-07-01,21626.30078125,21743.19921875,21563.5,21743.19921875,417956500
2025-07-02,21743.19921875,21775.5,21379.0,21452.5,413058700
2025-07-03,21452.5,21718.69921875,21451.19921875,21702.599609375,340357000
2025-07-04,21702.599609375,21702.599609375,21498.80078125,21557.30078125,242168300
2025-07-07,21557.30078125,21664.400390625,21532.0,21538.5,207176200
2025-07-08,21538.5,21602.80078125,21508.19921875,21581.69921875,314040000
2025-07-09,21581.69921875,21667.30078125,21547.900390625,21567.900390625,256328600
2025-07-10,21567.900390625,21694.69921875,21567.900390625,21694.69921875,292969900
2025-07-11,21694.69921875,21694.69921875,21573.0,21613.30078125,272769700
2025-07-14,21613.30078125,21724.80078125,21552.0,21724.80078125,228963600
2025-07-15,21724.80078125,21858.900390625,21675.30078125,21690.5,324234100
2025-07-16,21690.5,21738.30078125,21601.900390625,21601.900390625,231248200
2025-07-17,21601.900390625,21777.30078125,21601.69921875,21766.400390625,296407800
2025-07-18,21766.400390625,21948.400390625,21766.400390625,21898.30078125,258485600
2025-07-21,21898.30078125,22012.5,21898.19921875,22012.5,280316100
2025-07-22,22012.5,22014.30078125,21882.19921875,21934.30078125,266631800
2025-07-23,21934.30078125,22050.400390625,21934.30078125,22013.5,342003600
2025-07-24,22013.5,22182.80078125,22004.0,22155.400390625,327179100
2025-07-25,22155.400390625,22158.900390625,22034.099609375,22118.0,407571600
2025-07-28,22118.0,22241.80078125,21948.69921875,21951.80078125,242597500
2025-07-29,21951.80078125,21970.19921875,21782.099609375,21793.099609375,413445500
2025-07-30,21793.099609375,21846.80078125,21719.599609375,21776.599609375,330614700
2025-07-31,21776.599609375,22032.099609375,21749.5,21962.80078125,414552300
2025-08-01,21962.80078125,21966.900390625,21626.099609375,21699.30078125,370000700
2025-08-04,21699.30078125,21867.599609375,21693.80078125,21859.5,366617400
2025-08-05,21859.5,21988.30078125,21858.400390625,21901.69921875,309605100
2025-08-06,21901.69921875,21983.30078125,21873.900390625,21925.900390625,337153100
2025-08-07,21925.900390625,22004.599609375,21898.0,21938.099609375,401151100
2025-08-08,21938.099609375,21958.599609375,21879.400390625,21958.599609375,333497500
2025-08-11,21958.599609375,21968.19921875,21868.30078125,21889.5,222547300
2025-08-12,21889.5,21979.599609375,21815.099609375,21842.69921875,261610400
2025-08-13,21842.69921875,21939.400390625,21835.69921875,21851.599609375,353638000
2025-08-14,21851.599609375,21856.30078125,21754.19921875,21801.69921875,326677700
2025-08-15,21801.69921875,21895.599609375,21739.099609375,21758.19921875,422122800
2025-08-18,21758.19921875,21826.400390625,21718.599609375,21749.599609375,345227600
2025-08-19,21749.599609375,21876.900390625,21749.5,21833.30078125,249155300
2025-08-20,21833.30078125,21885.900390625,21725.099609375,21885.900390625,245416500
2025-08-21,21885.900390625,21898.900390625,21746.19921875,21817.80078125,226728900
2025-08-22,21817.80078125,22079.5,21809.19921875,22077.19921875,405476000
2025-08-26,22077.19921875,22084.19921875,21840.900390625,21861.19921875,324944300
2025-08-27,21861.19921875,21926.0,21747.5,21805.0,239889400
2025-08-28,21805.0,21828.400390625,21678.19921875,21744.400390625,245563300
2025-08-29,21744.400390625,21775.0,21605.69921875,21605.69921875,266753600
2025-09-01,21605.69921875,21676.400390625,21605.69921875,21633.69921875,197266900
2025-09-02,21633.69921875,21663.30078125,21149.19921875,21162.900390625,454357900
2025-09-03,21162.900390625,21323.599609375,21118.400390625,21313.099609375,324731900
2025-09-04,21313.099609375,21498.19921875,21273.0,21474.69921875,288476400
2025-09-05,21474.69921875,21654.400390625,21472.80078125,21575.5,223153900
2025-09-08,21575.5,21723.80078125,21570.5,21684.5,229342500
2025-09-09,21684.5,21760.19921875,21566.19921875,21596.69921875,249484900
2025-09-10,21596.69921875,21660.30078125,21534.099609375,21534.099609375,401035800
2025-09-11,21534.099609375,21705.599609375,21534.099609375,21693.80078125,272299700
2025-09-12,21693.80078125,21749.400390625,21618.900390625,21625.400390625,261993600
2025-09-15,21625.400390625,21763.900390625,21595.099609375,21646.599609375,287244900
2025-09-16,21646.599609375,21731.5,21491.900390625,21491.900390625,298899800
2025-09-17,21491.900390625,21663.19921875,21489.0,21619.80078125,273008400
2025-09-18,21619.80078125,21758.0,21603.099609375,21726.0,326247100
2025-09-19,21726.0,21770.599609375,21584.900390625,21589.900390625,622892200
2025-09-22,21589.900390625,21641.30078125,21498.5,21596.900390625,245239000
2025-09-23,21596.900390625,21794.30078125,21596.80078125,21695.400390625,323548900
2025-09-24,21695.5,21735.900390625,21610.69921875,21690.5,277561100
2025-09-25,21690.5,21690.5,21548.400390625,21587.80078125,362184600
2025-09-26,21587.69921875,21709.900390625,21580.599609375,21681.5,291939200
2025-09-29,21681.400390625,21866.5,21675.30078125,21866.5,346437800
2025-09-30,21866.5,22024.30078125,21815.400390625,22015.599609375,387801700
2025-10-01,22015.5,22049.69921875,21916.400390625,22049.69921875,494429200
2025-10-02,22049.69921875,22135.5,21979.400390625,22047.30078125,348673500
2025-10-03,22047.30078125,22234.69921875,22047.30078125,22197.599609375,314883400
2025-10-06,22197.69921875,22203.099609375,22071.099609375,22099.69921875,255293000
2025-10-07,22099.80078125,22125.30078125,22002.80078125,22002.80078125,280732600
2025-10-08,22002.900390625,22053.80078125,21948.69921875,22041.80078125,329681300
2025-10-09,22042.099609375,22098.400390625,21992.19921875,22052.80078125,341643400
2025-10-10,22052.900390625,22066.5,21798.099609375,21801.80078125,307537900
2025-10-13,21801.900390625,22083.69921875,21801.0,22064.30078125,306799500
2025-10-14,22064.69921875,22064.69921875,21898.80078125,22028.19921875,392784700
2025-10-15,22027.80078125,22125.900390625,22012.80078125,22021.0,334302300
2025-10-16,22020.900390625,22049.5,21902.900390625,21991.400390625,261691700
2025-10-17,21991.30078125,21991.30078125,21587.099609375,21783.0,296239700
2025-10-20,21782.80078125,21896.900390625,21779.30078125,21868.5,290132700
2025-10-21,21868.599609375,21933.099609375,21816.599609375,21908.30078125,281613400
2025-10-22,21908.69921875,22285.19921875,21908.19921875,22229.80078125,565892600
2025-10-23,22229.900390625,22364.80078125,22224.0,22361.400390625,360725900
2025-10-24,22361.400390625,22529.0,22312.19921875,22529.0,284176300
2025-10-27,22528.900390625,22603.30078125,22482.900390625,22511.5,343449600
2025-10-28,22511.5,22527.900390625,22401.900390625,22484.099609375,256788500
2025-10-29,22484.400390625,22554.099609375,22432.400390625,22448.30078125,305503700
2025-10-30,22448.400390625,22448.400390625,22233.599609375,22276.30078125,351010300
2025-10-31,22276.30078125,22317.30078125,22171.0,22171.0,289749400
2025-11-03,22171.0,22206.099609375,22096.30078125,22108.900390625,282300800
2025-11-04,22109.099609375,22110.5,21874.0,21995.5,329294800
2025-11-05,21995.599609375,22140.30078125,21947.0,22094.400390625,331632100
2025-11-06,22094.30078125,22148.5,21891.19921875,21905.0,375464100
2025-11-07,21904.900390625,21981.69921875,21744.400390625,21773.400390625,353845600
2025-11-10,21773.400390625,22027.69921875,21764.19921875,21968.30078125,315037400
2025-11-11,21968.5,22161.19921875,21966.5,22149.900390625,360052500
2025-11-12,22150.0,22232.099609375,22115.69921875,22135.30078125,337119800
2025-11-13,22135.30078125,22212.30078125,21995.5,21995.5,284278700
2025-11-14,21995.80078125,21996.599609375,21606.0,21819.599609375,390971600
2025-11-17,21819.5,21841.19921875,21673.900390625,21687.900390625,283231000
2025-11-18,21688.0,21688.099609375,21351.19921875,21424.80078125,375615400
2025-11-19,21424.80078125,21540.599609375,21381.099609375,21412.19921875,403458700
2025-11-20,21412.30078125,21549.0,21384.400390625,21384.400390625,350182500
2025-11-21,21384.400390625,21384.400390625,21180.099609375,21363.400390625,424945400
2025-11-24,21363.400390625,21488.400390625,21353.400390625,21411.599609375,408216000
2025-11-25,21411.5,21623.599609375,21368.19921875,21617.400390625,369004900
2025-11-26,21617.5,21885.5,21543.0,21885.5,410144300
2025-11-27,21885.5,22091.5,21869.400390625,22091.5,311123600
2025-11-28,22091.69921875,22165.19921875,22068.0,22165.19921875,239027500
2025-12-01,22165.30078125,22168.0,21949.0,22020.69921875,357342200
2025-12-02,22020.69921875,22056.69921875,21947.80078125,21982.0,425279000
2025-12-03,21981.80078125,22011.599609375,21855.5,22001.5,351324600
2025-12-04,22001.5,22084.30078125,21989.900390625,22071.0,410141600
2025-12-05,22071.0,22172.19921875,22057.099609375,22064.0,339363000
2025-12-08,22064.0,22096.400390625,21914.400390625,21921.30078125,324660100
2025-12-09,21921.19921875,21978.19921875,21901.900390625,21909.099609375,339673900
2025-12-10,21909.099609375,21919.5,21826.80078125,21831.0,366153600
2025-12-11,21830.80078125,21854.30078125,21775.900390625,21852.099609375,348204200
2025-12-12,21852.400390625,22012.30078125,21850.30078125,21876.599609375,272127900
2025-12-15,21876.400390625,22074.19921875,21876.400390625,22049.19921875,248280900
2025-12-16,22049.19921875,22093.400390625,22013.30078125,22041.0,400849300
2025-12-17,22041.69921875,22269.19921875,22037.599609375,22164.80078125,357304300
2025-12-18,22164.900390625,22325.599609375,22154.19921875,22325.599609375,336115100
2025-12-19,22325.80078125,22363.69921875,22244.80078125,22312.69921875,568520700
2025-12-22,22312.400390625,22342.69921875,22226.69921875,22342.69921875,247321000
2025-12-23,22342.30078125,22440.400390625,22330.69921875,22349.599609375,184470800
2025-12-24,22349.30078125,22385.900390625,22314.5,22314.5,100049700
2025-12-29,22314.69921875,22445.19921875,22312.5,22407.5,179762000
2025-12-30,22407.400390625,22564.19921875,22398.599609375,22558.400390625,179386400
