date,open,high,low,close,volume
2011-01-03,10147.23046875,10226.6796875,10145.5595703125,10192.0703125,15024700
2011-01-04,10196.1201171875,10224.7802734375,10161.2998046875,10178.099609375,18841100
2011-01-05,10188.8701171875,10188.8701171875,9957.8701171875,10054.8203125,17625800
2011-01-06,10071.7001953125,10172.2001953125,10071.7001953125,10099.400390625,19601700
2011-01-07,10115.7900390625,10124.8203125,10064.009765625,10074.830078125,14486600
2011-01-10,10052.76953125,10059.4404296875,9882.48046875,9903.8701171875,20229500
2011-01-11,9932.9501953125,10134.990234375,9932.9501953125,10119.8701171875,16905600
2011-01-12,10127.4599609375,10338.650390625,10127.3798828125,10310.240234375,48071900
2011-01-13,10327.66015625,10352.3603515625,10226.3603515625,10291.91015625,29695500
2011-01-14,10270.669921875,10315.8095703125,10220.3603515625,10301.0498046875,21222200
2011-01-17,10300.6396484375,10316.669921875,10224.419921875,10275.6904296875,12251000
2011-01-18,10283.2900390625,10404.1103515625,10283.2900390625,10382.3203125,22983100
2011-01-19,10393.349609375,10411.1201171875,10227.75,10248.1298828125,24328600
2011-01-20,10217.0703125,10237.16015625,10034.76953125,10075.599609375,29337500
2011-01-21,10082.08984375,10181.490234375,10055.7900390625,10091.580078125,22344200
2011-01-24,10125.1796875,10147.9296875,9943.1904296875,10064.8095703125,27289000
2011-01-25,10087.3603515625,10118.669921875,10042.3095703125,10047.9501953125,31080900
2011-01-26,10084.0498046875,10242.23046875,10082.75,10213.7001953125,24346200
2011-01-27,10236.0400390625,10339.0400390625,10229.58984375,10273.2900390625,26039400
2011-01-28,10285.0703125,10359.1298828125,10234.83984375,10234.83984375,26308300
2011-01-31,10214.3203125,10215.1103515625,10055.73046875,10139.8896484375,22298800
2011-02-01,10177.8095703125,10278.4296875,10175.51953125,10262.7197265625,25217600
2011-02-02,10297.8701171875,10356.4501953125,10208.349609375,10241.4697265625,22465700
2011-02-03,10233.169921875,10284.16015625,10185.3701171875,10269.650390625,23502700
2011-02-04,10285.740234375,10338.740234375,10284.1103515625,10302.349609375,17142900
2011-02-07,10333.419921875,10447.259765625,10333.419921875,10443.650390625,21758000
2011-02-08,10436.01953125,10539.3603515625,10429.419921875,10533.8095703125,24560000
2011-02-09,10545.599609375,10591.0498046875,10519.4697265625,10525.2900390625,28771200
2011-02-10,10529.0595703125,10529.0595703125,10393.830078125,10489.5302734375,24056500
2011-02-11,10469.919921875,10574.509765625,10421.26953125,10552.150390625,29648000
2011-02-14,10579.0400390625,10635.740234375,10579.01953125,10610.740234375,19366900
2011-02-15,10607.009765625,10620.8095703125,10547.349609375,10588.8798828125,18031600
2011-02-16,10592.240234375,10629.009765625,10540.08984375,10585.5302734375,21127700
2011-02-17,10592.3896484375,10603.3701171875,10460.08984375,10518.0595703125,22867700
2011-02-18,10528.759765625,10529.6103515625,10422.1796875,10513.9599609375,25100300
2011-02-21,10497.2802734375,10527.099609375,10331.650390625,10338.5498046875,21177200
2011-02-22,10279.6796875,10335.9599609375,10145.4501953125,10304.490234375,24480500
2011-02-23,10267.2900390625,10274.759765625,10088.6396484375,10122.330078125,23741700
2011-02-24,10073.83984375,10083.6103515625,9966.1904296875,10016.48046875,31453800
2011-02-25,10038.3798828125,10205.740234375,10009.8798828125,10182.3798828125,19420700
2011-02-28,10179.2001953125,10316.919921875,10167.2197265625,10293.830078125,20335500
2011-03-01,10328.3095703125,10446.259765625,10258.259765625,10304.8203125,25017500
2011-03-02,10253.0,10253.0,10087.740234375,10182.1796875,21630900
2011-03-03,10210.4296875,10244.76953125,10150.16015625,10182.0498046875,19537900
2011-03-04,10204.9404296875,10268.7900390625,10116.5498046875,10148.5302734375,22130000
2011-03-07,10134.669921875,10269.25,10067.5595703125,10163.8896484375,25119300
2011-03-08,10194.6396484375,10252.6103515625,10145.240234375,10228.5703125,20997800
2011-03-09,10244.919921875,10381.8798828125,10243.25,10290.1796875,30982800
2011-03-10,10272.580078125,10276.9697265625,10119.6796875,10152.25,30123700
2011-03-11,10100.080078125,10101.48046875,9998.01953125,10011.759765625,23177000
2011-03-14,9919.0595703125,9966.51953125,9814.1796875,9880.76953125,31677300
2011-03-15,9713.23046875,9713.23046875,9362.9404296875,9628.759765625,55673900
2011-03-16,9660.5400390625,9827.4501953125,9563.240234375,9565.6103515625,33469900
2011-03-17,9594.91015625,9786.6904296875,9585.2099609375,9741.08984375,28369400
2011-03-18,9784.4599609375,9919.6396484375,9782.8603515625,9854.01953125,34985800
2011-03-21,9940.830078125,10053.5,9940.830078125,10012.1396484375,21852200
2011-03-22,10033.33984375,10051.400390625,9932.5595703125,9964.0498046875,17887500
2011-03-23,9941.0400390625,10006.8603515625,9894.5400390625,9994.7900390625,21141300
2011-03-24,9994.66015625,10196.669921875,9984.01953125,10167.1103515625,19542200
2011-03-25,10203.4599609375,10234.4404296875,10159.5400390625,10192.419921875,19594500
2011-03-28,10185.8896484375,10216.9501953125,10152.259765625,10200.7900390625,19649400
2011-03-29,10205.580078125,10229.3095703125,10128.080078125,10219.33984375,17744200
2011-03-30,10265.4599609375,10351.5595703125,10265.4599609375,10329.5302734375,21565400
2011-03-31,10349.490234375,10367.1298828125,10306.3095703125,10310.080078125,17203900
2011-04-01,10361.919921875,10513.8701171875,10361.919921875,10490.419921875,21126000
2011-04-04,10509.080078125,10603.7900390625,10508.7197265625,10562.7197265625,18233500
2011-04-05,10564.8701171875,10590.580078125,10503.650390625,10551.1796875,17210000
2011-04-06,10573.7900390625,10594.5703125,10524.990234375,10577.1904296875,15607200
2011-04-07,10595.0302734375,10605.66015625,10477.33984375,10488.400390625,22072600
2011-04-08,10530.6796875,10563.6103515625,10516.8095703125,10539.599609375,18016700
2011-04-11,10538.26953125,10550.8896484375,10404.5595703125,10452.580078125,18013900
2011-04-12,10414.0595703125,10414.0595703125,10266.7900390625,10308.66015625,18655800
2011-04-13,10329.48046875,10399.2900390625,10328.1904296875,10348.3095703125,17720100
2011-04-14,10333.2001953125,10373.4404296875,10286.900390625,10317.2001953125,16515200
2011-04-15,10327.0595703125,10390.150390625,10325.8203125,10370.2900390625,17093200
2011-04-18,10394.3701171875,10399.75,10118.599609375,10164.9599609375,23068000
2011-04-19,10154.5703125,10287.2802734375,10152.8701171875,10238.830078125,18037300
2011-04-20,10283.740234375,10473.1396484375,10283.740234375,10450.1201171875,19088400
2011-04-21,10486.9404296875,10518.150390625,10464.2998046875,10513.2802734375,15761600
2011-04-26,10514.1796875,10653.0302734375,10508.0703125,10626.080078125,14706600
2011-04-27,10642.009765625,10716.1201171875,10628.98046875,10684.1396484375,16112400
2011-04-28,10713.2197265625,10759.1904296875,10685.669921875,10711.2998046875,16764400
2011-04-29,10717.2197265625,10741.4404296875,10691.919921875,10740.4501953125,12923100
2011-05-02,10782.2998046875,10856.8203125,10782.2998046875,10799.5302734375,15190000
2011-05-03,10796.759765625,10802.6201171875,10692.9404296875,10752.0498046875,19398400
2011-05-04,10760.8896484375,10761.0400390625,10548.2001953125,10580.6201171875,21310800
2011-05-05,10587.6796875,10639.76953125,10468.6103515625,10541.150390625,23210600
2011-05-06,10553.6103515625,10717.91015625,10512.3701171875,10694.3203125,25148500
2011-05-09,10687.9599609375,10774.4404296875,10671.259765625,10713.509765625,18627200
2011-05-10,10734.0400390625,10851.6904296875,10732.6298828125,10830.8095703125,18261800
2011-05-11,10842.3896484375,10881.400390625,10777.98046875,10819.9599609375,22789400
2011-05-12,10777.3095703125,10777.3095703125,10640.009765625,10759.2197265625,32051700
2011-05-13,10791.3603515625,10910.5400390625,10786.7998046875,10850.66015625,24864400
2011-05-16,10805.849609375,10832.509765625,10725.01953125,10794.9404296875,19585100
2011-05-17,10787.900390625,10803.2099609375,10633.349609375,10661.5,25282400
2011-05-18,10688.830078125,10735.0703125,10639.23046875,10662.5703125,21756700
2011-05-19,10691.009765625,10806.2802734375,10669.2998046875,10766.900390625,20387800
2011-05-20,10785.73046875,10872.8603515625,10732.8701171875,10778.0595703125,24412700
2011-05-23,10703.599609375,10703.599609375,10542.58984375,10570.3896484375,22570600
2011-05-24,10585.0703125,10700.3603515625,10583.7900390625,10642.8896484375,17230200
2011-05-25,10597.6396484375,10645.9296875,10564.7197265625,10632.580078125,19464900
2011-05-26,10654.1796875,10685.2197265625,10600.6201171875,10624.7197265625,19756800
2011-05-27,10668.759765625,10728.5703125,10667.099609375,10694.08984375,17630100
2011-05-30,10709.0302734375,10752.740234375,10699.01953125,10730.4296875,8740500
2011-05-31,10783.6103515625,10920.7099609375,10783.6103515625,10884.0400390625,26686600
2011-06-01,10897.650390625,10948.2099609375,10814.919921875,10826.6904296875,21981900
2011-06-02,10770.759765625,10770.759765625,10675.419921875,10680.3896484375,12297100
2011-06-03,10694.6796875,10742.3896484375,10616.08984375,10682.1796875,14204300
2011-06-06,10675.759765625,10695.6396484375,10630.98046875,10659.8701171875,15199900
2011-06-07,10659.6796875,10732.490234375,10646.7802734375,10656.0400390625,24046100
2011-06-08,10654.1396484375,10654.1396484375,10484.1396484375,10538.6796875,24126200
2011-06-09,10541.2197265625,10687.3203125,10525.6201171875,10674.1796875,20287800
2011-06-10,10686.3603515625,10709.08984375,10548.1796875,10572.1904296875,19816800
2011-06-13,10557.5595703125,10596.6298828125,10496.150390625,10570.41015625,8794500
2011-06-14,10606.4404296875,10713.580078125,10606.4404296875,10693.26953125,18353100
2011-06-15,10685.0,10751.5302734375,10600.6201171875,10634.5703125,18991400
2011-06-16,10584.5498046875,10595.740234375,10437.7001953125,10557.83984375,23208700
2011-06-17,10544.830078125,10580.4501953125,10383.66015625,10530.4697265625,37101400
2011-06-20,10480.8798828125,10489.900390625,10402.080078125,10462.6103515625,19176400
2011-06-21,10495.099609375,10664.1396484375,10495.099609375,10651.58984375,19991500
2011-06-22,10663.0302734375,10702.4599609375,10633.259765625,10661.51953125,16599700
2011-06-23,10626.5302734375,10644.75,10470.7197265625,10515.0302734375,16552100
2011-06-24,10566.669921875,10686.0498046875,10498.9501953125,10510.349609375,15563500
2011-06-27,10487.759765625,10560.3798828125,10432.0400390625,10456.8798828125,14507300
2011-06-28,10483.08984375,10553.0595703125,10445.1201171875,10539.099609375,16540000
2011-06-29,10583.3896484375,10790.240234375,10583.23046875,10748.0302734375,20699100
2011-06-30,10783.099609375,10966.580078125,10777.830078125,10932.330078125,21138800
2011-07-01,10946.5400390625,11024.0498046875,10897.3896484375,10991.2900390625,24869200
2011-07-04,11006.1796875,11120.7900390625,11001.2001953125,11087.4501953125,21610400
2011-07-05,11081.6396484375,11137.6298828125,11079.5498046875,11089.6298828125,20494200
2011-07-06,11097.080078125,11121.1103515625,11040.76953125,11073.9599609375,22408500
2011-07-07,11100.16015625,11210.759765625,11073.48046875,11187.0400390625,17962000
2011-07-08,11203.2802734375,11258.91015625,11041.0498046875,11068.919921875,23125900
2011-07-11,11007.75,11007.75,10736.580078125,10813.150390625,22661500
2011-07-12,10689.669921875,10744.98046875,10396.83984375,10744.98046875,29873000
2011-07-13,10736.2900390625,10954.4697265625,10710.3603515625,10930.6796875,20793200
2011-07-14,10877.8603515625,10916.490234375,10777.1103515625,10796.1396484375,18422900
2011-07-15,10763.5703125,10829.3701171875,10678.66015625,10789.48046875,20639000
2011-07-18,10746.5703125,10777.9599609375,10524.5,10575.0400390625,26459000
2011-07-19,10585.1904296875,10686.3603515625,10576.330078125,10628.6201171875,22265800
2011-07-20,10688.5400390625,10822.9697265625,10688.5400390625,10770.5302734375,20635400
2011-07-21,10808.48046875,10860.509765625,10657.3896484375,10828.4697265625,23183700
2011-07-22,10856.1298828125,10941.4599609375,10827.580078125,10886.75,15303700
2011-07-25,10837.1396484375,10936.099609375,10798.5703125,10914.099609375,18065800
2011-07-26,10935.0400390625,10958.830078125,10725.6103515625,10785.080078125,22538900
2011-07-27,10750.6396484375,10750.6396484375,10555.1201171875,10643.1201171875,25638900
2011-07-28,10557.7802734375,10592.6201171875,10404.7802734375,10488.7900390625,25828300
2011-07-29,10437.7802734375,10536.6298828125,10353.1298828125,10486.8798828125,21352000
2011-08-01,10599.7998046875,10690.1396484375,10333.98046875,10338.080078125,21209600
2011-08-02,10310.83984375,10310.83984375,9924.7197265625,9957.0,37199400
2011-08-03,9841.1796875,9872.4697265625,9622.0595703125,9719.1298828125,40395300
2011-08-04,9786.3203125,9877.91015625,9165.3203125,9225.2900390625,48596500
2011-08-05,8868.5498046875,9454.8701171875,8733.33984375,9135.2197265625,59579400
2011-08-08,9024.650390625,9173.849609375,8483.2998046875,8539.419921875,45207000
2011-08-09,8537.1904296875,8800.8701171875,8042.56005859375,8783.6103515625,58408600
2011-08-10,8971.599609375,9199.98046875,8479.7001953125,8532.7001953125,60112100
2011-08-11,8660.3203125,8935.5498046875,8435.3603515625,8913.900390625,50863900
2011-08-12,8949.0400390625,9257.599609375,8778.6904296875,9197.4697265625,41317700
2011-08-15,9307.7099609375,9442.2099609375,9278.2900390625,9318.1904296875,24391400
2011-08-16,9291.7099609375,9299.01953125,8950.4501953125,9149.1201171875,27546100
2011-08-17,9093.6904296875,9178.23046875,8917.0595703125,9084.0302734375,23108000
2011-08-18,9005.099609375,9005.099609375,8422.8603515625,8532.8896484375,36944100
2011-08-19,8482.849609375,8559.6298828125,8118.0498046875,8404.2900390625,38535300
2011-08-22,8356.150390625,8568.259765625,8314.1103515625,8424.9296875,24482200
2011-08-23,8496.83984375,8681.150390625,8389.0400390625,8477.849609375,27527200
2011-08-24,8561.0,8826.349609375,8471.490234375,8747.740234375,28130900
2011-08-25,8817.5703125,8982.4501953125,8629.7998046875,8705.91015625,29037700
2011-08-26,8709.6396484375,8713.8896484375,8409.6904296875,8628.849609375,19947200
2011-08-29,8728.0595703125,8918.4697265625,8724.990234375,8857.4404296875,12819200
2011-08-30,8929.9404296875,8974.0400390625,8785.2001953125,8898.009765625,20213100
2011-08-31,8935.5703125,9237.490234375,8916.8896484375,9177.08984375,29898600
2011-09-01,9193.5302734375,9220.4501953125,8977.759765625,9170.66015625,23446200
2011-09-02,9080.51953125,9080.51953125,8756.5,8837.5,23026500
2011-09-05,8703.580078125,8703.580078125,8342.0,8402.919921875,24428700
2011-09-06,8385.91015625,8497.740234375,8252.23046875,8334.9296875,25495200
2011-09-07,8452.8095703125,8723.990234375,8452.1904296875,8714.9697265625,24116000
2011-09-08,8729.41015625,8851.5595703125,8663.9599609375,8787.9501953125,23140200
2011-09-09,8755.3896484375,8767.080078125,8508.3798828125,8535.7900390625,20708900
2011-09-12,8404.4296875,8405.3203125,8185.14013671875,8303.8701171875,22197500
2011-09-13,8408.7998046875,8456.099609375,8151.5498046875,8403.1904296875,22078300
2011-09-14,8327.0703125,8663.33984375,8308.5302734375,8659.51953125,23807200
2011-09-15,8693.4404296875,8898.9697265625,8693.4404296875,8832.7197265625,24542800
2011-09-16,8910.08984375,8987.1396484375,8798.8896484375,8910.8203125,33976000
2011-09-19,8791.0400390625,8841.330078125,8674.099609375,8720.8095703125,17522400
2011-09-20,8666.26953125,8881.6201171875,8650.6201171875,8877.419921875,16519600
2011-09-21,8884.509765625,8903.41015625,8695.9501953125,8724.1904296875,17691800
2011-09-22,8579.6298828125,8579.6298828125,8199.7802734375,8230.490234375,29849500
2011-09-23,8321.009765625,8342.9404296875,7853.56982421875,8146.009765625,27704900
2011-09-26,8052.93994140625,8324.650390625,7985.31005859375,8215.6396484375,25224200
2011-09-27,8316.669921875,8635.26953125,8316.669921875,8628.4697265625,24916500
2011-09-28,8570.9697265625,8692.75,8487.3701171875,8548.1396484375,19054100
2011-09-29,8515.6904296875,8704.25,8498.9296875,8635.4501953125,20816200
2011-09-30,8585.400390625,8585.759765625,8262.25,8341.080078125,22631800
2011-10-04,8102.330078125,8102.330078125,7636.6298828125,7783.14013671875,27331500
2011-10-05,7870.27001953125,8070.1298828125,7804.06005859375,8066.2900390625,20633500
2011-10-06,8114.0,8399.419921875,8114.0,8398.509765625,23106200
2011-10-07,8406.8603515625,8550.3603515625,8328.41015625,8450.66015625,19769600
2011-10-10,8478.9599609375,8694.8603515625,8423.16015625,8678.8798828125,16051500
2011-10-11,8672.1201171875,8738.9404296875,8579.75,8723.669921875,15574000
2011-10-12,8705.9501953125,8936.349609375,8600.01953125,8935.8603515625,22511100
2011-10-13,8944.9296875,9053.8896484375,8844.8203125,8901.5703125,22749100
2011-10-14,8919.7001953125,9131.51953125,8842.169921875,9026.8603515625,21229900
2011-10-17,9095.7197265625,9231.91015625,8814.6904296875,8886.0,25067600
2011-10-18,8807.2001953125,9010.919921875,8704.0595703125,8973.8603515625,18226200
2011-10-19,9018.580078125,9101.4599609375,8900.08984375,8934.169921875,15725500
2011-10-20,8856.8095703125,8896.1103515625,8691.4599609375,8705.58984375,17032100
2011-10-21,8723.4404296875,8956.75,8714.5302734375,8956.169921875,15617300
2011-10-24,9004.2001953125,9166.6796875,8970.8203125,9148.0498046875,16824000
2011-10-25,9130.4296875,9202.990234375,8965.0595703125,9065.4599609375,18990600
2011-10-26,9051.1396484375,9148.1201171875,8941.400390625,9035.6904296875,16966300
2011-10-27,9250.3203125,9408.16015625,9221.0400390625,9386.599609375,27769300
2011-10-28,9432.3203125,9462.23046875,9249.9404296875,9339.7900390625,20956500
2011-10-31,9269.1201171875,9272.3095703125,9074.0703125,9076.240234375,19312700
2011-11-01,8914.1298828125,8914.1298828125,8615.75,8730.349609375,26794200
2011-11-02,8790.2802734375,8926.5498046875,8733.5595703125,8855.4697265625,21000200
2011-11-03,8773.0,9161.330078125,8716.2099609375,9136.0498046875,27277100
2011-11-04,9185.91015625,9233.0703125,9009.16015625,9076.5498046875,18408500
2011-11-07,9034.5400390625,9129.349609375,8939.8798828125,9032.7802734375,16358500
2011-11-08,9046.259765625,9179.8203125,9045.51953125,9064.76953125,17623500
2011-11-09,9139.2998046875,9196.58984375,8801.2802734375,8871.3798828125,25080200
2011-11-10,8784.259765625,9003.150390625,8758.2900390625,8845.1201171875,24939800
2011-11-11,8863.3203125,9168.2001953125,8845.0302734375,9153.849609375,19928600
2011-11-14,9197.7900390625,9231.8701171875,8977.83984375,9029.5,16869700
2011-11-15,8961.419921875,9008.08984375,8810.73046875,8897.75,17716900
2011-11-16,8867.2099609375,9010.8896484375,8819.849609375,8860.509765625,18115700
2011-11-17,8839.830078125,8866.4296875,8690.3701171875,8720.509765625,18825200
2011-11-18,8685.51953125,8714.849609375,8596.830078125,8626.150390625,16493900
2011-11-21,8591.2197265625,8591.2197265625,8301.75,8301.9404296875,20441700
2011-11-22,8351.0703125,8404.330078125,8208.400390625,8208.400390625,21602900
2011-11-23,8146.2900390625,8281.5498046875,8105.77978515625,8105.77978515625,24037900
2011-11-24,8161.68017578125,8351.98046875,8138.68994140625,8222.7001953125,22414700
2011-11-25,8217.2802734375,8305.419921875,8097.81005859375,8248.0595703125,20593600
2011-11-28,8342.1298828125,8590.6103515625,8342.1298828125,8590.6103515625,19257900
2011-11-29,8579.5302734375,8674.75,8505.5400390625,8612.41015625,20357300
2011-11-30,8553.0498046875,9024.8896484375,8522.5,9017.0498046875,39599800
2011-12-01,8992.2802734375,9026.6201171875,8885.849609375,8904.5400390625,21780600
2011-12-02,8983.6201171875,9054.26953125,8961.759765625,8987.150390625,18641700
2011-12-05,9040.490234375,9097.58984375,9020.5302734375,9043.8701171875,15618900
2011-12-06,8966.9404296875,9029.9599609375,8899.5302734375,8944.4296875,16106700
2011-12-07,9002.740234375,9061.5400390625,8796.58984375,8849.48046875,20568000
2011-12-08,8897.4296875,8919.3798828125,8639.0703125,8668.490234375,18822900
2011-12-09,8617.2998046875,8817.6298828125,8589.8798828125,8768.1796875,16807800
2011-12-12,8764.0,8764.0,8552.6904296875,8558.9404296875,14348000
2011-12-13,8578.900390625,8676.0400390625,8522.26953125,8586.849609375,16546900
2011-12-14,8566.990234375,8609.7998046875,8398.5498046875,8398.6396484375,19786500
2011-12-15,8423.150390625,8580.580078125,8403.26953125,8518.66015625,22023600
2011-12-16,8541.8095703125,8610.0595703125,8516.7099609375,8531.099609375,22991500
2011-12-19,8475.8603515625,8596.9697265625,8462.9296875,8490.8896484375,13159200
2011-12-20,8487.650390625,8743.16015625,8476.41015625,8737.2802734375,14817500
2011-12-21,8784.3095703125,8886.0498046875,8686.6904296875,8717.6904296875,15352500
2011-12-22,8736.099609375,8827.6201171875,8736.099609375,8775.3896484375,12020300
2011-12-23,8818.01953125,8844.009765625,8789.4296875,8834.6904296875,6253800
2011-12-27,8838.01953125,8887.080078125,8824.509765625,8837.9404296875,4986300
2011-12-28,8833.5302734375,8879.08984375,8752.8603515625,8752.8603515625,8831500
2011-12-29,8767.7998046875,8827.8095703125,8741.3095703125,8827.8095703125,8547000
2011-12-30,8847.75,8902.76953125,8798.6796875,8897.8095703125,5476700
2012-01-02,8891.5400390625,9115.9599609375,8887.16015625,9115.2001953125,7236800
2012-01-03,9153.48046875,9229.33984375,9126.4296875,9229.08984375,18086900
2012-01-04,9206.349609375,9254.0498046875,9156.75,9190.1201171875,14966900
2012-01-05,9189.5498046875,9212.6201171875,9105.8701171875,9170.4599609375,16675400
2012-01-06,9177.4296875,9258.6298828125,9129.6298828125,9215.6796875,15031000
2012-01-09,9209.1103515625,9233.8896484375,9132.1904296875,9163.509765625,12929100
2012-01-10,9198.83984375,9402.2998046875,9198.83984375,9388.76953125,18514300
2012-01-11,9369.2802734375,9494.9501953125,9357.08984375,9469.6396484375,21419500
2012-01-12,9491.2197265625,9642.240234375,9485.6396484375,9535.5595703125,25180900
2012-01-13,9590.3798828125,9626.2802734375,9375.01953125,9487.3203125,21612000
2012-01-16,9455.509765625,9585.6201171875,9428.4501953125,9571.6201171875,14127300
2012-01-17,9635.2998046875,9753.900390625,9635.2998046875,9721.83984375,19315600
2012-01-18,9715.3095703125,9756.9296875,9613.1298828125,9752.740234375,17911100
2012-01-19,9786.1796875,9844.8095703125,9773.7998046875,9838.48046875,20776600
2012-01-20,9836.349609375,9854.0400390625,9747.830078125,9797.349609375,19006500
2012-01-23,9790.4599609375,9870.7900390625,9766.849609375,9852.7197265625,17048600
2012-01-24,9822.080078125,9822.080078125,9683.7900390625,9765.1298828125,18563100
2012-01-25,9799.2900390625,9858.6796875,9735.7099609375,9825.2900390625,17768400
2012-01-26,9850.419921875,10035.7900390625,9824.6904296875,9974.6103515625,22189800
2012-01-27,9946.2001953125,10027.150390625,9902.0400390625,9940.4404296875,15109300
2012-01-30,9882.240234375,9899.26953125,9746.01953125,9773.3203125,17563100
2012-01-31,9805.6201171875,10004.5,9805.6201171875,9917.4296875,20247300
2012-02-01,9929.4599609375,10137.83984375,9929.4599609375,10128.66015625,22488400
2012-02-02,10141.9501953125,10241.919921875,10131.6201171875,10212.169921875,39728300
2012-02-03,10212.4599609375,10413.9697265625,10191.2998046875,10413.9697265625,31514500
2012-02-06,10381.76953125,10433.599609375,10348.5400390625,10374.9599609375,24314200
2012-02-07,10388.0400390625,10410.7998046875,10216.16015625,10306.48046875,20600800
2012-02-08,10340.91015625,10402.98046875,10288.6396484375,10316.349609375,20312400
2012-02-09,10333.099609375,10414.259765625,10296.6796875,10356.3203125,22620300
2012-02-10,10310.240234375,10323.51953125,10195.6103515625,10249.1298828125,30297200
2012-02-13,10295.08984375,10340.5595703125,10252.0498046875,10289.9501953125,16547100
2012-02-14,10267.5400390625,10331.080078125,10225.400390625,10253.5595703125,18142700
2012-02-15,10298.0400390625,10412.5400390625,10296.4296875,10352.9697265625,21056200
2012-02-16,10298.900390625,10303.169921875,10157.4501953125,10296.7099609375,19985500
2012-02-17,10347.8701171875,10442.8203125,10347.8701171875,10441.4296875,20661500
2012-02-20,10471.1904296875,10616.6396484375,10471.1904296875,10584.75,16252200
2012-02-21,10574.3603515625,10579.599609375,10446.2197265625,10468.48046875,17404000
2012-02-22,10471.5,10475.3603515625,10365.25,10380.16015625,22699000
2012-02-23,10364.4697265625,10493.9296875,10283.3701171875,10368.6201171875,18671100
2012-02-24,10405.1904296875,10468.98046875,10353.25,10452.26953125,15228500
2012-02-27,10425.2197265625,10425.740234375,10291.7197265625,10380.919921875,15648200
2012-02-28,10381.1201171875,10448.5595703125,10359.740234375,10442.73046875,14424600
2012-02-29,10460.66015625,10505.349609375,10404.330078125,10428.599609375,16453900
2012-03-01,10410.7900390625,10528.6201171875,10370.6796875,10528.25,16073500
2012-03-02,10538.8203125,10546.7802734375,10487.66015625,10509.8701171875,13231500
2012-03-05,10487.3095703125,10488.01953125,10338.41015625,10384.7802734375,16472300
2012-03-06,10358.1904296875,10358.2099609375,9995.9296875,9996.0302734375,24920300
2012-03-07,9966.349609375,10121.75,9962.26953125,10107.6904296875,22316700
2012-03-08,10137.7001953125,10431.16015625,10137.7001953125,10431.16015625,18039400
2012-03-09,10440.150390625,10544.7197265625,10422.3701171875,10513.83984375,16947600
2012-03-12,10501.6796875,10572.580078125,10447.7197265625,10530.98046875,14032300
2012-03-13,10573.8095703125,10687.4404296875,10573.8095703125,10667.7001953125,15500200
2012-03-14,10694.740234375,10748.7001953125,10659.5498046875,10665.7001953125,18131300
2012-03-15,10676.4296875,10734.0,10647.6298828125,10726.2001953125,18892000
2012-03-16,10727.1904296875,10769.099609375,10697.169921875,10749.3095703125,29062100
2012-03-19,10739.5302734375,10739.5302734375,10647.8896484375,10712.7099609375,15081600
2012-03-20,10695.75,10695.75,10497.25,10575.1796875,16470000
2012-03-21,10593.9296875,10675.7900390625,10546.849609375,10630.650390625,15282000
2012-03-22,10619.73046875,10711.490234375,10503.900390625,10573.0498046875,19895300
2012-03-23,10574.509765625,10685.6103515625,10527.240234375,10656.5498046875,18038400
2012-03-26,10685.650390625,10816.0703125,10609.9404296875,10807.73046875,14953200
2012-03-27,10829.1103515625,10903.3603515625,10798.0498046875,10821.150390625,20990700
2012-03-28,10815.4697265625,10856.4599609375,10677.2099609375,10677.2099609375,16705800
2012-03-29,10660.9501953125,10697.830078125,10508.740234375,10531.919921875,18388300
2012-03-30,10579.9404296875,10741.740234375,10579.9404296875,10703.099609375,18133200
2012-04-02,10723.6201171875,10873.2197265625,10695.9501953125,10873.2197265625,24198600
2012-04-03,10873.91015625,10936.830078125,10852.7197265625,10853.009765625,20541800
2012-04-04,10818.5595703125,10818.5595703125,10494.9599609375,10515.4296875,21788000
2012-04-05,10561.83984375,10652.4697265625,10492.9697265625,10600.66015625,19515400
2012-04-10,10531.4296875,10533.5,10332.48046875,10332.73046875,17266500
2012-04-11,10324.1201171875,10509.3603515625,10324.1201171875,10439.1298828125,16974400
2012-04-12,10460.7998046875,10693.5703125,10459.650390625,10670.73046875,23871800
2012-04-13,10660.0400390625,10678.9599609375,10467.8896484375,10494.0,17096500
2012-04-16,10478.6796875,10622.5498046875,10446.759765625,10545.669921875,19613200
2012-04-17,10544.509765625,10759.419921875,10527.3603515625,10747.349609375,47146300
2012-04-18,10744.6796875,10762.6904296875,10623.240234375,10661.5498046875,26023600
2012-04-19,10681.48046875,10774.2900390625,10591.8203125,10601.98046875,21153500
2012-04-20,10598.0703125,10649.5,10540.240234375,10649.5,17518100
2012-04-23,10593.9599609375,10593.9599609375,10220.2900390625,10270.48046875,19178500
2012-04-24,10314.5498046875,10403.099609375,10302.1904296875,10372.599609375,18006600
2012-04-25,10394.3095703125,10644.9404296875,10394.3095703125,10629.6201171875,17446000
2012-04-26,10648.419921875,10807.1103515625,10636.2802734375,10761.3095703125,41683100
2012-04-27,10723.4501953125,10918.91015625,10669.91015625,10910.1103515625,23815500
2012-04-30,10928.349609375,10967.849609375,10818.4296875,10828.25,15420000
2012-05-02,10885.1103515625,10977.2802734375,10783.8603515625,10828.2197265625,17188400
2012-05-03,10847.5498046875,10897.3701171875,10802.91015625,10850.1396484375,15605100
2012-05-04,10838.3603515625,10840.4697265625,10564.7001953125,10588.9501953125,18594100
2012-05-07,10473.51953125,10637.150390625,10377.8896484375,10625.7998046875,12641700
2012-05-08,10634.5,10634.5302734375,10378.490234375,10416.2998046875,15382300
2012-05-09,10448.3701171875,10506.740234375,10323.08984375,10446.58984375,24377700
2012-05-10,10502.76953125,10514.5,10350.9404296875,10489.48046875,20258600
2012-05-11,10457.259765625,10562.76953125,10412.5302734375,10554.990234375,19713900
2012-05-14,10517.1298828125,10517.1298828125,10314.1201171875,10363.9697265625,16168000
2012-05-15,10402.75,10433.759765625,10295.1396484375,10332.759765625,23078200
2012-05-16,10272.9296875,10391.3095703125,10170.75,10331.4296875,22281600
2012-05-17,10358.5703125,10359.849609375,10205.8896484375,10205.8896484375,12088800
2012-05-18,10158.7099609375,10158.7099609375,10020.400390625,10043.669921875,18133400
2012-05-21,10050.9697265625,10214.919921875,10048.76953125,10169.5498046875,14442700
2012-05-22,10210.330078125,10442.0302734375,10210.330078125,10427.419921875,16011700
2012-05-23,10367.7998046875,10367.7998046875,10216.8701171875,10228.240234375,21154800
2012-05-24,10295.2099609375,10318.98046875,10133.8203125,10231.51953125,18592900
2012-05-25,10239.400390625,10309.580078125,10133.2001953125,10196.4404296875,15431500
2012-05-28,10236.7001953125,10351.6796875,10236.6298828125,10262.3798828125,8628400
2012-05-29,10315.990234375,10448.98046875,10315.990234375,10417.7998046875,15050300
2012-05-30,10382.3603515625,10382.3603515625,10187.1396484375,10208.5595703125,12391600
2012-05-31,10202.580078125,10264.8095703125,10092.66015625,10147.8203125,13934700
2012-06-01,10168.7001953125,10170.4296875,9773.6396484375,9870.4599609375,21040500
2012-06-04,9803.9296875,9803.9296875,9629.7001953125,9715.51953125,14272300
2012-06-05,9745.580078125,9798.8798828125,9641.4296875,9733.419921875,11817300
2012-06-06,9774.490234375,10038.9697265625,9774.490234375,10036.099609375,18577600
2012-06-07,10051.5400390625,10307.16015625,10032.349609375,10228.4404296875,16816300
2012-06-08,10175.4599609375,10175.4599609375,10010.099609375,10123.1201171875,14025900
2012-06-11,10219.0400390625,10350.3701171875,10087.2197265625,10103.349609375,14996300
2012-06-12,10094.9501953125,10167.740234375,9977.6904296875,10044.900390625,16273400
2012-06-13,10069.6298828125,10156.91015625,9910.400390625,9981.8798828125,17195300
2012-06-14,9980.3896484375,9980.3896484375,9812.8203125,9931.25,17480800
2012-06-15,9952.2197265625,10063.580078125,9951.9404296875,10046.1103515625,22370200
2012-06-18,10127.7197265625,10220.349609375,10062.7197265625,10089.150390625,16713300
2012-06-19,10111.3603515625,10314.4296875,10111.3603515625,10297.4599609375,19405600
2012-06-20,10315.2900390625,10406.759765625,10266.509765625,10403.7099609375,24480800
2012-06-21,10369.8798828125,10492.419921875,10308.650390625,10372.5302734375,17251100
2012-06-22,10314.6298828125,10314.6298828125,10171.5595703125,10175.7197265625,13830100
2012-06-25,10169.169921875,10169.169921875,10008.580078125,10024.6103515625,14937700
2012-06-26,10032.25,10061.6796875,9944.16015625,9963.2099609375,14887400
2012-06-27,9991.3798828125,10019.830078125,9878.1201171875,10014.33984375,30420100
2012-06-28,10023.080078125,10081.0498046875,9875.900390625,9941.26953125,15136200
2012-06-29,10058.01953125,10343.7099609375,10057.5703125,10343.7099609375,19825000
2012-07-02,10349.6396484375,10482.7900390625,10291.6201171875,10454.4599609375,23738700
2012-07-03,10474.5703125,10644.7001953125,10474.33984375,10644.7001953125,16990100
2012-07-04,10627.4599609375,10696.5400390625,10594.580078125,10690.580078125,13817700
2012-07-05,10694.2900390625,10735.83984375,10531.51953125,10606.3798828125,16577800
2012-07-06,10579.0400390625,10589.6904296875,10447.509765625,10448.740234375,15169000
2012-07-09,10436.599609375,10475.0302734375,10401.419921875,10423.759765625,14694000
2012-07-10,10424.8798828125,10624.4404296875,10410.3203125,10565.23046875,13492300
2012-07-11,10540.0,10549.080078125,10429.3896484375,10446.169921875,12081500
2012-07-12,10411.349609375,10469.0,10348.1396484375,10388.2802734375,14383500
2012-07-13,10416.7900390625,10621.23046875,10414.0,10621.23046875,12653500
2012-07-16,10602.98046875,10660.25,10556.1396484375,10655.349609375,13050800
2012-07-17,10678.08984375,10722.349609375,10602.1904296875,10649.830078125,13775300
2012-07-18,10667.48046875,10743.400390625,10621.3095703125,10742.76953125,14229400
2012-07-19,10765.3095703125,10907.240234375,10755.6298828125,10902.2998046875,14373600
2012-07-20,10882.1904296875,10970.0498046875,10767.0498046875,10807.0703125,18025600
2012-07-23,10725.9697265625,10725.9697265625,10348.169921875,10426.5400390625,18583100
2012-07-24,10430.6796875,10505.6396484375,10383.9501953125,10454.0,13724100
2012-07-25,10416.240234375,10509.58984375,10412.509765625,10475.51953125,12938200
2012-07-26,10476.7802734375,10722.900390625,10418.2998046875,10722.6904296875,15374300
2012-07-27,10729.5,10857.759765625,10695.7197265625,10854.740234375,15498700
2012-07-30,10891.8701171875,10956.9501953125,10881.4501953125,10935.8095703125,13335500
2012-07-31,10932.5302734375,10944.9599609375,10811.2998046875,10826.259765625,14253100
2012-08-01,10841.33984375,10919.830078125,10815.7900390625,10891.6796875,12227100
2012-08-02,10881.150390625,10919.4501953125,10665.83984375,10674.740234375,17202000
2012-08-03,10696.330078125,10997.6298828125,10696.330078125,10990.7197265625,14596500
2012-08-06,10996.66015625,11149.8896484375,10986.2998046875,11125.7998046875,13552700
2012-08-07,11105.2998046875,11176.7802734375,11067.41015625,11167.5,16084100
2012-08-08,11130.2900390625,11130.349609375,11006.650390625,11053.7900390625,14518200
2012-08-09,11066.330078125,11084.3095703125,10969.8095703125,11064.240234375,16261900
2012-08-10,11033.9296875,11066.58984375,11000.1904296875,11054.5498046875,12242700
2012-08-13,11043.5302734375,11046.1103515625,10938.009765625,10987.5498046875,13202400
2012-08-14,11016.8701171875,11074.400390625,11015.83984375,11049.5,15236500
2012-08-15,11040.0595703125,11060.1298828125,10973.400390625,11026.2197265625,11372400
2012-08-16,11040.990234375,11099.0498046875,11018.76953125,11093.73046875,13820900
2012-08-17,11109.7998046875,11229.8095703125,11101.650390625,11228.419921875,15599000
2012-08-20,11227.490234375,11247.8896484375,11123.419921875,11153.2197265625,10278200
2012-08-21,11173.6796875,11273.3701171875,11168.9501953125,11255.3203125,11276000
2012-08-22,11206.900390625,11206.900390625,11117.8203125,11138.009765625,11619400
2012-08-23,11163.849609375,11203.91015625,11053.0400390625,11071.919921875,17778100
2012-08-24,11061.7001953125,11061.7001953125,10943.1298828125,11014.23046875,12393000
2012-08-27,10998.5703125,11061.7197265625,10988.2802734375,11061.2998046875,7921000
2012-08-28,11026.1904296875,11035.419921875,10975.98046875,11001.830078125,10889000
2012-08-29,11006.9501953125,11063.98046875,10977.3203125,11063.75,10754500
2012-08-30,11045.0302734375,11045.0302734375,10914.26953125,10944.0498046875,12769600
2012-08-31,10934.8095703125,11047.259765625,10918.599609375,11016.98046875,13166700
2012-09-03,11002.6796875,11051.2802734375,10921.26953125,11051.2802734375,15375600
2012-09-04,11052.23046875,11052.26953125,10887.8701171875,10898.9501953125,12286900
2012-09-05,10894.08984375,10923.4599609375,10842.9599609375,10887.26953125,11176000
2012-09-06,10917.1904296875,11115.25,10912.2197265625,11115.150390625,14458800
2012-09-07,11135.8798828125,11221.6103515625,11133.3798828125,11177.51953125,16003500
2012-09-10,11179.2900390625,11244.3896484375,11153.3701171875,11153.8798828125,7583000
2012-09-11,11115.23046875,11194.8798828125,11077.9404296875,11184.7900390625,13243600
2012-09-12,11191.9296875,11272.6103515625,11169.48046875,11183.26953125,12460300
2012-09-13,11186.6201171875,11197.830078125,10996.2900390625,11017.9501953125,14368700
2012-09-14,11123.6103515625,11266.830078125,11123.240234375,11237.26953125,18466400
2012-09-17,11194.7998046875,11232.9501953125,11141.7197265625,11161.6103515625,12052100
2012-09-18,11118.58984375,11118.58984375,11006.8203125,11085.3896484375,12598400
2012-09-19,11106.98046875,11146.6298828125,11060.3095703125,11123.4599609375,11622000
2012-09-20,11088.240234375,11139.8701171875,11048.4296875,11127.08984375,12391400
2012-09-21,11159.6298828125,11255.0595703125,11154.6103515625,11213.51953125,33066800
2012-09-24,11186.7900390625,11186.7900390625,11085.4501953125,11103.900390625,12230400
2012-09-25,11096.7802734375,11180.7001953125,11071.1103515625,11165.4697265625,12432600
2012-09-26,11099.4296875,11099.5302734375,10950.5302734375,10950.5302734375,15000900
2012-09-27,10979.01953125,11028.3701171875,10970.73046875,11012.5302734375,10768400
2012-09-28,11047.1904296875,11086.9599609375,10975.3095703125,10977.8798828125,17142000
2012-10-01,10986.76953125,11137.849609375,10986.76953125,11129.4697265625,13029800
2012-10-02,11105.33984375,11219.08984375,11049.8095703125,11150.9296875,14185600
2012-10-04,11217.3095703125,11262.2802734375,11149.3603515625,11239.5400390625,13365000
2012-10-05,11253.490234375,11408.7001953125,11243.1103515625,11349.6904296875,19719400
2012-10-08,11318.4296875,11318.4296875,11203.1103515625,11249.48046875,14813000
2012-10-09,11263.7900390625,11271.9599609375,11155.5400390625,11203.3701171875,13758300
2012-10-10,11189.7802734375,11275.3798828125,11178.0703125,11244.259765625,13249800
2012-10-11,11246.3798828125,11352.419921875,11231.0498046875,11328.419921875,13561200
2012-10-12,11313.9697265625,11313.9697265625,11231.349609375,11231.349609375,10494200
2012-10-15,11232.3701171875,11362.5,11231.900390625,11315.330078125,11434300
2012-10-16,11363.7900390625,11473.3701171875,11363.7900390625,11471.41015625,16202500
2012-10-17,11485.1396484375,11555.7099609375,11478.650390625,11555.6396484375,15449500
2012-10-18,11556.26953125,11579.9599609375,11514.1396484375,11556.1103515625,13867600
2012-10-19,11531.7099609375,11549.5400390625,11459.5498046875,11476.009765625,11665500
2012-10-22,11467.1904296875,11507.5400390625,11450.5498046875,11470.0595703125,11035400
2012-10-23,11468.900390625,11469.419921875,11255.66015625,11267.9501953125,12079200
2012-10-24,11293.9697265625,11339.7900390625,11157.650390625,11330.0498046875,12035400
2012-10-25,11328.8095703125,11404.330078125,11327.7001953125,11356.3603515625,10104000
2012-10-26,11321.6298828125,11428.48046875,11294.669921875,11413.5703125,11895400
2012-10-29,11391.490234375,11424.919921875,11340.01953125,11398.0703125,8585200
2012-10-30,11409.349609375,11511.6298828125,11407.2197265625,11504.349609375,8988700
2012-10-31,11511.650390625,11580.51953125,11492.01953125,11492.01953125,14271500
2012-11-01,11488.0498046875,11610.240234375,11480.0595703125,11607.4501953125,11934800
2012-11-02,11615.900390625,11677.2197265625,11583.1396484375,11626.080078125,13273600
2012-11-05,11617.0302734375,11619.1396484375,11557.0595703125,11565.580078125,9008600
2012-11-06,11568.849609375,11667.6904296875,11561.1298828125,11656.150390625,11399700
2012-11-07,11690.169921875,11720.759765625,11514.33984375,11518.3095703125,15103600
2012-11-08,11542.0595703125,11567.91015625,11369.8603515625,11382.5498046875,12459800
2012-11-09,11393.58984375,11395.9697265625,11236.099609375,11340.8701171875,13921600
2012-11-12,11324.7900390625,11358.8603515625,11299.5302734375,11317.9697265625,9241100
2012-11-13,11280.849609375,11303.259765625,11200.1796875,11296.9697265625,10710000
2012-11-14,11284.2099609375,11299.8701171875,11225.400390625,11246.849609375,13938300
2012-11-15,11201.0400390625,11201.0400390625,11059.099609375,11071.48046875,14028800
2012-11-16,11058.990234375,11085.759765625,10957.5302734375,10957.5302734375,14469300
2012-11-19,11003.0498046875,11182.3203125,11003.0498046875,11172.0302734375,13783900
2012-11-20,11155.7197265625,11243.16015625,11146.0302734375,11242.669921875,11131600
2012-11-21,11217.650390625,11294.400390625,11211.849609375,11274.41015625,18773500
2012-11-22,11308.490234375,11387.349609375,11308.490234375,11381.73046875,11332800
2012-11-23,11396.490234375,11416.669921875,11310.4404296875,11408.080078125,11551300
2012-11-26,11392.08984375,11402.669921875,11341.7197265625,11371.4599609375,10200000
2012-11-27,11408.2197265625,11462.150390625,11395.4404296875,11432.8095703125,12413400
2012-11-28,11414.3798828125,11447.16015625,11357.330078125,11444.150390625,14648900
2012-11-29,11477.1298828125,11581.419921875,11477.1298828125,11568.6796875,14234300
2012-11-30,11574.5703125,11642.1904296875,11573.7197265625,11612.919921875,16589700
2012-12-03,11608.08984375,11730.6201171875,11604.400390625,11625.8896484375,12338300
2012-12-04,11628.080078125,11672.3095703125,11592.5302734375,11615.7099609375,11847900
2012-12-05,11656.8798828125,11700.669921875,11654.150390625,11682.1396484375,11935900
2012-12-06,11708.4296875,11895.3701171875,11694.5,11887.1396484375,15846900
2012-12-07,11883.599609375,11896.9296875,11848.08984375,11896.73046875,12889900
2012-12-10,11863.0302734375,11899.3095703125,11786.1201171875,11898.6103515625,10764200
2012-12-11,11896.599609375,11982.6298828125,11890.7998046875,11973.2802734375,12837000
2012-12-12,11970.0498046875,12001.51953125,11935.0400390625,11952.1201171875,12447400
2012-12-13,11954.0595703125,11961.48046875,11857.2001953125,11923.990234375,13631800
2012-12-14,11921.0498046875,11985.01953125,11921.0498046875,11955.990234375,13334700
2012-12-17,11962.7099609375,11991.8798828125,11915.830078125,11947.1201171875,13392300
2012-12-18,11974.58984375,12026.26953125,11974.58984375,12008.5703125,14781400
2012-12-19,12028.8798828125,12103.009765625,12028.8798828125,12086.1103515625,16478600
2012-12-20,12062.6103515625,12084.759765625,12038.98046875,12069.5703125,12449400
2012-12-21,12042.9296875,12042.9296875,11947.5302734375,11994.3203125,23169500
2012-12-27,11989.1796875,12012.7099609375,11965.0595703125,11976.5400390625,8606200
2012-12-28,11982.7001953125,11997.580078125,11891.8701171875,11914.3701171875,6480700
2013-01-02,12008.1103515625,12165.41015625,12008.1103515625,12149.3701171875,13730500
2013-01-03,12139.8896484375,12193.3798828125,12127.099609375,12186.8701171875,11320800
2013-01-04,12176.5,12244.009765625,12150.9697265625,12244.009765625,14878200
2013-01-07,12248.4599609375,12249.83984375,12181.490234375,12206.259765625,14806900
2013-01-08,12197.91015625,12255.259765625,12180.580078125,12191.98046875,17804900
2013-01-09,12212.1103515625,12371.0595703125,12212.1103515625,12364.3798828125,17282500
2013-01-10,12384.75,12431.6796875,12315.2900390625,12348.400390625,17630900
2013-01-11,12365.41015625,12377.419921875,12294.7001953125,12335.400390625,16850800
2013-01-14,12355.0302734375,12406.66015625,12289.9599609375,12312.4404296875,5454400
2013-01-15,12292.3798828125,12353.4697265625,12249.6796875,12268.0,13199600
2013-01-16,12248.759765625,12324.5498046875,12226.33984375,12315.150390625,21906100
2013-01-17,12314.509765625,12481.26953125,12314.2900390625,12480.990234375,16805700
2013-01-18,12521.33984375,12584.7998046875,12512.76953125,12547.73046875,14587400
2013-01-21,12572.349609375,12605.6796875,12490.990234375,12552.41015625,14110100
2013-01-22,12554.6103515625,12586.7197265625,12467.5595703125,12573.08984375,13504700
2013-01-23,12569.7998046875,12608.75,12546.08984375,12606.2001953125,13643600
2013-01-24,12604.2001953125,12692.2001953125,12588.8095703125,12675.4501953125,13164300
2013-01-25,12675.9697265625,12738.599609375,12664.509765625,12730.8603515625,15555300
2013-01-28,12747.9296875,12814.8701171875,12746.4501953125,12759.4501953125,14246700
2013-01-29,12766.490234375,12779.23046875,12671.599609375,12697.3896484375,12883100
2013-01-30,12702.8603515625,12712.08984375,12574.7998046875,12618.7001953125,12695200
2013-01-31,12605.1796875,12617.2998046875,12529.6796875,12571.3798828125,14769500
2013-02-01,12579.4697265625,12770.5498046875,12576.51953125,12757.0,13198700
2013-02-04,12758.2197265625,12783.1396484375,12559.6796875,12560.8203125,12910200
2013-02-05,12553.5703125,12653.66015625,12537.6796875,12641.1396484375,12598000
2013-02-06,12645.5302734375,12736.0595703125,12578.1298828125,12634.2900390625,17976900
2013-02-07,12641.25,12734.5,12629.51953125,12655.6904296875,14127300
2013-02-08,12675.0498046875,12769.2900390625,12675.0498046875,12759.5595703125,13653000
2013-02-11,12759.580078125,12764.91015625,12688.6103515625,12738.2099609375,9607700
2013-02-12,12737.5498046875,12786.6796875,12705.3896484375,12784.9697265625,9928000
2013-02-13,12797.400390625,13042.0498046875,12795.75,13003.1396484375,14499200
2013-02-14,13006.8701171875,13024.8896484375,12906.4296875,12942.91015625,15731900
2013-02-15,12945.5302734375,12999.51953125,12893.6796875,12964.25,14128900
2013-02-18,12962.08984375,13022.8203125,12962.08984375,12988.7001953125,10615700
2013-02-19,12997.240234375,13205.23046875,12969.5703125,13154.3798828125,19026600
2013-02-20,13147.7802734375,13269.0400390625,13145.58984375,13178.4404296875,13709200
2013-02-21,13131.2900390625,13131.2900390625,12939.599609375,13014.41015625,16262500
2013-02-22,13030.8095703125,13148.8896484375,13030.0703125,13119.7998046875,12523800
2013-02-25,13138.169921875,13255.6396484375,13072.7998046875,13141.6396484375,14810500
2013-02-26,12970.2001953125,13052.3701171875,12876.5,13002.8896484375,15612000
2013-02-27,13024.240234375,13154.6396484375,12997.580078125,13140.9697265625,13741500
2013-02-28,13164.6396484375,13305.0703125,13164.6201171875,13301.3798828125,17188100
2013-03-01,13306.7197265625,13362.009765625,13153.08984375,13261.91015625,17585500
2013-03-04,13248.9697265625,13248.9697265625,13141.150390625,13202.259765625,15469700
2013-03-05,13250.16015625,13349.9404296875,13250.16015625,13314.4697265625,17580000
2013-03-06,13331.5400390625,13438.0,13314.330078125,13319.9296875,19660500
2013-03-07,13339.259765625,13429.0703125,13339.1796875,13363.48046875,14352600
2013-03-08,13395.0498046875,13423.5703125,13342.3603515625,13352.5302734375,14791600
2013-03-11,13346.0,13347.5703125,13266.5302734375,13338.2998046875,12308500
2013-03-12,13320.0703125,13385.7802734375,13311.23046875,13369.83984375,13720500
2013-03-13,13357.9501953125,13400.3603515625,13344.0703125,13400.3603515625,13304500
2013-03-14,13423.4599609375,13480.3896484375,13422.990234375,13473.0498046875,17399600
2013-03-15,13484.3603515625,13493.26953125,13408.8095703125,13486.3896484375,23738200
2013-03-18,13388.0703125,13528.3896484375,13309.1103515625,13514.849609375,13030900
2013-03-19,13505.5,13525.7998046875,13413.6796875,13438.7802734375,17304300
2013-03-20,13452.48046875,13527.76953125,13374.9501953125,13408.7900390625,18213000
2013-03-21,13418.08984375,13438.08984375,13327.4501953125,13357.349609375,15942400
2013-03-22,13337.75,13400.740234375,13262.4296875,13358.8603515625,18730900
2013-03-25,13416.73046875,13532.3203125,13314.6298828125,13339.6298828125,13190500
2013-03-26,13364.58984375,13434.009765625,13337.3798828125,13391.5,13074700
2013-03-27,13423.5595703125,13434.33984375,13213.76953125,13250.5400390625,14953700
2013-03-28,13241.01953125,13348.9697265625,13236.849609375,13322.259765625,11787800
2013-04-02,13333.080078125,13540.3798828125,13327.73046875,13522.0595703125,14038500
2013-04-03,13519.0302734375,13586.2802734375,13437.73046875,13447.7001953125,12868100
2013-04-04,13461.7099609375,13468.0595703125,13190.2802734375,13208.759765625,16710200
2013-04-05,13207.3095703125,13210.0595703125,12877.0,12922.900390625,17446800
2013-04-08,12952.7001953125,13071.990234375,12952.7001953125,12988.990234375,11725700
2013-04-09,13025.400390625,13060.080078125,12932.1298828125,12977.41015625,12738700
2013-04-10,13022.0595703125,13287.3798828125,13022.0595703125,13268.0703125,14528900
2013-04-11,13270.1396484375,13407.080078125,13267.419921875,13393.259765625,13027200
2013-04-12,13364.2197265625,13364.2197265625,13255.0400390625,13307.8896484375,10469200
2013-04-15,13317.5400390625,13331.169921875,13151.3203125,13188.2001953125,13237100
2013-04-16,13149.8203125,13197.16015625,13038.23046875,13103.2900390625,11546300
2013-04-17,13163.8896484375,13256.7998046875,12952.6298828125,12988.150390625,17796600
2013-04-18,12985.759765625,13076.830078125,12912.25,12970.7197265625,16251500
2013-04-19,13013.080078125,13077.5703125,12980.740234375,13019.08984375,15897900
2013-04-22,13085.7001953125,13203.9599609375,13038.8896484375,13093.23046875,13007300
2013-04-23,13105.1298828125,13355.25,13085.1796875,13345.1904296875,14555700
2013-04-24,13362.3603515625,13410.5400390625,13260.349609375,13380.099609375,13256000
2013-04-25,13392.3701171875,13461.7802734375,13371.349609375,13419.66015625,13896800
2013-04-26,13418.01953125,13424.6298828125,13295.48046875,13349.66015625,11243200
2013-04-29,13372.6201171875,13429.58984375,13347.830078125,13398.740234375,10593000
2013-04-30,13436.7099609375,13530.5703125,13396.0498046875,13443.7099609375,17237000
2013-05-02,13449.2802734375,13532.23046875,13405.490234375,13508.400390625,18758700
2013-05-03,13519.0400390625,13664.9296875,13506.23046875,13643.330078125,20412400
2013-05-06,13662.6396484375,13710.0400390625,13654.0595703125,13695.509765625,10464700
2013-05-07,13715.8603515625,13849.4404296875,13713.240234375,13788.2001953125,22240600
2013-05-08,13796.830078125,13836.2001953125,13710.4599609375,13807.4404296875,21831700
2013-05-09,13804.8798828125,13846.919921875,13784.2099609375,13830.3603515625,9594200
2013-05-10,13844.849609375,13942.6103515625,13834.650390625,13893.5,17219000
2013-05-13,13891.580078125,13929.7802734375,13814.0400390625,13873.2998046875,13969000
2013-05-14,13895.0,13971.669921875,13847.669921875,13971.0595703125,16131300
2013-05-15,13980.330078125,14059.66015625,13980.330078125,14055.5302734375,14511000
2013-05-16,14040.8203125,14059.259765625,13979.73046875,14051.4296875,18456300
2013-05-17,14041.7197265625,14080.490234375,13977.259765625,14070.6298828125,16502400
2013-05-20,14100.6796875,14163.6796875,14090.240234375,14163.6796875,8983700
2013-05-21,14151.25,14200.91015625,14078.58984375,14200.91015625,14785600
2013-05-22,14192.7998046875,14287.01953125,14157.8896484375,14258.830078125,18221000
2013-05-23,14058.98046875,14060.3603515625,13879.3603515625,13984.51953125,19962900
2013-05-24,14021.9404296875,14054.5400390625,13936.2099609375,13987.349609375,14533600
2013-05-27,13998.3095703125,14074.51953125,13998.3095703125,14066.5498046875,7191900
2013-05-28,14100.2001953125,14325.150390625,14100.2001953125,14303.830078125,15534800
2013-05-29,14279.33984375,14280.009765625,14099.7802734375,14111.580078125,14098600
2013-05-30,14074.3701171875,14166.83984375,14067.5,14135.9501953125,9549800
2013-05-31,14140.48046875,14140.759765625,13988.5595703125,14093.58984375,19955000
2013-06-03,14058.6904296875,14082.7099609375,13852.2001953125,13950.9697265625,14922700
2013-06-04,14004.6396484375,14090.599609375,13976.6796875,14006.2998046875,12970000
2013-06-05,13973.259765625,13991.73046875,13787.33984375,13790.7001953125,12340600
2013-06-06,13769.8095703125,13860.25,13706.83984375,13706.83984375,12546100
2013-06-07,13716.91015625,13883.740234375,13601.98046875,13846.7998046875,15778800
2013-06-10,13862.990234375,13960.400390625,13854.08984375,13931.599609375,14710600
2013-06-11,13906.2099609375,13909.73046875,13729.259765625,13812.1796875,12636700
2013-06-12,13798.3896484375,13980.6904296875,13795.3203125,13888.080078125,12933300
2013-06-13,13783.5595703125,13844.75,13647.1796875,13833.51953125,22586200
2013-06-14,13889.4501953125,14043.6796875,13880.6298828125,13964.7900390625,13005900
2013-06-17,14005.7998046875,14115.9599609375,14005.73046875,14048.0,11170000
2013-06-18,14050.5302734375,14148.4599609375,14043.8798828125,14123.7802734375,12095200
2013-06-19,14152.7197265625,14166.5703125,14060.23046875,14119.7197265625,14302100
2013-06-20,14018.1796875,14018.1796875,13726.919921875,13775.9697265625,19389600
2013-06-21,13792.0,13879.8603515625,13575.8095703125,13578.1396484375,26249900
2013-06-24,13566.2998046875,13571.7900390625,13236.08984375,13263.3603515625,22308100
2013-06-25,13319.9404296875,13539.3701171875,13319.9404296875,13488.6796875,16218000
2013-06-26,13506.669921875,13666.7900390625,13494.66015625,13649.6298828125,15804700
2013-06-27,13664.48046875,13842.08984375,13656.6796875,13805.1796875,15187500
2013-06-28,13843.5498046875,13881.6904296875,13625.150390625,13706.4404296875,15134600
2013-07-01,13768.91015625,13851.01953125,13690.1298828125,13806.400390625,15514500
2013-07-02,13828.6796875,13838.16015625,13688.73046875,13744.51953125,15062600
2013-07-03,13690.8603515625,13690.8603515625,13533.3095703125,13608.490234375,14446900
2013-07-04,13649.419921875,13878.23046875,13648.3603515625,13859.6103515625,13523400
2013-07-05,13873.75,13937.009765625,13692.6796875,13716.080078125,15589000
2013-07-08,13751.3603515625,13895.4296875,13751.3603515625,13848.849609375,11745600
2013-07-09,13892.5498046875,13995.9697265625,13892.5498046875,13970.2099609375,13802400
2013-07-10,13959.1396484375,13998.5498046875,13837.5595703125,13938.98046875,15403300
2013-07-11,13991.9501953125,14098.150390625,13973.580078125,14000.51953125,16039900
2013-07-12,14040.73046875,14065.7099609375,13982.0,14014.1396484375,12620600
2013-07-15,14038.33984375,14098.4404296875,13983.5703125,14044.4501953125,10227100
2013-07-16,14058.3203125,14071.7900390625,13972.8701171875,13998.3095703125,11204900
2013-07-17,14021.490234375,14045.3203125,13897.900390625,14005.580078125,12030400
2013-07-18,14016.0703125,14205.2998046875,14010.9697265625,14205.2998046875,14608200
2013-07-19,14190.1103515625,14245.7802734375,14148.48046875,14185.0400390625,11257200
2013-07-22,14193.509765625,14206.6298828125,14105.9296875,14143.3095703125,10920200
2013-07-23,14163.2197265625,14171.009765625,14102.169921875,14123.6796875,10812700
2013-07-24,14145.1298828125,14220.0595703125,14075.330078125,14191.0703125,14159400
2013-07-25,14194.1396484375,14251.4697265625,14147.150390625,14251.4697265625,16105700
2013-07-26,14282.0302734375,14327.16015625,14182.3896484375,14208.0595703125,10454600
2013-07-29,14240.83984375,14300.3896484375,14240.1103515625,14266.419921875,9332600
2013-07-30,14294.5400390625,14373.150390625,14278.98046875,14362.7900390625,12693700
2013-07-31,14362.4599609375,14424.849609375,14310.009765625,14352.4296875,10589600
2013-08-01,14400.2197265625,14573.2001953125,14400.2197265625,14573.2001953125,16502700
2013-08-02,14580.919921875,14637.669921875,14551.1796875,14606.1103515625,10181600
2013-08-05,14628.490234375,14676.2001953125,14621.0595703125,14654.1904296875,10652400
2013-08-06,14652.6396484375,14696.5703125,14566.1904296875,14604.4296875,18038000
2013-08-07,14581.8896484375,14612.5,14491.1796875,14607.9404296875,16135400
2013-08-08,14632.0498046875,14682.9501953125,14597.759765625,14682.6904296875,12393100
2013-08-09,14691.9599609375,14759.1201171875,14644.6201171875,14733.759765625,12686800
2013-08-12,14748.3603515625,14774.73046875,14625.8095703125,14719.080078125,10996100
2013-08-13,14726.4404296875,14841.76953125,14726.4404296875,14779.83984375,13174100
2013-08-14,14790.900390625,14904.3203125,14756.6298828125,14855.419921875,14996700
2013-08-15,14843.0595703125,14861.6904296875,14654.5703125,14717.58984375,12250500
2013-08-16,14718.580078125,14765.8095703125,14664.919921875,14762.8701171875,13380000
2013-08-19,14767.9296875,14781.669921875,14673.9296875,14728.599609375,10546600
2013-08-20,14685.3798828125,14685.3798828125,14535.1796875,14617.9697265625,14636500
2013-08-21,14603.98046875,14636.2802734375,14557.4697265625,14594.740234375,10492500
2013-08-22,14587.48046875,14777.0302734375,14587.48046875,14748.16015625,10888000
2013-08-23,14750.01953125,14874.83984375,14715.150390625,14839.2001953125,10024500
2013-08-26,14839.83984375,14846.3203125,14730.6396484375,14809.3603515625,5819600
2013-08-27,14768.1796875,14773.0400390625,14495.1298828125,14517.48046875,12637200
2013-08-28,14451.1796875,14451.1796875,14239.759765625,14325.4697265625,14344100
2013-08-29,14356.4296875,14473.6904296875,14356.4296875,14448.3798828125,10510100
2013-08-30,14471.7001953125,14499.0595703125,14384.3603515625,14386.16015625,11047900
2013-09-02,14487.7900390625,14655.080078125,14487.7900390625,14636.98046875,8885300
2013-09-03,14651.1796875,14667.73046875,14532.6201171875,14551.16015625,12832000
2013-09-04,14560.3701171875,14570.4697265625,14381.1396484375,14515.419921875,14793100
2013-09-05,14525.48046875,14610.5302734375,14511.7197265625,14610.0302734375,12539800
2013-09-06,14594.5498046875,14607.330078125,14483.2998046875,14588.0400390625,13475800
2013-09-09,14585.6201171875,14650.4404296875,14553.9697265625,14645.2099609375,9608500
2013-09-10,14707.48046875,14854.2099609375,14704.7001953125,14833.51953125,15646100
2013-09-11,14841.2802734375,14909.4404296875,14838.4404296875,14877.9599609375,10658900
2013-09-12,14896.4501953125,14911.1298828125,14781.4697265625,14823.51953125,12048800
2013-09-13,14813.400390625,14897.4404296875,14779.830078125,14840.2998046875,18368600
2013-09-16,14917.830078125,15034.8798828125,14913.330078125,15004.1904296875,13637500
2013-09-17,14999.58984375,15001.5595703125,14905.3896484375,14923.849609375,10172900
2013-09-18,14923.650390625,15031.26953125,14918.240234375,15031.26953125,13708000
2013-09-19,15114.48046875,15188.1796875,15036.7099609375,15059.150390625,14171200
2013-09-20,15028.9296875,15074.01953125,15013.009765625,15021.3603515625,19785100
2013-09-23,15034.490234375,15058.8798828125,14922.400390625,14966.2197265625,9732000
2013-09-24,14976.4599609375,15000.7001953125,14935.6904296875,14981.990234375,10780700
2013-09-25,14973.080078125,15003.48046875,14918.919921875,15002.7197265625,10019300
2013-09-26,15023.1904296875,15053.3701171875,14973.33984375,15042.1796875,10154200
2013-09-27,15052.990234375,15110.0400390625,15021.33984375,15077.8095703125,10163900
2013-09-30,15000.4404296875,15034.26953125,14927.599609375,15034.26953125,13753200
2013-10-01,15050.3701171875,15174.5400390625,15050.3701171875,15174.5400390625,11973500
2013-10-02,15156.76953125,15187.6904296875,15089.0498046875,15126.0302734375,11980800
2013-10-04,15110.01953125,15149.1298828125,15019.33984375,15129.1796875,10166100
2013-10-07,15107.2001953125,15114.8203125,14985.98046875,15109.6298828125,12697600
2013-10-08,15115.919921875,15129.6396484375,15056.8701171875,15089.759765625,17524900
2013-10-09,15059.5595703125,15059.5595703125,14914.669921875,14966.9501953125,14949700
2013-10-10,15000.66015625,15171.58984375,14993.0,15171.58984375,14118700
2013-10-11,15192.2099609375,15236.9404296875,15140.8701171875,15235.0400390625,13321500
2013-10-14,15219.599609375,15252.3095703125,15166.5498046875,15252.3095703125,9704600
2013-10-15,15290.2998046875,15462.169921875,15290.2998046875,15422.8701171875,16301000
2013-10-16,15417.0,15449.48046875,15319.6904296875,15449.23046875,15006100
2013-10-17,15440.919921875,15479.330078125,15390.58984375,15479.1298828125,14701700
2013-10-18,15536.599609375,15700.3701171875,15524.6298828125,15700.2900390625,16267800
2013-10-21,15717.33984375,15808.0703125,15698.3701171875,15800.0703125,14856200
2013-10-22,15796.26953125,15853.599609375,15739.919921875,15810.509765625,13512900
2013-10-23,15795.169921875,15807.08984375,15704.3798828125,15764.26953125,14717300
2013-10-24,15793.1796875,15858.080078125,15777.7197265625,15846.2099609375,18288400
2013-10-25,15820.58984375,15860.4404296875,15772.490234375,15860.4404296875,13906200
2013-10-28,15885.900390625,15921.3603515625,15797.51953125,15819.4296875,10884700
2013-10-29,15793.830078125,15868.08984375,15781.580078125,15868.08984375,11618400
2013-10-30,15892.0703125,15982.08984375,15892.0703125,15939.919921875,11452000
2013-10-31,15906.3896484375,15993.25,15888.1904296875,15989.76953125,14173500
2013-11-01,16002.5302734375,16078.23046875,15940.490234375,16006.9404296875,9723000
2013-11-04,16026.7001953125,16117.2197265625,16026.7001953125,16097.240234375,11719400
2013-11-05,16105.509765625,16150.330078125,16048.759765625,16091.169921875,17518000
2013-11-06,16101.0,16243.2802734375,16099.7197265625,16216.8896484375,19250800
2013-11-07,16202.6396484375,16283.349609375,16090.830078125,16122.1201171875,17301500
2013-11-08,16079.9501953125,16089.0703125,15903.6904296875,16069.25,18390400
2013-11-11,16080.3603515625,16208.349609375,16078.0703125,16194.599609375,12014300
2013-11-12,16184.6904296875,16205.3896484375,16052.48046875,16062.7197265625,13246600
2013-11-13,16051.0595703125,16056.740234375,15811.08984375,15916.7998046875,22283600
2013-11-14,15984.1796875,16091.740234375,15984.1796875,16084.259765625,13444300
2013-11-15,16088.8203125,16136.8701171875,16022.669921875,16096.759765625,12828100
2013-11-18,16101.5703125,16269.4296875,16098.23046875,16215.740234375,29197900
2013-11-19,16183.5595703125,16206.919921875,16096.0302734375,16206.919921875,15541600
2013-11-20,16183.009765625,16229.1103515625,16146.3603515625,16191.5703125,16577500
2013-11-21,16149.83984375,16149.83984375,16047.580078125,16099.099609375,16425700
2013-11-22,16110.580078125,16168.7900390625,16098.23046875,16149.169921875,18782800
2013-11-25,16210.4697265625,16251.7001953125,16210.3896484375,16229.58984375,14529900
2013-11-26,16235.580078125,16247.83984375,16127.7900390625,16191.2900390625,53827800
2013-11-27,16204.7001953125,16246.5400390625,16181.1298828125,16245.830078125,15074300
2013-11-28,16239.2197265625,16312.8095703125,16239.2197265625,16281.2900390625,11970500
2013-11-29,16271.400390625,16351.7099609375,16261.91015625,16334.2802734375,13798400
2013-12-02,16341.099609375,16418.330078125,16316.51953125,16396.0390625,17296400
2013-12-03,16399.640625,16406.580078125,16069.5595703125,16075.51953125,17779400
2013-12-04,16061.8203125,16112.41015625,15882.4501953125,15965.740234375,17998600
2013-12-05,15923.2099609375,15981.41015625,15847.0400390625,15864.9296875,18110100
2013-12-06,15887.4501953125,15980.48046875,15830.669921875,15955.48046875,12599600
2013-12-09,15997.900390625,16059.3896484375,15965.099609375,16046.8701171875,11650900
2013-12-10,16055.8896484375,16106.599609375,15907.4296875,15954.169921875,14536600
2013-12-11,15936.0595703125,16104.240234375,15905.1201171875,16021.4599609375,12818700
2013-12-12,15973.900390625,16024.51953125,15851.2001953125,15901.240234375,15040500
2013-12-13,15893.599609375,15940.650390625,15834.509765625,15898.8603515625,11113400
2013-12-16,15877.1103515625,16100.73046875,15861.8603515625,16081.6103515625,11845500
2013-12-17,16077.6103515625,16132.9404296875,16046.26953125,16073.759765625,11722200
2013-12-18,16115.759765625,16192.759765625,16112.83984375,16151.8095703125,13813400
2013-12-19,16225.759765625,16393.94921875,16215.9404296875,16225.66015625,14362400
2013-12-20,16307.5302734375,16401.900390625,16297.7802734375,16391.0,24170200
2013-12-23,16404.490234375,16491.419921875,16404.1796875,16491.419921875,8967700
2013-12-27,16539.0703125,16636.76953125,16538.189453125,16625.720703125,9270400
2013-12-30,16626.849609375,16643.970703125,16548.509765625,16574.44921875,6642500
2014-01-02,16628.48046875,16672.94921875,16486.80078125,16516.849609375,12416100
2014-01-03,16521.970703125,16622.1796875,16470.779296875,16618.869140625,10549400
2014-01-06,16624.599609375,16654.439453125,16552.400390625,16566.55078125,9511600
2014-01-07,16592.609375,16606.5390625,16516.83984375,16590.529296875,13426200
2014-01-08,16612.830078125,16644.970703125,16577.169921875,16623.9609375,17186200
2014-01-09,16635.05078125,16691.41015625,16516.7109375,16543.029296875,24762400
2014-01-10,16585.720703125,16715.640625,16559.259765625,16644.7890625,16135800
2014-01-13,16678.75,16780.0,16678.75,16773.359375,15798200
2014-01-14,16695.69921875,16708.130859375,16551.5390625,16707.859375,19041900
2014-01-15,16745.099609375,16905.220703125,16745.099609375,16901.400390625,16636100
2014-01-16,16910.669921875,16963.2109375,16901.330078125,16943.630859375,14721700
2014-01-17,16959.470703125,16996.4296875,16902.349609375,16946.619140625,19525500
2014-01-20,16920.580078125,16980.359375,16892.26953125,16919.91015625,12254500
2014-01-21,16929.849609375,16965.1796875,16869.609375,16899.5390625,12900200
2014-01-22,16925.380859375,16974.75,16833.330078125,16874.73046875,15380000
2014-01-23,16840.16015625,16887.900390625,16704.640625,16744.5703125,21702500
2014-01-24,16767.4609375,16780.740234375,16279.8798828125,16301.26953125,24504400
2014-01-27,16258.2099609375,16268.5498046875,16057.080078125,16134.0498046875,21663500
2014-01-28,16208.5,16432.880859375,16208.5,16417.109375,15938100
2014-01-29,16515.80078125,16633.91015625,16188.2197265625,16309.259765625,20339100
2014-01-30,16307.6298828125,16337.1103515625,16156.33984375,16285.1103515625,15526100
2014-01-31,16292.650390625,16327.4599609375,16023.6103515625,16205.8798828125,17604100
2014-02-03,16229.8798828125,16266.83984375,16009.5,16013.830078125,18955100
2014-02-04,15917.6201171875,16084.98046875,15827.2001953125,16032.9404296875,20381400
2014-02-05,16035.5,16152.6796875,16024.2197265625,16066.91015625,16699500
2014-02-06,16120.8896484375,16361.740234375,16092.2900390625,16329.23046875,21913300
2014-02-07,16362.6201171875,16432.970703125,16313.5302734375,16400.98046875,16854200
2014-02-10,16446.599609375,16501.830078125,16372.3798828125,16391.2890625,13338000
2014-02-11,16436.76953125,16557.919921875,16436.76953125,16557.919921875,14041000
2014-02-12,16587.220703125,16697.640625,16587.220703125,16644.509765625,17247500
2014-02-13,16615.369140625,16635.009765625,16501.490234375,16633.58984375,13417300
2014-02-14,16642.23046875,16803.990234375,16642.23046875,16754.69921875,13256700
2014-02-17,16784.220703125,16898.98046875,16784.220703125,16882.76953125,11922900
2014-02-18,16901.880859375,16919.279296875,16790.390625,16849.150390625,13077500
2014-02-19,16842.16015625,16875.890625,16751.1796875,16855.779296875,13243500
2014-02-20,16788.599609375,16792.630859375,16602.119140625,16774.830078125,19064500
2014-02-21,16805.23046875,16838.80078125,16767.330078125,16826.759765625,12913100
2014-02-24,16807.599609375,16935.69921875,16793.689453125,16933.400390625,12121000
2014-02-25,16945.369140625,16945.7109375,16840.919921875,16917.240234375,11198300
2014-02-26,16923.390625,16993.30078125,16819.51953125,16853.55078125,13598600
2014-02-27,16878.5390625,16914.75,16665.240234375,16826.880859375,15995200
2014-02-28,16827.390625,16891.73046875,16767.880859375,16891.73046875,18718900
2014-03-03,16653.490234375,16653.490234375,16427.419921875,16449.279296875,22437900
2014-03-04,16530.900390625,16827.630859375,16530.900390625,16825.669921875,16057000
2014-03-05,16832.8203125,16878.16015625,16812.7890625,16840.869140625,12036700
2014-03-06,16880.23046875,16938.3203125,16850.9296875,16876.08984375,15750800
2014-03-07,16886.58984375,16893.439453125,16647.0703125,16655.9609375,14768900
2014-03-10,16609.9609375,16703.509765625,16434.330078125,16494.470703125,17146800
2014-03-11,16514.630859375,16581.859375,16444.44921875,16475.0,13262700
2014-03-12,16431.80078125,16431.80078125,16176.0595703125,16247.349609375,14931400
2014-03-13,16270.849609375,16317.75,16066.48046875,16066.5,14064400
2014-03-14,15951.1298828125,16058.8798828125,15831.8095703125,16009.7998046875,20910000
2014-03-17,16017.8701171875,16329.009765625,16017.8701171875,16294.9599609375,12700400
2014-03-18,16311.5400390625,16511.609375,16207.6103515625,16421.640625,15894800
2014-03-19,16448.060546875,16547.9609375,16393.419921875,16443.890625,14540400
2014-03-20,16391.8203125,16391.8203125,16251.509765625,16361.48046875,14858300
2014-03-21,16379.9697265625,16443.529296875,16337.4404296875,16337.4404296875,40837200
2014-03-24,16358.009765625,16388.060546875,16042.099609375,16080.650390625,16551300
2014-03-25,16105.41015625,16278.91015625,16105.41015625,16268.2802734375,15851600
2014-03-26,16299.8798828125,16470.279296875,16299.8798828125,16407.0703125,16470700
2014-03-27,16382.3603515625,16414.419921875,16300.1103515625,16334.75,14877400
2014-03-28,16372.3603515625,16494.98046875,16372.3603515625,16444.490234375,16601100
2014-03-31,16482.189453125,16533.400390625,16426.779296875,16461.6796875,13614700
2014-04-01,16521.599609375,16624.76953125,16492.619140625,16606.7109375,16241900
2014-04-02,16623.6796875,16673.919921875,16591.80078125,16614.580078125,15069200
2014-04-03,16637.560546875,16692.8203125,16568.859375,16628.83984375,12796000
2014-04-04,16645.140625,16772.099609375,16644.8203125,16714.25,12566800
2014-04-07,16625.390625,16625.4609375,16471.94921875,16482.830078125,13047700
2014-04-08,16514.30078125,16516.44921875,16114.23046875,16253.5498046875,25405500
2014-04-09,16300.33984375,16383.4501953125,16288.08984375,16333.01953125,17890000
2014-04-10,16389.810546875,16480.73046875,16252.4697265625,16269.8095703125,18142700
2014-04-11,16186.4501953125,16186.4501953125,15957.0703125,16029.23046875,17924800
2014-04-14,15968.3798828125,15968.3798828125,15620.490234375,15874.900390625,20460500
2014-04-15,15871.6796875,15956.0703125,15646.5400390625,15661.849609375,18588500
2014-04-16,15740.4697265625,15980.599609375,15740.4697265625,15970.990234375,17267500
2014-04-17,15993.599609375,16185.2802734375,15977.3603515625,16142.900390625,14899300
2014-04-22,16210.3203125,16372.8603515625,16210.3203125,16372.5498046875,14024500
2014-04-23,16380.900390625,16402.75,16280.08984375,16295.900390625,10811000
2014-04-24,16358.1396484375,16422.080078125,16120.01953125,16275.2001953125,13643200
2014-04-25,16221.08984375,16241.9296875,16023.5302734375,16056.6103515625,10397400
2014-04-28,16098.9296875,16135.76953125,15990.009765625,16053.419921875,9852900
2014-04-29,16114.6298828125,16203.16015625,16086.2900390625,16166.900390625,12303800
2014-04-30,16141.400390625,16151.9296875,16025.41015625,16081.8798828125,14421400
2014-05-02,16116.8603515625,16158.7998046875,16072.7802734375,16126.6298828125,14977000
2014-05-05,16093.2099609375,16094.2900390625,15872.73046875,16028.259765625,10198900
2014-05-06,16094.08984375,16172.5302734375,15992.2900390625,16000.6103515625,14581300
2014-05-07,15984.759765625,16069.6201171875,15944.419921875,16041.7197265625,18490300
2014-05-08,16085.75,16305.4404296875,16085.75,16293.919921875,19831700
2014-05-09,16300.1396484375,16330.740234375,16247.0595703125,16302.1904296875,17170200
2014-05-12,16344.4296875,16513.26953125,16344.4296875,16511.9296875,20047200
2014-05-13,16540.939453125,16671.650390625,16539.220703125,16596.41015625,14719600
2014-05-14,16621.26953125,16630.349609375,16520.5390625,16530.580078125,13256300
2014-05-15,16531.189453125,16613.830078125,16326.98046875,16349.9296875,17790600
2014-05-16,16354.8896484375,16358.7900390625,16124.5498046875,16185.740234375,16602000
2014-05-19,16213.0498046875,16321.669921875,16153.2001953125,16313.830078125,11864900
2014-05-20,16320.7998046875,16354.3798828125,16242.1904296875,16245.3896484375,11509300
2014-05-21,16244.099609375,16350.01953125,16154.0400390625,16327.580078125,12695400
2014-05-22,16367.25,16508.109375,16367.25,16490.970703125,10958300
2014-05-23,16512.140625,16626.16015625,16481.7890625,16616.169921875,11394400
2014-05-26,16661.73046875,16798.599609375,16661.73046875,16794.220703125,7026400
2014-05-27,16789.849609375,16927.720703125,16789.849609375,16917.869140625,12370000
2014-05-28,16943.060546875,16966.0703125,16852.130859375,16913.5390625,15521900
2014-05-29,16905.390625,16940.6796875,16873.599609375,16915.05078125,8172400
2014-05-30,16906.16015625,16965.099609375,16900.759765625,16951.109375,23172300
2014-06-02,16995.83984375,17068.330078125,16971.640625,17015.48046875,12702000
2014-06-03,16999.80078125,17003.859375,16817.220703125,16873.380859375,11505000
2014-06-04,16856.640625,16874.119140625,16768.330078125,16865.01953125,11523700
2014-06-05,16867.939453125,16997.220703125,16821.130859375,16942.0,12147200
2014-06-06,16965.060546875,17139.640625,16965.060546875,17129.669921875,12929000
2014-06-09,17149.830078125,17164.890625,17109.880859375,17146.919921875,6657700
2014-06-10,17140.140625,17203.849609375,17106.060546875,17167.919921875,12873100
2014-06-11,17171.69921875,17183.51953125,16973.560546875,17026.01953125,11585900
2014-06-12,17040.58984375,17093.5390625,17010.650390625,17058.9609375,10754100
2014-06-13,17038.880859375,17054.939453125,16810.640625,16908.19921875,13335100
2014-06-16,16891.970703125,16932.099609375,16829.2890625,16837.55078125,11035500
2014-06-17,16893.060546875,17008.9609375,16864.849609375,16932.41015625,10542500
2014-06-18,16949.259765625,16989.41015625,16942.630859375,16943.6796875,10286800
2014-06-19,17043.1796875,17098.05078125,16998.869140625,17007.880859375,9975600
2014-06-20,17007.3203125,17092.470703125,16987.890625,16988.51953125,21011600
2014-06-23,16997.099609375,17001.33984375,16836.109375,16846.970703125,10963900
2014-06-24,16883.720703125,16910.609375,16804.119140625,16837.25,10239800
2014-06-25,16805.9296875,16808.830078125,16653.05078125,16710.810546875,12812300
2014-06-26,16739.19921875,16767.9609375,16605.119140625,16705.83984375,12709600
2014-06-27,16731.44921875,16827.900390625,16710.5390625,16807.890625,15149300
2014-06-30,16831.94921875,16894.0703125,16755.9296875,16815.580078125,16722000
2014-07-01,16840.66015625,16850.279296875,16675.08984375,16729.689453125,16719600
2014-07-02,16761.759765625,16791.80078125,16716.41015625,16745.44921875,11262400
2014-07-03,16759.76953125,16920.6796875,16746.060546875,16915.150390625,11926600
2014-07-04,16922.849609375,16944.080078125,16885.26953125,16888.919921875,8079500
2014-07-07,16886.720703125,16886.720703125,16686.25,16687.759765625,10402900
2014-07-08,16693.16015625,16744.6796875,16452.970703125,16457.259765625,14557800
2014-07-09,16494.919921875,16498.7109375,16354.8203125,16430.599609375,12345500
2014-07-10,16425.830078125,16482.5390625,16202.7998046875,16280.1396484375,15909400
2014-07-11,16305.8896484375,16376.76953125,16264.73046875,16308.6103515625,13974700
2014-07-14,16365.830078125,16518.5703125,16365.830078125,16496.830078125,9741500
2014-07-15,16481.58984375,16500.55078125,16324.2197265625,16327.2099609375,10140900
2014-07-16,16350.08984375,16472.619140625,16335.4599609375,16472.619140625,11040800
2014-07-17,16447.109375,16519.169921875,16406.740234375,16452.099609375,11449700
2014-07-18,16389.119140625,16392.44921875,16271.5595703125,16392.390625,10739800
2014-07-21,16394.880859375,16404.689453125,16215.9501953125,16227.1103515625,12458500
2014-07-22,16286.4404296875,16383.6298828125,16262.48046875,16369.75,11645000
2014-07-23,16363.8603515625,16486.30078125,16363.8603515625,16422.830078125,10294400
2014-07-24,16418.490234375,16534.970703125,16340.099609375,16510.80078125,11321300
2014-07-25,16493.3203125,16521.19921875,16273.7001953125,16303.0595703125,23128800
2014-07-28,16327.900390625,16355.08984375,16102.669921875,16192.099609375,13640000
2014-07-29,16215.51953125,16270.5,16163.5302734375,16218.23046875,10453100
2014-07-30,16218.0400390625,16297.8603515625,16127.8203125,16154.66015625,12910500
2014-07-31,16151.8203125,16154.1298828125,15753.8095703125,15790.669921875,20801000
2014-08-01,15779.7001953125,15787.0400390625,15385.5,15616.349609375,27437500
2014-08-04,15642.2001953125,15642.2001953125,15468.8896484375,15511.150390625,16921300
2014-08-05,15545.73046875,15595.6103515625,15472.25,15516.16015625,17405400
2014-08-06,15447.1904296875,15447.1904296875,15246.16015625,15385.51953125,21279000
2014-08-07,15364.33984375,15435.490234375,15268.2197265625,15340.8701171875,22676700
2014-08-08,15224.650390625,15330.3203125,15121.7001953125,15297.48046875,20462400
2014-08-11,15372.3603515625,15698.58984375,15372.3603515625,15668.66015625,16067200
2014-08-12,15675.349609375,15682.169921875,15522.650390625,15532.740234375,13882800
2014-08-13,15585.08984375,15665.5400390625,15565.9501953125,15649.990234375,13237300
2014-08-14,15625.2001953125,15765.5,15618.33984375,15746.6796875,13190300
2014-08-15,15777.8701171875,15869.990234375,15642.58984375,15674.919921875,14006900
2014-08-18,15784.6201171875,15877.650390625,15783.400390625,15847.8896484375,11332200
2014-08-19,15892.91015625,15984.5595703125,15892.75,15970.4501953125,13405500
2014-08-20,15975.8095703125,15982.990234375,15863.7900390625,15906.9404296875,11404400
2014-08-21,15916.8095703125,15998.3603515625,15848.41015625,15998.3603515625,12142300
2014-08-22,15999.1103515625,16061.6298828125,15945.5498046875,15999.2197265625,10777600
2014-08-25,16073.0400390625,16169.4404296875,16073.0400390625,16169.4404296875,7111100
2014-08-26,16160.5302734375,16275.98046875,16128.83984375,16270.58984375,12213200
2014-08-27,16270.349609375,16294.6298828125,16248.83984375,16273.169921875,10537700
2014-08-28,16242.6298828125,16250.4501953125,16043.01953125,16095.8701171875,12163000
2014-08-29,16107.919921875,16118.5498046875,15964.9404296875,16085.2900390625,13240200
2014-09-01,16099.759765625,16154.0703125,16077.1904296875,16100.7900390625,7528800
2014-09-02,16131.1298828125,16213.7998046875,16118.3095703125,16146.1396484375,10513700
2014-09-03,16200.759765625,16318.1201171875,16140.6201171875,16241.2998046875,14489500
2014-09-04,16221.9697265625,16359.099609375,16121.73046875,16338.7099609375,13920500
2014-09-05,16356.2900390625,16404.73046875,16334.169921875,16343.75,13331200
2014-09-08,16348.7197265625,16364.6103515625,16273.91015625,16340.759765625,11195200
2014-09-09,16328.5595703125,16356.3203125,16266.58984375,16278.490234375,10041500
2014-09-10,16257.330078125,16257.330078125,16150.349609375,16166.6904296875,10017000
2014-09-11,16200.2197265625,16245.7802734375,16091.9404296875,16146.8798828125,11398200
2014-09-12,16159.0703125,16175.0703125,16130.669921875,16164.76953125,10617100
2014-09-15,16134.1904296875,16159.41015625,16100.3203125,16122.6201171875,11057900
2014-09-16,16111.4501953125,16111.4501953125,15992.08984375,16039.08984375,11964500
2014-09-17,16086.7802734375,16181.400390625,16086.7802734375,16153.0595703125,11458600
2014-09-18,16162.8896484375,16251.2998046875,16155.7802734375,16249.509765625,13829600
2014-09-19,16313.849609375,16378.3896484375,16264.849609375,16290.16015625,25406900
2014-09-22,16247.8701171875,16293.4404296875,16185.7998046875,16215.1396484375,12212700
2014-09-23,16185.41015625,16185.41015625,15968.9599609375,15979.599609375,14614400
2014-09-24,15980.83984375,15980.83984375,15853.6103515625,15973.9501953125,13212600
2014-09-25,15985.6796875,16133.6103515625,15908.3701171875,15927.150390625,15215600
2014-09-26,15920.33984375,15978.2001953125,15775.9599609375,15947.900390625,14030600
2014-09-29,15962.83984375,15989.9697265625,15823.0595703125,15885.5,11442100
2014-09-30,15909.9296875,16016.599609375,15898.1396484375,15994.9599609375,14775900
2014-10-01,15995.26953125,16060.6201171875,15805.8095703125,15820.08984375,16626100
2014-10-02,15808.1796875,15835.91015625,15567.2099609375,15567.2099609375,18038900
2014-10-06,15642.6796875,15837.8896484375,15642.6796875,15757.1103515625,17305300
2014-10-07,15723.8603515625,15725.75,15534.7998046875,15550.4296875,18003100
2014-10-08,15488.9404296875,15488.9404296875,15342.4296875,15377.2197265625,18113800
2014-10-09,15466.7998046875,15543.3798828125,15172.23046875,15201.8896484375,19597500
2014-10-10,15112.0400390625,15112.4404296875,14796.98046875,14988.919921875,27242200
2014-10-13,14889.4697265625,15121.2001953125,14842.3798828125,14946.919921875,18364500
2014-10-14,14890.5703125,15076.8203125,14795.7099609375,15055.75,18391300
2014-10-15,15069.1796875,15215.4599609375,14730.5703125,14753.5,23383800
2014-10-16,14831.41015625,14922.9697265625,14397.98046875,14733.1904296875,35469800
2014-10-17,14767.1904296875,15177.830078125,14767.1904296875,15177.830078125,22739200
2014-10-20,15165.76953125,15230.01953125,15026.5703125,15065.1904296875,16865800
2014-10-21,15056.400390625,15422.8603515625,14971.5498046875,15422.8603515625,19264000
2014-10-22,15474.6201171875,15588.349609375,15465.9697265625,15583.3701171875,17410900
2014-10-23,15531.2998046875,15709.3798828125,15417.4599609375,15693.7900390625,15752900
2014-10-24,15648.5595703125,15703.650390625,15591.7197265625,15624.8095703125,16053700
2014-10-27,15685.599609375,15735.7998046875,15415.9404296875,15468.41015625,16956600
2014-10-28,15515.91015625,15657.5302734375,15515.91015625,15637.23046875,15356000
2014-10-29,15691.330078125,15816.419921875,15690.7099609375,15764.9296875,16833100
2014-10-30,15774.5400390625,15860.98046875,15581.48046875,15855.08984375,15608000
2014-10-31,15987.599609375,16166.5595703125,15987.599609375,16134.25,17752200
2014-11-03,16140.6298828125,16218.8701171875,16115.240234375,16147.8095703125,15560400
2014-11-04,16133.3095703125,16215.009765625,15999.1396484375,16023.4296875,18503200
2014-11-05,16062.16015625,16193.91015625,16062.16015625,16175.8798828125,18186600
2014-11-06,16135.099609375,16322.7900390625,16066.2802734375,16241.0498046875,22425900
2014-11-07,16271.919921875,16365.3203125,16140.2001953125,16209.98046875,22102600
2014-11-10,16193.1396484375,16325.6103515625,16177.2900390625,16325.6103515625,26580500
2014-11-11,16354.8798828125,16376.0703125,16298.1298828125,16341.8701171875,18909100
2014-11-12,16316.48046875,16349.009765625,16120.2900390625,16157.1201171875,18161300
2014-11-13,16214.509765625,16316.5302734375,16146.919921875,16221.8203125,15508200
2014-11-14,16241.2998046875,16363.66015625,16218.0302734375,16290.1201171875,18278000
2014-11-17,16219.2001953125,16359.2998046875,16160.1298828125,16345.8896484375,11271600
2014-11-18,16356.919921875,16460.560546875,16322.150390625,16448.009765625,14509400
2014-11-19,16451.689453125,16561.830078125,16428.19921875,16519.060546875,11189600
2014-11-20,16516.779296875,16538.990234375,16402.220703125,16538.990234375,11335500
2014-11-21,16587.16015625,16878.640625,16587.08984375,16840.939453125,16599500
2014-11-24,16835.8203125,17008.380859375,16825.349609375,16994.419921875,15350100
2014-11-25,16995.439453125,17097.26953125,16985.75,17044.099609375,46737900
2014-11-26,17079.7890625,17093.01953125,16957.58984375,17032.9296875,12447100
2014-11-27,17039.08984375,17100.69921875,17007.109375,17076.990234375,10708700
2014-11-28,17082.490234375,17089.8203125,16955.779296875,16984.259765625,15987700
2014-12-01,16912.55078125,17012.08984375,16907.140625,17003.8203125,19916200
2014-12-02,17040.7109375,17102.259765625,16983.7109375,17016.0703125,17938600
2014-12-03,17022.759765625,17131.619140625,16996.91015625,17114.7890625,21640800
2014-12-04,17142.30078125,17168.759765625,16948.880859375,16968.990234375,16945300
2014-12-05,17045.310546875,17187.640625,17041.5390625,17183.94921875,13555500
2014-12-08,17139.73046875,17146.55078125,17080.44921875,17087.470703125,11081000
2014-12-09,17004.01953125,17012.01953125,16838.619140625,16855.470703125,14041900
2014-12-10,16910.5,16972.630859375,16606.109375,16644.099609375,17196200
2014-12-11,16633.55078125,16691.470703125,16550.169921875,16656.4609375,18472500
2014-12-12,16593.7109375,16593.7109375,16366.8095703125,16374.3603515625,14323000
2014-12-15,16381.669921875,16504.330078125,16147.5,16158.4296875,16036800
2014-12-16,16192.9599609375,16363.3603515625,15993.8203125,16362.9599609375,24697200
2014-12-17,16268.8203125,16414.3203125,16213.2001953125,16381.6201171875,30907800
2014-12-18,16503.130859375,16735.9296875,16503.130859375,16735.150390625,21913100
2014-12-19,16792.970703125,16886.2890625,16698.9296875,16769.44921875,39379700
2014-12-22,16803.6796875,16916.490234375,16803.6796875,16877.6796875,12036000
2014-12-23,16895.369140625,17023.529296875,16890.05078125,17022.349609375,11225900
2014-12-29,17003.51953125,17039.1796875,16900.109375,17030.029296875,9240400
2014-12-30,16973.91015625,16994.9296875,16921.400390625,16934.849609375,6536200
2015-01-02,16997.19921875,17046.890625,16826.599609375,16952.130859375,8907100
2015-01-05,16909.650390625,17075.33984375,16686.830078125,16714.349609375,14939900
2015-01-06,16730.580078125,16892.890625,16605.740234375,16700.0,14286900
2015-01-07,16763.55078125,16930.30078125,16738.859375,16841.359375,16479700
2015-01-08,16933.16015625,17248.009765625,16922.509765625,17214.490234375,17784900
2015-01-09,17200.990234375,17340.75,17091.69921875,17163.48046875,16166200
2015-01-12,17214.150390625,17339.119140625,17139.19921875,17244.900390625,15398500
2015-01-13,17238.869140625,17443.58984375,17195.0390625,17411.060546875,20248400
2015-01-14,17323.619140625,17438.140625,17218.779296875,17264.560546875,17742800
2015-01-15,17359.080078125,17571.939453125,17189.69921875,17570.080078125,20245100
2015-01-16,17527.26953125,17715.2109375,17493.220703125,17675.419921875,18077100
2015-01-19,17728.349609375,17882.509765625,17708.490234375,17874.119140625,14374700
2015-01-20,17896.869140625,17985.380859375,17877.5390625,17953.810546875,15296400
2015-01-21,17967.0,18022.05078125,17827.240234375,18021.98046875,15973800
2015-01-22,18007.919921875,18322.380859375,17954.099609375,18294.33984375,25205300
2015-01-23,18362.740234375,18695.41015625,18362.740234375,18653.6796875,23032200
2015-01-26,18611.05078125,18877.279296875,18538.349609375,18877.279296875,17095700
2015-01-27,18872.740234375,18938.73046875,18577.310546875,18603.0390625,16194200
2015-01-28,18679.009765625,18743.7109375,18558.5390625,18719.91015625,15057000
2015-01-29,18668.94921875,18715.220703125,18530.48046875,18653.55078125,14384100
2015-01-30,18698.01953125,18735.369140625,18556.810546875,18594.140625,18722800
2015-02-02,18591.830078125,18733.099609375,18539.98046875,18689.94921875,13718500
2015-02-03,18713.2109375,18881.220703125,18703.939453125,18800.830078125,21188100
2015-02-04,18812.890625,18921.689453125,18725.189453125,18921.689453125,17032200
2015-02-05,18861.890625,19106.130859375,18817.400390625,19104.880859375,16916500
2015-02-06,19056.33984375,19064.75,18968.51953125,18991.58984375,13201000
2015-02-09,18911.779296875,18911.779296875,18582.169921875,18726.169921875,21523300
2015-02-10,18742.25,18938.08984375,18691.30078125,18908.08984375,17635200
2015-02-11,18925.4609375,18941.98046875,18809.55078125,18866.759765625,14402600
2015-02-12,18854.5,19218.9296875,18846.1796875,19213.310546875,19340300
2015-02-13,19246.0703125,19318.48046875,19231.0390625,19288.16015625,18211900
2015-02-16,19285.580078125,19311.099609375,19247.94921875,19282.9609375,10496500
2015-02-17,19226.310546875,19273.66015625,19060.0390625,19256.26953125,12354800
2015-02-18,19315.390625,19499.419921875,19310.400390625,19499.419921875,14303000
2015-02-19,19468.400390625,19649.75,19397.859375,19649.75,17136900
2015-02-20,19627.009765625,19689.140625,19545.41015625,19657.0703125,14847000
2015-02-23,19733.189453125,19851.73046875,19692.3203125,19851.73046875,19050200
2015-02-24,19842.599609375,19874.869140625,19716.5,19827.3203125,15177100
2015-02-25,19833.4609375,19896.919921875,19698.859375,19752.73046875,12890100
2015-02-26,19741.5390625,19920.119140625,19720.689453125,19920.119140625,16287200
2015-02-27,19922.359375,20109.41015625,19914.58984375,20092.009765625,18952200
2015-03-02,20127.5390625,20278.990234375,20080.490234375,20143.140625,15429900
2015-03-03,20158.109375,20218.4296875,19877.0,19883.6796875,17246100
2015-03-04,19903.109375,19960.359375,19697.380859375,19960.359375,19212300
2015-03-05,20008.640625,20256.16015625,20006.060546875,20243.599609375,22268900
2015-03-06,20228.7109375,20324.51953125,20223.94921875,20284.080078125,17497600
2015-03-09,20236.240234375,20251.05078125,20013.7890625,20200.029296875,16089200
2015-03-10,20202.94921875,20344.8203125,20098.869140625,20172.9609375,18017100
2015-03-11,20231.23046875,20635.060546875,20223.05078125,20601.060546875,16604800
2015-03-12,20621.83984375,20720.150390625,20566.69921875,20682.490234375,16290100
2015-03-13,20718.240234375,20857.58984375,20670.58984375,20857.58984375,15178800
2015-03-16,20892.919921875,21168.44921875,20892.359375,21113.55078125,15526500
2015-03-17,21086.55078125,21103.109375,20651.7890625,20714.470703125,18551500
2015-03-18,20723.19921875,20777.619140625,20485.55078125,20681.640625,18019800
2015-03-19,20641.48046875,20813.91015625,20641.48046875,20786.380859375,19420300
2015-03-20,20848.19921875,20973.849609375,20807.220703125,20941.4296875,37472100
2015-03-23,20898.970703125,20902.94921875,20644.939453125,20683.16015625,16221900
2015-03-24,20618.720703125,20864.75,20512.390625,20834.01953125,15338000
2015-03-25,20835.5,20937.080078125,20679.3203125,20688.9609375,15528900
2015-03-26,20590.669921875,20597.119140625,20205.76953125,20533.939453125,18902000
2015-03-27,20604.380859375,20751.279296875,20483.890625,20585.6796875,15288400
2015-03-30,20628.490234375,20854.1796875,20628.490234375,20820.669921875,14639600
2015-03-31,20822.419921875,20959.6796875,20627.740234375,20684.630859375,23520600
2015-04-01,20634.51953125,20958.2890625,20575.640625,20840.55078125,15299300
2015-04-02,20825.279296875,20875.509765625,20793.369140625,20859.5390625,11435700
2015-04-07,20928.529296875,21048.509765625,20904.2109375,21034.3203125,12431400
2015-04-08,21039.58984375,21076.830078125,20976.4609375,21074.08984375,13409200
2015-04-09,21142.23046875,21367.76953125,21142.23046875,21367.76953125,11811100
2015-04-10,21418.80078125,21619.830078125,21418.330078125,21619.830078125,17881300
2015-04-13,21604.9609375,21656.740234375,21506.599609375,21623.259765625,13394300
2015-04-14,21583.080078125,21649.349609375,21413.529296875,21487.490234375,13235400
2015-04-15,21518.220703125,21653.939453125,21479.130859375,21570.689453125,14272900
2015-04-16,21613.4609375,21616.6796875,21324.94921875,21333.58984375,18131400
2015-04-17,21300.939453125,21367.55078125,20877.25,20898.669921875,19450700
2015-04-20,20927.890625,21153.119140625,20927.890625,21140.98046875,12028300
2015-04-21,21221.48046875,21482.5703125,21172.0390625,21340.359375,13994300
2015-04-22,21377.859375,21462.33984375,21094.9296875,21214.560546875,14330000
2015-04-23,21244.099609375,21293.669921875,20973.51953125,21010.640625,19713500
2015-04-24,21049.580078125,21083.330078125,20920.119140625,21024.69921875,14008400
2015-04-27,21074.390625,21315.029296875,20864.609375,21315.029296875,13262400
2015-04-28,21316.6796875,21318.919921875,20816.7109375,20917.580078125,13622000
2015-04-29,20954.669921875,21026.9296875,20331.130859375,20341.990234375,18474000
2015-04-30,20355.580078125,20449.099609375,20037.869140625,20316.55078125,21467100
2015-05-04,20340.029296875,20572.48046875,20312.8203125,20540.94921875,12009400
2015-05-05,20524.1796875,20742.380859375,20129.400390625,20129.400390625,17934900
2015-05-06,20162.48046875,20229.359375,19935.609375,20012.099609375,20146800
2015-05-07,19956.080078125,20090.94921875,19567.330078125,20061.380859375,27916800
2015-05-08,20165.830078125,20607.41015625,20165.830078125,20604.509765625,20716000
2015-05-11,20600.310546875,20636.150390625,20453.740234375,20595.98046875,14693100
2015-05-12,20509.259765625,20509.259765625,20182.650390625,20317.94921875,15254000
2015-05-13,20393.83984375,20642.640625,20245.33984375,20296.810546875,15519300
2015-05-14,20241.259765625,20603.380859375,20071.7109375,20577.609375,10679900
2015-05-15,20648.490234375,20747.609375,20509.76953125,20602.5703125,14842800
2015-05-18,20616.0390625,20770.689453125,20427.869140625,20654.75,14243000
2015-05-19,20729.380859375,21055.58984375,20728.6796875,21035.359375,14440800
2015-05-20,21059.689453125,21072.19921875,20879.76953125,20983.150390625,14905100
2015-05-21,20963.099609375,21001.919921875,20845.380859375,20968.94921875,11849700
2015-05-22,20982.0,20997.890625,20886.859375,20915.810546875,10796500
2015-05-26,20944.470703125,21018.26953125,20659.849609375,20713.130859375,13517600
2015-05-27,20716.029296875,20993.41015625,20715.8203125,20973.3203125,14616800
2015-05-28,20927.9609375,20985.650390625,20763.880859375,20832.640625,14785100
2015-05-29,20836.69921875,20839.26953125,20429.150390625,20449.599609375,32873000
2015-06-01,20517.08984375,20713.560546875,20472.640625,20625.259765625,15009600
2015-06-02,20669.390625,20708.400390625,20410.310546875,20481.869140625,14577300
2015-06-03,20541.419921875,20689.01953125,20430.529296875,20438.1796875,17344000
2015-06-04,20375.890625,20436.5390625,20085.48046875,20278.630859375,15307400
2015-06-05,20179.98046875,20179.98046875,19933.69921875,20005.51953125,12553600
2015-06-08,19998.58984375,20005.0390625,19782.310546875,19782.310546875,11616600
2015-06-09,19738.0390625,19822.490234375,19491.0390625,19749.119140625,14470600
2015-06-10,19708.240234375,20094.009765625,19621.150390625,20060.759765625,21273700
2015-06-11,20057.26953125,20424.69921875,20048.509765625,20243.44921875,16082000
2015-06-12,20179.94921875,20240.44921875,19843.490234375,20010.189453125,14057000
2015-06-15,19879.51953125,19879.51953125,19571.41015625,19627.759765625,16914600
2015-06-16,19571.66015625,19775.349609375,19338.890625,19723.470703125,16977700
2015-06-17,19749.25,19845.0,19488.939453125,19520.130859375,15983500
2015-06-18,19477.19921875,19527.5390625,19105.5703125,19522.580078125,19011200
2015-06-19,19550.55078125,19722.2890625,19548.1796875,19573.16015625,31933100
2015-06-22,19810.830078125,20089.380859375,19809.779296875,20027.69921875,18816700
2015-06-23,20105.0,20360.310546875,20097.66015625,20304.51953125,17927400
2015-06-24,20340.66015625,20356.669921875,20114.6796875,20234.169921875,15619200
2015-06-25,20167.669921875,20406.029296875,20099.5703125,20295.349609375,14715200
2015-06-26,20244.369140625,20458.2109375,20179.7890625,20350.2109375,13120100
2015-06-29,19725.369140625,20066.990234375,19557.330078125,19806.990234375,17534500
2015-06-30,19789.7890625,19863.849609375,19521.69921875,19622.470703125,18361700
2015-07-01,19719.380859375,20176.740234375,19719.259765625,20033.01953125,18529200
2015-07-02,20060.0703125,20094.25,19852.560546875,19880.48046875,13426000
2015-07-03,19885.30078125,19903.4296875,19782.7890625,19874.490234375,8844400
2015-07-06,19736.2109375,19808.669921875,19589.4296875,19673.560546875,11995600
2015-07-07,19722.98046875,19838.9296875,19396.0703125,19415.30078125,16346100
2015-07-08,19452.470703125,19533.970703125,19315.19921875,19398.380859375,16340200
2015-07-09,19469.669921875,19852.470703125,19459.400390625,19812.609375,14542400
2015-07-10,20105.5390625,20272.23046875,20058.619140625,20238.859375,13489700
2015-07-13,20371.75,20589.390625,20371.75,20584.099609375,16593500
2015-07-14,20572.69921875,20593.310546875,20464.470703125,20579.029296875,15060500
2015-07-15,20564.900390625,20672.55078125,20544.3203125,20654.029296875,14821600
2015-07-16,20729.220703125,21053.599609375,20722.130859375,20971.5,16400600
2015-07-17,21027.759765625,21052.359375,20944.640625,20996.76953125,11917200
2015-07-20,21012.48046875,21213.7109375,20998.94921875,21117.5390625,10961500
2015-07-21,21171.69921875,21189.51953125,20893.150390625,20928.66015625,12584700
2015-07-22,20853.16015625,20928.009765625,20805.310546875,20826.19921875,11575100
2015-07-23,20919.830078125,20978.4609375,20685.30078125,20749.109375,13038000
2015-07-24,20737.439453125,20888.1796875,20600.44921875,20642.58984375,11875200
2015-07-27,20601.2109375,20601.2109375,20099.720703125,20103.19921875,14558300
2015-07-28,20192.41015625,20440.69921875,20141.130859375,20379.6796875,14031200
2015-07-29,20464.5,20563.98046875,20357.439453125,20545.580078125,12506600
2015-07-30,20620.26953125,20730.849609375,20400.009765625,20564.650390625,11769100
2015-07-31,20580.48046875,20769.91015625,20577.509765625,20764.560546875,14333000
2015-08-03,20771.48046875,21165.150390625,20730.3203125,21130.73046875,13168100
2015-08-04,21119.55078125,21262.66015625,21035.19921875,21253.6796875,13529100
2015-08-05,21298.4296875,21447.689453125,21298.4296875,21381.369140625,14877200
2015-08-06,21402.640625,21523.73046875,21362.98046875,21402.25,15946700
2015-08-07,21412.4609375,21416.240234375,21105.19921875,21114.0,14127000
2015-08-10,21160.4609375,21259.419921875,21002.669921875,21258.439453125,12841400
2015-08-11,21208.900390625,21241.490234375,20801.669921875,20826.80078125,13220800
2015-08-12,20711.029296875,20711.029296875,20173.1796875,20234.599609375,17400500
2015-08-13,20444.5390625,20761.130859375,20444.5390625,20629.390625,14485700
2015-08-14,20644.759765625,20831.490234375,20638.529296875,20709.98046875,10529300
2015-08-17,20786.529296875,20908.830078125,20518.80078125,20697.869140625,9806800
2015-08-18,20691.5390625,20778.08984375,20637.470703125,20721.66015625,10236400
2015-08-19,20649.98046875,20650.01953125,20395.8203125,20395.8203125,12711300
2015-08-20,20337.7109375,20337.7109375,19867.5703125,19882.7109375,16366500
2015-08-21,19647.8203125,19895.509765625,19341.98046875,19341.98046875,17732600
2015-08-24,18943.94921875,18943.94921875,18072.55078125,18618.490234375,29882000
2015-08-25,18812.7890625,19439.8203125,18811.380859375,19299.900390625,22671300
2015-08-26,19168.94921875,19451.259765625,18888.05078125,19137.609375,18820500
2015-08-27,19523.5703125,19733.900390625,19492.76953125,19654.470703125,16562200
2015-08-28,19687.69921875,19746.41015625,19506.900390625,19657.689453125,12686800
2015-08-31,19588.380859375,19678.4609375,19464.1796875,19678.4609375,13383000
2015-09-01,19543.779296875,19543.779296875,19146.30078125,19291.91015625,14968700
2015-09-02,19361.470703125,19487.419921875,19181.5390625,19369.990234375,13296700
2015-09-03,19472.33984375,19862.91015625,19466.560546875,19780.2109375,13551100
2015-09-04,19662.990234375,19662.990234375,19273.5,19325.66015625,13999900
2015-09-07,19446.130859375,19512.400390625,19231.58984375,19351.109375,8497100
2015-09-08,19421.220703125,19726.890625,19421.220703125,19588.5703125,11075900
2015-09-09,19782.3203125,20014.560546875,19782.3203125,19818.390625,13285500
2015-09-10,19722.91015625,19884.869140625,19654.73046875,19759.330078125,10645900
2015-09-11,19787.869140625,19801.7890625,19493.029296875,19560.0,12205500
2015-09-14,19572.919921875,19705.189453125,19407.490234375,19446.9609375,12296000
2015-09-15,19476.3203125,19600.330078125,19314.080078125,19552.880859375,12249800
2015-09-16,19655.650390625,19782.0,19624.80078125,19742.8203125,13435200
2015-09-17,19771.66015625,19828.55078125,19696.990234375,19749.830078125,12621200
2015-09-18,19711.4296875,19711.4296875,19319.009765625,19512.23046875,51296900
2015-09-21,19452.580078125,19703.30078125,19327.810546875,19640.349609375,19266900
2015-09-22,19677.5,19698.80078125,19070.19921875,19097.689453125,22656200
2015-09-23,19095.109375,19277.5,18970.560546875,19185.69921875,17787500
2015-09-24,19197.48046875,19298.9296875,18706.189453125,18817.650390625,19931900
2015-09-25,19004.830078125,19387.060546875,19004.830078125,19300.580078125,15808200
2015-09-28,19274.05078125,19279.359375,18952.76953125,18975.5,14846400
2015-09-29,18819.05078125,19049.51953125,18680.990234375,18904.490234375,16814300
2015-09-30,19131.33984375,19326.869140625,19131.33984375,19279.740234375,16940700
2015-10-01,19391.30078125,19622.419921875,19125.060546875,19179.44921875,16420700
2015-10-02,19255.98046875,19482.73046875,19047.6796875,19323.279296875,14057600
2015-10-05,19533.380859375,19897.109375,19533.380859375,19827.1796875,15074200
2015-10-06,19842.359375,20073.3203125,19758.169921875,19972.5390625,14381000
2015-10-07,20040.08984375,20131.259765625,19907.619140625,19943.580078125,16640100
2015-10-08,19927.23046875,20114.3203125,19882.259765625,20108.0703125,13741800
2015-10-09,20213.7109375,20322.6796875,20158.099609375,20200.509765625,16912700
2015-10-12,20252.5703125,20325.83984375,19993.009765625,20050.0390625,13131800
2015-10-13,20044.419921875,20044.419921875,19613.94921875,19728.0703125,18677400
2015-10-14,19659.5703125,19733.1796875,19498.580078125,19587.33984375,17879000
2015-10-15,19664.08984375,19719.0703125,19512.33984375,19698.05078125,16611400
2015-10-16,19767.4609375,19806.51953125,19584.630859375,19640.560546875,16039900
2015-10-19,19632.4609375,19821.939453125,19625.439453125,19749.060546875,12804300
2015-10-20,19754.01953125,19809.240234375,19634.279296875,19728.26953125,11912000
2015-10-21,19768.359375,20064.91015625,19711.859375,19988.359375,15225400
2015-10-22,19971.390625,20436.509765625,19934.91015625,20389.470703125,15636100
2015-10-23,20509.650390625,20990.869140625,20509.650390625,20918.1796875,16622300
2015-10-26,20923.58984375,20984.599609375,20835.599609375,20929.169921875,10743600
2015-10-27,20881.759765625,20922.8203125,20680.66015625,20680.66015625,10885300
2015-10-28,20717.2109375,20973.55078125,20638.0390625,20954.48046875,10685900
2015-10-29,20990.83984375,21120.8203125,20981.58984375,21116.259765625,11800200
2015-10-30,21159.849609375,21304.560546875,21079.83984375,21174.529296875,12324700
2015-11-02,21131.55078125,21390.939453125,21072.140625,21291.689453125,12179800
2015-11-03,21316.439453125,21331.7109375,21178.5,21215.0703125,12952900
2015-11-04,21256.130859375,21378.470703125,21151.400390625,21188.41015625,14801000
2015-11-05,21208.23046875,21226.759765625,21032.169921875,21171.080078125,16171500
2015-11-06,21170.0390625,21388.33984375,21091.7890625,21292.939453125,14053500
2015-11-09,21306.58984375,21333.060546875,20955.3203125,20979.0390625,13353000
2015-11-10,20999.359375,21034.599609375,20835.390625,21019.939453125,15001900
2015-11-11,21040.580078125,21089.4609375,20891.939453125,20963.48046875,19710500
2015-11-12,20962.05078125,21044.990234375,20616.970703125,20661.759765625,17094000
2015-11-13,20638.490234375,20679.33984375,20403.05078125,20519.6796875,20571500
2015-11-16,20418.240234375,20707.58984375,20351.73046875,20685.44921875,12602200
2015-11-17,20767.76953125,21172.810546875,20767.76953125,21172.810546875,13745800
2015-11-18,21120.419921875,21154.2109375,21024.970703125,21138.859375,12047000
2015-11-19,21230.119140625,21384.9296875,21212.41015625,21270.169921875,12395100
2015-11-20,21296.349609375,21319.439453125,21189.55078125,21296.91015625,10010900
2015-11-23,21269.630859375,21337.080078125,21222.7109375,21261.41015625,9665100
2015-11-24,21212.0,21212.0,20779.849609375,20942.08984375,12616500
2015-11-25,20965.94921875,21310.009765625,20938.009765625,21262.560546875,12969200
2015-11-26,21288.75,21561.669921875,21288.259765625,21465.66015625,11165600
2015-11-27,21443.720703125,21446.75,21302.1796875,21421.19921875,9810200
2015-11-30,21433.990234375,21593.380859375,21347.099609375,21593.380859375,24591100
2015-12-01,21629.669921875,21679.51953125,21429.939453125,21437.8203125,17950000
2015-12-02,21492.560546875,21592.19921875,21369.859375,21389.3203125,12388800
2015-12-03,21413.580078125,21615.849609375,20839.740234375,20851.259765625,17141500
2015-12-04,20860.689453125,20950.380859375,20710.630859375,20903.970703125,14687400
2015-12-07,21002.470703125,21472.76953125,20999.279296875,21261.0703125,14195200
2015-12-08,21260.9296875,21287.220703125,20775.849609375,20855.69921875,13852100
2015-12-09,20881.08984375,20937.009765625,20636.4296875,20709.140625,14088200
2015-12-10,20660.009765625,20769.109375,20476.009765625,20669.810546875,12498000
2015-12-11,20656.689453125,20656.720703125,20103.939453125,20196.80078125,16664400
2015-12-14,20279.25,20365.5703125,19944.240234375,19962.310546875,13882300
2015-12-15,20055.51953125,20526.41015625,20055.51953125,20484.650390625,14585800
2015-12-16,20543.66015625,20824.560546875,20511.419921875,20664.23046875,13762000
2015-12-17,20829.279296875,21087.349609375,20829.279296875,20879.619140625,15142800
2015-12-18,20769.5390625,20799.130859375,20546.169921875,20648.529296875,23524200
2015-12-21,20625.990234375,20796.220703125,20377.150390625,20377.150390625,9920500
2015-12-22,20482.330078125,20563.900390625,20239.900390625,20402.369140625,8326300
2015-12-23,20495.7890625,20739.130859375,20495.7890625,20708.8203125,7996600
2015-12-28,20702.98046875,20725.609375,20533.26953125,20590.05078125,5473400
2015-12-29,20677.490234375,20939.939453125,20677.490234375,20939.939453125,8479600
2015-12-30,20946.26953125,20946.26953125,20688.060546875,20774.619140625,5812800
2016-01-04,20634.029296875,20634.029296875,20113.349609375,20256.140625,14652700
2016-01-05,20335.900390625,20510.58984375,20028.44921875,20228.060546875,12703900
2016-01-06,20230.01953125,20230.01953125,19820.400390625,19989.880859375,11434300
2016-01-07,19612.08984375,19615.869140625,19192.919921875,19537.390625,19604200
2016-01-08,19567.140625,19781.869140625,19321.0390625,19321.9296875,15225300
2016-01-11,19302.349609375,19469.890625,19169.650390625,19219.4296875,15692000
2016-01-12,19219.650390625,19771.470703125,19219.650390625,19627.759765625,17544700
2016-01-13,19785.220703125,19918.900390625,19555.2109375,19587.689453125,17580800
2016-01-14,19477.19921875,19477.19921875,19015.619140625,19296.48046875,18716200
2016-01-15,19283.900390625,19324.140625,18595.41015625,18789.759765625,18591600
2016-01-18,18776.66015625,18972.859375,18586.740234375,18662.689453125,15276300
2016-01-19,18840.650390625,19135.169921875,18840.650390625,19029.23046875,15457700
2016-01-20,18784.109375,18784.779296875,18264.9609375,18322.990234375,19538500
2016-01-21,18324.55078125,18731.109375,18293.01953125,18611.73046875,19106100
2016-01-22,18802.009765625,19324.859375,18802.009765625,19216.73046875,17948500
2016-01-25,19299.7109375,19371.669921875,19161.779296875,19280.099609375,11932400
2016-01-26,19152.25,19407.6796875,18944.619140625,19369.689453125,13144600
2016-01-27,19341.1796875,19444.19921875,19145.08984375,19318.640625,13963300
2016-01-28,19258.470703125,19374.76953125,18943.759765625,19017.419921875,15263400
2016-01-29,19174.0390625,19478.0390625,19164.119140625,19478.0390625,16904000
2016-02-01,19524.630859375,19572.2890625,19320.279296875,19473.439453125,13917200
2016-02-02,19452.859375,19452.859375,19010.23046875,19084.990234375,15016300
2016-02-03,19067.880859375,19100.029296875,18709.890625,18833.279296875,16423700
2016-02-04,18945.099609375,19106.689453125,18591.189453125,18855.220703125,17902200
2016-02-05,18866.349609375,19075.5390625,18657.259765625,18685.740234375,16079000
2016-02-08,18708.330078125,18728.73046875,17746.4296875,17848.630859375,20337200
2016-02-09,17804.69921875,17908.359375,17434.330078125,17744.619140625,22107500
2016-02-10,17833.8203125,18289.240234375,17763.23046875,18106.640625,17916500
2016-02-11,17957.73046875,17957.73046875,17513.7109375,17594.6796875,20197300
2016-02-12,17684.970703125,17924.029296875,17684.970703125,17924.029296875,16335700
2016-02-15,18184.2890625,18587.2890625,18184.2890625,18517.19921875,14097500
2016-02-16,18623.9609375,18678.390625,18320.640625,18431.0703125,15057100
2016-02-17,18477.41015625,18991.150390625,18472.369140625,18959.80078125,15367100
2016-02-18,19050.23046875,19274.509765625,18934.9609375,19124.189453125,14350000
2016-02-19,19109.1796875,19195.560546875,18813.94921875,19009.380859375,14383500
2016-02-22,19137.4609375,19356.66015625,19137.4609375,19326.01953125,12896600
2016-02-23,19268.330078125,19333.650390625,19042.330078125,19055.830078125,13852800
2016-02-24,19025.76953125,19047.599609375,18484.849609375,18610.640625,16850900
2016-02-25,18752.470703125,19090.5390625,18748.380859375,19022.8203125,17585900
2016-02-26,19142.740234375,19368.73046875,19132.98046875,19201.490234375,14834600
2016-02-29,19139.580078125,19431.390625,19038.19921875,19422.029296875,14988900
2016-03-01,19451.470703125,19821.58984375,19390.310546875,19815.580078125,19051300
2016-03-02,19913.30078125,19999.7890625,19554.689453125,19668.0,18687000
2016-03-03,19710.939453125,19727.69921875,19550.759765625,19641.720703125,18560300
2016-03-04,19691.48046875,19851.490234375,19618.189453125,19781.26953125,16763800
2016-03-07,19760.009765625,19794.650390625,19578.400390625,19682.669921875,13310600
2016-03-08,19603.2109375,19603.2109375,19338.01953125,19406.349609375,14698500
2016-03-09,19413.990234375,19601.23046875,19385.509765625,19475.369140625,13698800
2016-03-10,19481.009765625,19964.380859375,19155.7890625,19155.8203125,18429900
2016-03-11,19297.390625,19838.5,19296.0,19815.05078125,15709400
2016-03-14,19947.279296875,20098.189453125,19946.9609375,20054.560546875,14363700
2016-03-15,19986.6796875,19986.91015625,19850.189453125,19919.75,13284100
2016-03-16,19973.560546875,20118.98046875,19963.849609375,20103.7890625,17273700
2016-03-17,20169.51953125,20212.890625,19721.4609375,20036.330078125,18095600
2016-03-18,20055.689453125,20222.369140625,20001.2890625,20099.4296875,33453900
2016-03-21,20054.130859375,20269.55078125,19983.830078125,20109.970703125,16380300
2016-03-22,20029.0390625,20188.30078125,19821.16015625,20187.970703125,17255000
2016-03-23,20263.33984375,20337.9609375,20146.650390625,20256.869140625,14968400
2016-03-24,20143.890625,20143.890625,19900.810546875,19982.76953125,14176100
2016-03-29,20103.529296875,20138.869140625,19936.759765625,20121.6796875,11626700
2016-03-30,20155.349609375,20554.810546875,20155.349609375,20495.0,21706300
2016-03-31,20435.16015625,20441.779296875,20338.830078125,20397.6796875,19166100
2016-04-01,20230.9296875,20230.9296875,19973.83984375,20195.55078125,17742500
2016-04-04,20187.5703125,20375.2109375,20088.08984375,20265.2109375,13128400
2016-04-05,20142.529296875,20142.529296875,19818.83984375,19882.990234375,14415800
2016-04-06,19890.55078125,20051.58984375,19787.259765625,20043.8203125,13746100
2016-04-07,20053.66015625,20124.380859375,19840.4296875,19902.6796875,15355600
2016-04-08,19914.41015625,20214.509765625,19914.41015625,20170.509765625,12952400
2016-04-11,20149.55078125,20300.509765625,20003.669921875,20162.75,12486600
2016-04-12,20193.810546875,20198.51953125,19969.80078125,20163.099609375,12667900
2016-04-13,20315.330078125,20536.099609375,20315.330078125,20533.7890625,16413700
2016-04-14,20551.029296875,20561.310546875,20405.44921875,20441.880859375,23615000
2016-04-15,20407.939453125,20443.279296875,20312.0703125,20334.4609375,18246200
2016-04-18,20201.189453125,20440.869140625,20092.630859375,20400.859375,13658700
2016-04-19,20433.140625,20709.05078125,20400.94921875,20669.529296875,16925200
2016-04-20,20658.5390625,20676.279296875,20558.720703125,20649.58984375,16125500
2016-04-21,20657.73046875,20696.580078125,20352.349609375,20481.30078125,20783000
2016-04-22,20440.189453125,20493.509765625,20334.5390625,20382.380859375,14647800
2016-04-25,20404.890625,20445.0390625,20268.55078125,20351.41015625,12675000
2016-04-26,20448.669921875,20515.880859375,20320.419921875,20379.7890625,12865000
2016-04-27,20365.66015625,20471.19921875,20278.509765625,20459.720703125,12326900
2016-04-28,20415.4609375,20428.580078125,20131.5,20418.380859375,14311100
2016-04-29,20333.98046875,20333.98046875,20063.2109375,20100.7109375,15860800
2016-05-02,20133.740234375,20336.859375,20133.740234375,20269.849609375,8130100
2016-05-03,20224.830078125,20227.890625,19962.689453125,20046.189453125,16485300
2016-05-04,20018.310546875,20059.58984375,19868.439453125,19921.2109375,14601200
2016-05-05,19947.369140625,20100.91015625,19938.279296875,20057.98046875,9183900
2016-05-06,20020.619140625,20117.6796875,19894.48046875,20042.419921875,13210700
2016-05-09,20113.029296875,20212.19921875,19955.560546875,20039.529296875,13875700
2016-05-10,20117.7890625,20268.16015625,20117.130859375,20228.44921875,17063800
2016-05-11,20243.029296875,20256.150390625,20089.220703125,20224.73046875,16526300
2016-05-12,20164.83984375,20294.419921875,20038.669921875,20047.16015625,19458400
2016-05-13,19966.4296875,20160.0703125,19907.169921875,20152.259765625,20846800
2016-05-17,20222.400390625,20254.640625,19983.259765625,20064.140625,15109100
2016-05-18,19958.779296875,20124.759765625,19946.619140625,20117.390625,16015900
2016-05-19,20022.369140625,20057.720703125,19907.76953125,19984.849609375,14789100
2016-05-20,20077.259765625,20268.5,20077.259765625,20268.5,13322600
2016-05-23,20280.150390625,20369.58984375,20176.7109375,20272.150390625,13453500
2016-05-24,20207.7109375,20556.240234375,20132.259765625,20526.259765625,18413300
2016-05-25,20588.5,20674.75,20585.0703125,20638.619140625,17210300
2016-05-26,20667.140625,20791.580078125,20653.119140625,20743.900390625,11648800
2016-05-27,20725.98046875,20811.140625,20676.970703125,20811.140625,12634100
2016-05-30,20801.740234375,20843.470703125,20738.609375,20801.130859375,7665700
2016-05-31,20812.220703125,20839.640625,20720.5703125,20762.380859375,25419500
2016-06-01,20751.41015625,20785.099609375,20595.349609375,20667.669921875,14575800
2016-06-02,20661.560546875,20727.830078125,20592.439453125,20703.33984375,12239400
2016-06-03,20749.349609375,20810.669921875,20408.939453125,20525.7109375,14390600
2016-06-06,20569.41015625,20691.140625,20566.0,20634.240234375,11465600
2016-06-07,20692.5390625,20911.419921875,20692.5390625,20892.009765625,15521100
2016-06-08,20863.689453125,20863.689453125,20734.939453125,20824.650390625,14135400
2016-06-09,20771.919921875,20771.919921875,20597.009765625,20672.240234375,12833300
2016-06-10,20616.130859375,20616.130859375,20139.9609375,20185.16015625,15601300
2016-06-13,20024.369140625,20024.369140625,19801.119140625,19801.119140625,16897500
2016-06-14,19706.6796875,19712.94921875,19513.990234375,19537.140625,20051600
2016-06-15,19636.310546875,19787.150390625,19636.310546875,19674.359375,19327400
2016-06-16,19569.30078125,19598.33984375,19372.3203125,19468.390625,20345600
2016-06-17,19572.98046875,19754.939453125,19564.75,19690.109375,33118600
2016-06-20,19856.0,20380.220703125,19854.240234375,20343.580078125,16514600
2016-06-21,20332.119140625,20455.900390625,20259.16015625,20404.73046875,13222900
2016-06-22,20510.099609375,20612.939453125,20458.419921875,20494.240234375,13732100
2016-06-23,20579.080078125,20922.3203125,20555.30078125,20771.740234375,15935900
2016-06-24,19378.390625,20051.7109375,19229.08984375,19828.599609375,36844700
2016-06-27,19776.890625,19831.859375,18853.130859375,18920.990234375,32378300
2016-06-28,19193.19921875,19420.05078125,19193.19921875,19276.4609375,23867500
2016-06-29,19425.359375,19664.650390625,19348.990234375,19664.400390625,20032900
2016-06-30,19668.619140625,19927.939453125,19547.2109375,19843.4296875,26463400
2016-07-01,19929.23046875,20135.369140625,19800.48046875,20105.23046875,18872700
2016-07-04,20166.759765625,20197.330078125,19881.529296875,19891.2890625,12455500
2016-07-05,19813.5,19816.23046875,19429.19921875,19482.279296875,16971900
2016-07-06,19386.98046875,19444.330078125,19122.529296875,19206.599609375,19526700
2016-07-07,19303.390625,19528.439453125,19303.390625,19404.349609375,15479300
2016-07-08,19355.900390625,19728.66015625,19345.41015625,19720.740234375,16324600
2016-07-11,19851.599609375,20199.009765625,19851.599609375,20173.25,15252300
2016-07-12,20198.990234375,20408.970703125,20195.76953125,20320.44921875,16036500
2016-07-13,20306.9296875,20459.1796875,20238.25,20376.599609375,16066200
2016-07-14,20484.880859375,20604.900390625,20452.51953125,20562.029296875,17168000
2016-07-15,20532.91015625,20599.740234375,20431.259765625,20554.119140625,14556700
2016-07-18,20577.439453125,20718.30078125,20551.33984375,20629.01953125,12340700
2016-07-19,20599.310546875,20736.939453125,20533.310546875,20727.240234375,16744700
2016-07-20,20794.33984375,20911.609375,20696.240234375,20874.400390625,15380000
2016-07-21,20899.44921875,20899.44921875,20677.720703125,20783.900390625,16182800
2016-07-22,20744.630859375,20861.25,20682.44921875,20809.9296875,12834000
2016-07-25,20805.220703125,20947.900390625,20733.640625,20878.94921875,12047800
2016-07-26,20890.76953125,21047.0,20831.9296875,21008.5390625,14419600
2016-07-27,21074.0390625,21262.0390625,21063.189453125,21217.66015625,15473600
2016-07-28,21188.94921875,21353.259765625,21088.26953125,21088.490234375,17716300
2016-07-29,21114.2109375,21164.439453125,21059.66015625,21164.439453125,15075200
2016-08-01,21246.029296875,21360.75,21061.19921875,21173.98046875,14313600
2016-08-02,21141.1796875,21144.4609375,20828.80078125,20882.19921875,17441000
2016-08-03,20867.119140625,20878.220703125,20717.91015625,20814.740234375,13177700
2016-08-04,20891.140625,20987.6796875,20802.5703125,20951.060546875,16696300
2016-08-05,20976.140625,21215.310546875,20976.140625,21212.890625,15892700
2016-08-08,21232.369140625,21362.669921875,21226.490234375,21282.41015625,15646200
2016-08-09,21274.150390625,21577.150390625,21269.51953125,21576.41015625,14927300
2016-08-10,21547.58984375,21636.05078125,21508.66015625,21630.1796875,18784000
2016-08-11,21666.849609375,21838.1796875,21606.650390625,21838.1796875,21676600
2016-08-12,21834.359375,21850.359375,21762.5703125,21837.609375,18026600
2016-08-15,21861.380859375,21947.5390625,21820.529296875,21850.109375,14593700
2016-08-16,21745.630859375,21839.0,21662.029296875,21677.55078125,17980600
2016-08-17,21693.869140625,21710.7109375,21469.630859375,21469.98046875,15015400
2016-08-18,21525.5703125,21744.830078125,21525.470703125,21687.640625,14758000
2016-08-19,21707.470703125,21708.279296875,21453.029296875,21581.990234375,14812400
2016-08-22,21591.609375,21679.98046875,21373.859375,21515.740234375,13959500
2016-08-23,21567.109375,21742.30078125,21542.939453125,21697.609375,13364200
2016-08-24,21589.23046875,21736.609375,21505.41015625,21653.2890625,16806200
2016-08-25,21575.169921875,21577.5390625,21428.310546875,21480.3203125,12970500
2016-08-26,21453.7890625,21578.640625,21388.48046875,21560.140625,10985600
2016-08-29,21480.060546875,21522.0,21303.259765625,21518.140625,7712100
2016-08-30,21596.169921875,21717.51953125,21593.390625,21599.80078125,16283100
2016-08-31,21573.94921875,21609.689453125,21393.33984375,21396.9609375,23221500
2016-09-01,21433.91015625,21613.990234375,21396.51953125,21452.80078125,18044500
2016-09-02,21513.439453125,21735.580078125,21402.2890625,21733.310546875,15889100
2016-09-05,21787.98046875,21835.970703125,21732.83984375,21772.2890625,14268600
2016-09-06,21816.990234375,21858.66015625,21744.3203125,21775.48046875,14923600
2016-09-07,21807.5703125,21833.44921875,21735.9296875,21787.619140625,14995200
2016-09-08,21782.689453125,21830.580078125,21574.560546875,21674.7109375,15648300
2016-09-09,21629.220703125,21629.220703125,21262.759765625,21315.419921875,17897300
2016-09-12,21113.830078125,21173.689453125,20886.380859375,21164.69921875,20124300
2016-09-13,21231.44921875,21303.0,21044.23046875,21060.76953125,15008700
2016-09-14,21115.970703125,21159.640625,21034.630859375,21077.25,16814400
2016-09-15,21021.4609375,21128.9296875,20981.130859375,21106.310546875,17380200
2016-09-16,21070.98046875,21131.94921875,20913.0703125,21027.759765625,27944300
2016-09-19,21113.669921875,21205.05078125,21085.9609375,21193.349609375,12478000
2016-09-20,21187.05078125,21347.76953125,21170.869140625,21232.529296875,12147200
2016-09-21,21360.4296875,21410.869140625,21232.390625,21247.099609375,13419300
2016-09-22,21386.7109375,21734.330078125,21386.7109375,21671.970703125,17195700
2016-09-23,21632.609375,21632.609375,21513.05078125,21549.48046875,14247400
2016-09-26,21466.759765625,21466.759765625,21307.58984375,21334.08984375,18849300
2016-09-27,21386.76953125,21432.130859375,21130.5703125,21319.759765625,17884100
2016-09-28,21439.6796875,21653.240234375,21433.869140625,21549.380859375,24651500
2016-09-29,21671.7890625,21771.1796875,21446.650390625,21493.560546875,17892400
2016-09-30,21359.240234375,21611.470703125,21148.240234375,21583.98046875,20972000
2016-10-04,21557.279296875,21724.779296875,21557.279296875,21700.25,23568000
2016-10-05,21584.80078125,21629.759765625,21462.0390625,21570.169921875,19569900
2016-10-06,21646.990234375,21778.16015625,21559.080078125,21559.080078125,19214700
2016-10-07,21516.310546875,21521.509765625,21253.779296875,21275.369140625,22136300
2016-10-10,21301.08984375,21495.51953125,21267.779296875,21474.6796875,15218400
2016-10-11,21439.25,21466.689453125,21302.0390625,21316.2890625,18449800
2016-10-12,21320.119140625,21384.41015625,21227.91015625,21247.900390625,16581900
2016-10-13,21140.98046875,21140.98046875,20990.970703125,21087.7109375,20295900
2016-10-14,21126.529296875,21360.619140625,21126.529296875,21320.939453125,18002500
2016-10-17,21287.55078125,21311.080078125,21204.5,21235.4609375,13386900
2016-10-18,21306.44921875,21484.810546875,21306.44921875,21448.4296875,18359700
2016-10-19,21466.6796875,21559.7890625,21394.1796875,21552.849609375,16682100
2016-10-20,21580.330078125,21603.80078125,21291.91015625,21400.380859375,20759700
2016-10-21,21423.25,21454.060546875,21311.6796875,21341.390625,16324000
2016-10-24,21393.98046875,21545.939453125,21393.98046875,21423.5390625,15618400
2016-10-25,21469.33984375,21488.009765625,21230.51953125,21270.759765625,15548800
2016-10-26,21267.099609375,21282.810546875,21088.310546875,21222.119140625,18326100
2016-10-27,21217.91015625,21354.6796875,21096.400390625,21237.0390625,17087600
2016-10-28,21155.259765625,21177.94921875,20995.3203125,21162.009765625,17338600
2016-10-31,21121.529296875,21164.490234375,21038.26953125,21146.23046875,17233100
2016-11-01,21223.7890625,21247.26953125,20878.01953125,20892.69921875,15386000
2016-11-02,20814.08984375,20865.0703125,20705.330078125,20705.330078125,20820800
2016-11-03,20670.029296875,20829.08984375,20647.33984375,20648.26953125,20309600
2016-11-04,20585.83984375,20585.83984375,20367.94921875,20428.98046875,19729000
2016-11-07,20590.859375,20744.26953125,20581.859375,20677.2109375,17412400
2016-11-08,20701.33984375,20763.990234375,20548.470703125,20616.119140625,18471300
2016-11-09,20328.80078125,20665.439453125,20100.0703125,20664.58984375,27260200
2016-11-10,20736.8203125,20888.2890625,20433.349609375,20476.7890625,34108100
2016-11-11,20537.779296875,20575.7109375,20344.94921875,20381.259765625,27554800
2016-11-14,20504.650390625,20624.4296875,20336.109375,20367.5,21312800
2016-11-15,20411.890625,20613.609375,20411.16015625,20590.7890625,19347400
2016-11-16,20605.91015625,20662.4296875,20441.650390625,20463.4296875,20569000
2016-11-17,20468.669921875,20587.259765625,20425.880859375,20587.259765625,16825800
2016-11-18,20643.2890625,20656.0703125,20515.58984375,20520.76953125,15692100
2016-11-21,20567.5390625,20600.939453125,20363.76953125,20598.51953125,13664900
2016-11-22,20663.390625,20763.669921875,20595.990234375,20712.9296875,16751300
2016-11-23,20757.419921875,20840.970703125,20645.919921875,20697.5,15946200
2016-11-24,20752.029296875,20790.119140625,20654.119140625,20780.220703125,11406800
2016-11-25,20800.26953125,20918.5703125,20707.140625,20911.80078125,13508200
2016-11-28,20914.060546875,20916.0390625,20746.880859375,20805.060546875,14078500
2016-11-29,20792.5390625,20904.1796875,20748.109375,20863.560546875,15189800
2016-11-30,20828.30078125,20956.529296875,20813.599609375,20876.51953125,23482700
2016-12-01,20869.419921875,20882.7890625,20623.2890625,20643.380859375,23432300
2016-12-02,20557.5,20592.970703125,20468.720703125,20529.359375,17358200
2016-12-05,20521.7109375,20874.73046875,20511.259765625,20688.2109375,17189200
2016-12-06,20705.830078125,20892.5703125,20705.830078125,20892.5390625,17312400
2016-12-07,21045.009765625,21202.400390625,21042.609375,21202.400390625,27157700
2016-12-08,21287.01953125,21459.060546875,21244.5,21443.05078125,24634800
2016-12-09,21467.759765625,21666.890625,21453.30078125,21662.2109375,23787400
2016-12-12,21676.529296875,21702.890625,21539.669921875,21600.939453125,18558900
2016-12-13,21625.259765625,21790.05078125,21611.73046875,21769.5390625,18500700
2016-12-14,21740.359375,21807.869140625,21633.630859375,21634.029296875,26021900
2016-12-15,21660.5,21731.400390625,21578.759765625,21696.990234375,22966700
2016-12-16,21686.880859375,21889.76953125,21684.150390625,21816.240234375,29243000
2016-12-19,21808.4609375,21898.2890625,21791.640625,21889.009765625,16062800
2016-12-20,21891.19921875,21981.169921875,21831.609375,21954.220703125,14451000
2016-12-21,21954.55078125,22081.689453125,21949.060546875,22066.150390625,14397200
2016-12-22,22007.66015625,22088.669921875,21956.119140625,22048.51953125,12266400
2016-12-23,22056.23046875,22117.830078125,22035.640625,22088.740234375,8468000
2016-12-27,22135.759765625,22175.25,22122.509765625,22141.369140625,5710300
2016-12-28,22129.330078125,22177.48046875,22123.400390625,22154.859375,8825100
2016-12-29,22077.400390625,22146.98046875,22054.890625,22146.98046875,7782500
2016-12-30,22140.779296875,22197.939453125,22081.3203125,22188.939453125,7057400
2017-01-02,22170.810546875,22476.400390625,22151.55078125,22405.189453125,7747000
2017-01-03,22466.630859375,22541.91015625,22367.349609375,22407.990234375,16712500
2017-01-04,22411.5390625,22423.859375,22206.810546875,22256.98046875,15068100
2017-01-05,22252.900390625,22344.990234375,22234.880859375,22282.169921875,16441600
2017-01-06,22244.7890625,22258.98046875,22153.220703125,22255.26953125,13355200
2017-01-09,22279.130859375,22303.7890625,22120.26953125,22193.919921875,14206000
2017-01-10,22230.73046875,22243.900390625,22128.83984375,22203.310546875,16766500
2017-01-11,22192.51953125,22413.9296875,22181.05078125,22364.099609375,17168500
2017-01-12,22368.189453125,22379.33984375,22260.869140625,22301.5,18904200
2017-01-13,22356.140625,22498.890625,22318.830078125,22498.890625,16202300
2017-01-16,22444.0703125,22556.400390625,22423.1796875,22528.75,12816300
2017-01-17,22513.91015625,22518.349609375,22314.560546875,22476.560546875,18379300
2017-01-18,22535.1796875,22631.05078125,22478.689453125,22631.05078125,17660800
2017-01-19,22640.26953125,22684.619140625,22561.5703125,22634.83984375,18615000
2017-01-20,22590.75,22675.970703125,22553.560546875,22645.259765625,17867400
2017-01-23,22571.4296875,22602.5390625,22507.740234375,22568.48046875,16129100
2017-01-24,22595.0390625,22711.009765625,22590.189453125,22711.009765625,15339100
2017-01-25,22800.400390625,22894.5390625,22784.1796875,22845.240234375,20546900
2017-01-26,22924.48046875,22944.279296875,22814.2109375,22861.9609375,18153500
2017-01-27,22856.91015625,22903.830078125,22822.4609375,22881.119140625,14772600
2017-01-30,22836.58984375,22844.830078125,22571.330078125,22595.419921875,17760400
2017-01-31,22596.66015625,22730.810546875,22465.859375,22465.859375,22035900
2017-02-01,22529.740234375,22692.44921875,22518.970703125,22577.310546875,19060700
2017-02-02,22588.009765625,22709.859375,22555.509765625,22621.400390625,16177300
2017-02-03,22637.240234375,22708.73046875,22596.41015625,22644.5,18098300
2017-02-06,22630.240234375,22647.5703125,22365.859375,22365.859375,19902000
2017-02-07,22356.2890625,22652.220703125,22332.990234375,22571.19921875,19884500
2017-02-08,22588.44921875,22744.560546875,22588.44921875,22709.310546875,18602300
2017-02-09,22749.369140625,22865.140625,22694.130859375,22856.310546875,18577800
2017-02-10,22927.640625,23035.80078125,22927.640625,23032.19921875,16679000
2017-02-13,23082.630859375,23287.76953125,23082.630859375,23250.380859375,18228100
2017-02-14,23258.189453125,23328.19921875,23180.439453125,23285.689453125,17636800
2017-02-15,23326.25,23403.029296875,23256.029296875,23319.109375,17821600
2017-02-16,23280.9609375,23333.9609375,23205.080078125,23297.51953125,17443800
2017-02-17,23306.9296875,23351.619140625,23199.7890625,23300.05078125,17026000
2017-02-20,23366.349609375,23469.98046875,23355.25,23453.990234375,15374300
2017-02-21,23451.98046875,23636.390625,23439.630859375,23636.390625,19368000
2017-02-22,23663.509765625,23696.439453125,23545.279296875,23612.890625,20788300
2017-02-23,23612.150390625,23710.900390625,23560.650390625,23593.259765625,19073900
2017-02-24,23556.66015625,23559.109375,23208.3203125,23345.109375,20175600
2017-02-27,23384.330078125,23418.919921875,23307.349609375,23362.630859375,14116100
2017-02-28,23428.859375,23440.080078125,23313.4296875,23365.51953125,20551200
2017-03-01,23413.859375,23623.439453125,23394.1796875,23603.91015625,26101300
2017-03-02,23610.240234375,23635.369140625,23514.51953125,23580.30078125,21081700
2017-03-03,23533.630859375,23533.630859375,23414.01953125,23437.25,20785500
2017-03-06,23358.94921875,23424.6796875,23312.4609375,23381.859375,16246300
2017-03-07,23367.5703125,23384.2890625,23248.66015625,23272.720703125,18116200
2017-03-08,23224.1796875,23271.9296875,23143.75,23234.83984375,19476900
2017-03-09,23207.240234375,23317.08984375,23181.26953125,23285.119140625,23101400
2017-03-10,23336.150390625,23419.25,23312.5,23325.48046875,19627600
2017-03-13,23349.33984375,23436.369140625,23316.23046875,23420.75,18416800
2017-03-14,23422.359375,23483.490234375,23388.080078125,23427.380859375,22680300
2017-03-15,23443.240234375,23535.060546875,23431.119140625,23519.5390625,24292800
2017-03-16,23658.640625,23709.099609375,23591.6796875,23663.5703125,25947500
2017-03-17,23631.0390625,23690.099609375,23443.05078125,23690.099609375,31662200
2017-03-20,23643.470703125,23678.19921875,23591.009765625,23613.23046875,14507900
2017-03-21,23661.240234375,23683.94921875,23356.1796875,23377.2890625,17947800
2017-03-22,23265.689453125,23265.689453125,23032.66015625,23172.16015625,20644700
2017-03-23,23194.099609375,23434.150390625,23135.880859375,23433.669921875,17566400
2017-03-24,23430.369140625,23545.7109375,23407.830078125,23542.83984375,16053600
2017-03-27,23451.619140625,23451.619140625,23218.58984375,23357.48046875,21189300
2017-03-28,23404.029296875,23583.69921875,23368.169921875,23579.509765625,20139800
2017-03-29,23616.259765625,23668.94921875,23574.08984375,23655.580078125,18405200
2017-03-30,23664.759765625,23798.689453125,23655.619140625,23795.25,17892000
2017-03-31,23729.810546875,23917.640625,23704.55078125,23904.080078125,26591500
2017-04-03,23937.619140625,23982.25,23885.470703125,23896.599609375,22137800
2017-04-04,23891.029296875,23975.140625,23869.189453125,23969.83984375,23769300
2017-04-05,23979.1796875,24060.75,23932.900390625,24010.400390625,21903000
2017-04-06,23965.44921875,24124.1796875,23911.330078125,24110.529296875,18740800
2017-04-07,24062.9609375,24202.3203125,24013.599609375,24202.3203125,16344500
2017-04-10,24212.69921875,24258.05078125,24167.830078125,24197.9296875,16924800
2017-04-11,24153.33984375,24280.23046875,24057.669921875,24187.55078125,18922000
2017-04-12,24212.310546875,24341.8203125,24211.400390625,24282.619140625,17910100
2017-04-13,24256.890625,24288.580078125,24166.640625,24273.359375,15911600
2017-04-18,24288.76953125,24354.0703125,24024.529296875,24038.2109375,20240700
2017-04-19,24041.140625,24054.720703125,23941.810546875,23992.390625,17921000
2017-04-20,23926.08984375,24042.669921875,23896.5703125,24036.259765625,19999300
2017-04-21,24067.619140625,24080.060546875,23960.599609375,23985.009765625,18957700
2017-04-24,24195.5703125,24593.029296875,24195.0390625,24593.029296875,28190700
2017-04-25,24595.609375,24634.419921875,24535.859375,24615.75,19300600
2017-04-26,24595.7890625,24664.310546875,24541.220703125,24639.689453125,19364900
2017-04-27,24611.169921875,24714.240234375,24492.330078125,24669.599609375,19008000
2017-04-28,24669.779296875,24694.75,24578.7109375,24615.7890625,23784900
2017-05-02,24671.33984375,24822.7890625,24607.66015625,24822.7890625,19738500
2017-05-03,24783.5390625,24789.140625,24652.810546875,24738.380859375,19903600
2017-05-04,24784.7890625,25027.939453125,24742.41015625,25027.939453125,20992500
2017-05-05,24958.19921875,25163.0703125,24914.109375,25163.009765625,20098700
2017-05-08,25199.830078125,25262.259765625,25082.259765625,25101.369140625,21357400
2017-05-09,25123.560546875,25252.5390625,25098.779296875,25187.580078125,20316000
2017-05-10,25177.41015625,25179.7109375,25062.099609375,25132.240234375,23193500
2017-05-11,25106.91015625,25120.109375,24826.3203125,24907.390625,23479900
2017-05-12,24948.240234375,24999.41015625,24877.029296875,24946.80078125,27343400
2017-05-15,24991.2890625,25069.849609375,24962.439453125,25053.609375,20811100
2017-05-16,25042.509765625,25184.619140625,25023.390625,25102.490234375,21362100
2017-05-17,25000.25,25032.009765625,24604.26953125,24685.7109375,26462900
2017-05-18,24694.029296875,24695.439453125,24407.279296875,24646.869140625,26753900
2017-05-19,24686.25,25064.9609375,24673.73046875,25025.630859375,30471300
2017-05-22,25104.970703125,25129.509765625,24933.48046875,24968.470703125,21646700
2017-05-23,24929.91015625,25037.080078125,24918.58984375,25018.08984375,21206300
2017-05-24,25019.7890625,25080.759765625,24977.140625,25080.759765625,19422000
2017-05-25,25149.58984375,25209.91015625,24957.30078125,25112.05078125,13497000
2017-05-26,25084.1796875,25208.41015625,25049.5703125,25208.330078125,14921800
2017-05-29,25182.390625,25298.08984375,25167.310546875,25282.30078125,9846700
2017-05-30,25237.80078125,25342.609375,25165.580078125,25229.3203125,16515300
2017-05-31,25253.369140625,25301.810546875,25126.9609375,25128.4609375,33372100
2017-06-01,25170.25,25476.310546875,25170.240234375,25464.060546875,20061400
2017-06-02,25545.080078125,25765.359375,25545.080078125,25695.740234375,18699400
2017-06-06,25655.990234375,25659.349609375,25425.400390625,25448.5703125,16858300
2017-06-07,25428.509765625,25436.169921875,25231.58984375,25247.08984375,35236800
2017-06-08,25267.1796875,25289.26953125,25115.2109375,25158.640625,24443800
2017-06-09,25182.26953125,25420.759765625,25172.080078125,25410.5703125,21819800
2017-06-12,25326.400390625,25340.109375,25101.98046875,25147.919921875,18681700
2017-06-13,25176.80078125,25330.759765625,25173.140625,25287.240234375,17903900
2017-06-14,25325.689453125,25482.099609375,25305.01953125,25305.01953125,19996200
2017-06-15,25283.859375,25287.669921875,24953.599609375,25017.939453125,20224800
2017-06-16,25099.490234375,25240.720703125,25097.0390625,25229.4296875,30628500
2017-06-19,25328.720703125,25549.330078125,25328.720703125,25531.890625,17035800
2017-06-20,25578.2890625,25681.44921875,25371.4296875,25379.009765625,19055900
2017-06-21,25331.169921875,25393.6796875,25140.390625,25350.869140625,19685900
2017-06-22,25312.25,25335.119140625,25196.98046875,25282.939453125,17887200
2017-06-23,25259.390625,25286.240234375,25124.75,25211.55078125,17372700
2017-06-26,25263.98046875,25391.890625,25237.689453125,25262.9609375,15147000
2017-06-27,25196.19921875,25199.7890625,24886.44921875,24898.2890625,26053600
2017-06-28,24815.150390625,24890.419921875,24590.849609375,24824.9609375,21493300
2017-06-29,24917.23046875,24970.939453125,24361.55078125,24431.26953125,24159700
2017-06-30,24400.48046875,24633.26953125,24358.009765625,24452.30078125,21607500
2017-07-03,24521.259765625,24724.55078125,24521.259765625,24702.7109375,16947800
2017-07-04,24663.7109375,24695.439453125,24606.75,24633.83984375,13861500
2017-07-05,24638.400390625,24764.2890625,24570.26953125,24750.189453125,16576200
2017-07-06,24782.0390625,24806.4609375,24474.650390625,24557.080078125,18097100
2017-07-07,24551.1796875,24575.58984375,24473.48046875,24573.279296875,15834700
2017-07-10,24645.9609375,24804.76953125,24645.9609375,24750.509765625,15805900
2017-07-11,24780.08984375,24902.609375,24673.650390625,24705.080078125,19626400
2017-07-12,24758.880859375,24991.259765625,24745.7890625,24949.900390625,23338800
2017-07-13,24941.890625,25095.0,24926.109375,25078.55078125,45627900
2017-07-14,25074.529296875,25162.380859375,25035.140625,25162.380859375,23297500
2017-07-17,25187.220703125,25218.98046875,25038.380859375,25136.220703125,20589500
2017-07-18,25078.3203125,25081.98046875,24787.650390625,24875.759765625,22048900
2017-07-19,24919.05078125,25014.080078125,24871.439453125,25014.080078125,18195100
2017-07-20,25074.140625,25120.76953125,24791.2109375,24856.880859375,21622000
2017-07-21,24812.779296875,24874.109375,24483.080078125,24556.0703125,21782000
2017-07-24,24517.419921875,24577.7109375,24433.990234375,24525.939453125,18137000
2017-07-25,24567.490234375,24709.099609375,24565.3203125,24623.830078125,19697400
2017-07-26,24621.900390625,24936.08984375,24603.91015625,24927.55078125,20830100
2017-07-27,24895.619140625,24990.970703125,24807.560546875,24860.66015625,16162400
2017-07-28,24810.060546875,24812.23046875,24616.560546875,24689.169921875,15350400
2017-07-31,24693.220703125,24744.5703125,24548.140625,24554.830078125,19858000
2017-08-01,24602.08984375,24865.419921875,24548.73046875,24806.150390625,19950500
2017-08-02,24853.609375,24929.5703125,24777.939453125,24798.990234375,20398500
2017-08-03,24775.009765625,24834.810546875,24693.30078125,24778.33984375,25690200
2017-08-04,24793.150390625,25149.169921875,24741.509765625,25104.0390625,20480200
2017-08-07,25139.109375,25198.5390625,25073.73046875,25118.91015625,20241100
2017-08-08,25100.189453125,25181.169921875,25012.9296875,25152.41015625,20222900
2017-08-09,25015.580078125,25016.060546875,24712.44921875,24883.859375,19382200
2017-08-10,24898.689453125,24898.7109375,24575.619140625,24623.19921875,24196300
2017-08-11,24506.75,24506.75,24289.0703125,24491.330078125,22068100
2017-08-14,24571.439453125,24844.05078125,24571.439453125,24792.830078125,16839000
2017-08-15,24845.689453125,24910.779296875,24747.119140625,24791.669921875,19303200
2017-08-16,24858.619140625,25029.119140625,24858.619140625,24965.189453125,18903700
2017-08-17,24941.529296875,25045.689453125,24871.970703125,24899.779296875,17013000
2017-08-18,24790.669921875,24849.470703125,24672.119140625,24827.650390625,23577300
2017-08-21,24789.259765625,24808.939453125,24623.130859375,24701.490234375,14402100
2017-08-22,24776.400390625,24945.5390625,24776.400390625,24945.5390625,16045400
2017-08-23,24927.279296875,25011.5390625,24855.359375,24918.869140625,18671600
2017-08-24,24960.5703125,24993.669921875,24680.16015625,24741.75,82761000
2017-08-25,24773.94921875,24889.26953125,24717.279296875,24762.630859375,31758800
2017-08-28,24711.029296875,24723.91015625,24584.98046875,24642.5,11167800
2017-08-29,24539.990234375,24539.990234375,24220.529296875,24324.26953125,21720900
2017-08-30,24417.33984375,24532.369140625,24394.76953125,24532.369140625,17846000
2017-08-31,24615.91015625,24750.580078125,24579.849609375,24674.109375,26466900
2017-09-01,24728.380859375,24897.640625,24716.4609375,24826.98046875,21214900
2017-09-04,24712.060546875,24756.55078125,24638.560546875,24711.970703125,13863300
2017-09-05,24726.2109375,24828.619140625,24675.439453125,24699.970703125,19554500
2017-09-06,24623.69921875,24734.48046875,24562.01953125,24694.619140625,16527200
2017-09-07,24747.7109375,24849.240234375,24745.380859375,24811.029296875,19613700
2017-09-08,24766.0,24904.48046875,24703.609375,24904.48046875,15898000
2017-09-11,24957.98046875,25262.44921875,24957.98046875,25230.259765625,17584000
2017-09-12,25277.619140625,25375.83984375,25274.33984375,25310.5703125,20883200
2017-09-13,25281.23046875,25354.16015625,25216.669921875,25243.509765625,23537700
2017-09-14,25204.19921875,25294.990234375,25178.25,25283.029296875,19319300
2017-09-15,25269.029296875,25324.109375,25219.029296875,25264.169921875,27307700
2017-09-18,25354.98046875,25441.279296875,25354.98046875,25400.80078125,16517900
2017-09-19,25412.470703125,25458.580078125,25393.240234375,25412.390625,22085100
2017-09-20,25408.220703125,25483.900390625,25381.640625,25461.240234375,22204400
2017-09-21,25495.619140625,25597.0,25469.7890625,25582.58984375,23130500
2017-09-22,25561.1796875,25642.5703125,25495.869140625,25619.060546875,19656200
2017-09-25,25599.759765625,25704.599609375,25591.689453125,25633.619140625,14061500
2017-09-26,25615.060546875,25681.4609375,25567.609375,25681.380859375,21625000
2017-09-27,25693.990234375,25764.7109375,25648.5,25716.0390625,21257000
2017-09-28,25726.609375,25817.640625,25681.51953125,25817.640625,18834700
2017-09-29,25839.890625,25994.310546875,25839.849609375,25994.310546875,23280200
2017-10-02,26030.4296875,26096.580078125,26005.73046875,26084.7890625,18931400
2017-10-04,26117.55078125,26202.98046875,26063.359375,26164.890625,27263000
2017-10-05,26164.83984375,26164.83984375,26042.51953125,26105.66015625,22836100
2017-10-06,26106.529296875,26127.33984375,25972.080078125,25981.359375,17547700
2017-10-09,25986.44921875,25992.75,25802.759765625,25822.119140625,23270300
2017-10-10,25822.189453125,25853.279296875,25752.169921875,25819.169921875,20397900
2017-10-11,25806.009765625,25939.0,25801.109375,25934.939453125,22307400
2017-10-12,25957.44921875,26094.890625,25934.810546875,26059.4609375,21976500
2017-10-13,26064.919921875,26120.900390625,25975.23046875,26081.630859375,21856000
2017-10-16,26089.26953125,26172.470703125,26068.16015625,26142.970703125,17103400
2017-10-17,26147.310546875,26282.400390625,26139.169921875,26217.830078125,16128300
2017-10-18,26215.509765625,26344.810546875,26138.240234375,26310.69921875,17037400
2017-10-19,26295.0390625,26299.05078125,25942.859375,26020.390625,20180600
2017-10-20,26059.48046875,26149.16015625,26022.609375,26053.330078125,18257900
2017-10-23,26081.109375,26149.3203125,26001.919921875,26049.810546875,14036400
2017-10-24,26042.109375,26187.3203125,26040.26953125,26137.44921875,16999100
2017-10-25,26099.259765625,26173.73046875,25971.060546875,26009.990234375,22515900
2017-10-26,26021.720703125,26515.609375,26021.720703125,26512.970703125,21724700
2017-10-27,26591.619140625,26772.5390625,26584.5390625,26710.0,20068400
2017-10-30,26699.91015625,26748.3203125,26635.1796875,26651.51953125,18754900
2017-11-01,26730.76953125,26982.5390625,26728.970703125,26860.48046875,28189400
2017-11-02,26849.16015625,26909.330078125,26789.509765625,26830.890625,26871800
2017-11-03,26838.05078125,27033.109375,26838.05078125,26961.970703125,23720200
2017-11-06,26959.509765625,26995.2890625,26880.689453125,26931.150390625,17219000
2017-11-07,26956.029296875,27014.83984375,26903.1796875,26929.0703125,28629200
2017-11-08,26956.720703125,27151.830078125,26838.6796875,26933.220703125,34970700
2017-11-09,26934.060546875,27003.640625,26540.439453125,26590.529296875,29681900
2017-11-10,26604.490234375,26641.91015625,26430.880859375,26494.779296875,54264600
2017-11-13,26506.58984375,26514.7890625,26131.98046875,26281.9609375,30313900
2017-11-14,26302.029296875,26507.919921875,26302.029296875,26358.849609375,26691400
2017-11-15,26312.759765625,26326.7890625,25997.01953125,26161.189453125,39271700
2017-11-16,26232.439453125,26471.759765625,26221.599609375,26463.2890625,26060400
2017-11-17,26474.94921875,26528.2890625,26404.169921875,26440.919921875,24530700
2017-11-20,26370.830078125,26582.720703125,26321.869140625,26567.650390625,19113300
2017-11-21,26599.91015625,26871.740234375,26507.58984375,26822.44921875,21954400
2017-11-22,26849.640625,26850.8203125,26610.80078125,26615.16015625,22507400
2017-11-23,26559.390625,26708.7109375,26406.240234375,26683.9296875,15738700
2017-11-24,26678.33984375,26827.890625,26608.509765625,26703.4296875,14495300
2017-11-27,26665.05078125,26821.55078125,26629.390625,26632.990234375,17294100
2017-11-28,26649.349609375,26803.7890625,26561.33984375,26789.130859375,18806900
2017-11-29,26881.380859375,27154.890625,26875.58984375,26917.359375,25449800
2017-11-30,26933.859375,27075.640625,26865.55078125,27026.849609375,51744700
2017-12-01,27059.33984375,27078.099609375,26645.73046875,26703.939453125,24525900
2017-12-04,26840.0703125,27062.599609375,26839.7890625,26935.5390625,38650000
2017-12-05,26958.599609375,27050.890625,26779.970703125,26979.0703125,42055200
2017-12-06,26864.01953125,26864.01953125,26152.580078125,26378.279296875,220112700
2017-12-07,26395.94921875,26411.140625,26091.390625,26132.91015625,172099200
2017-12-08,26194.810546875,26320.75,26150.0,26178.44921875,160246600
2017-12-11,26211.83984375,26285.130859375,26075.810546875,26114.400390625,104306700
2017-12-12,26148.939453125,26283.94921875,26119.58984375,26283.470703125,107800100
2017-12-13,26271.0390625,26300.80078125,26149.390625,26182.939453125,96244200
2017-12-14,26164.16015625,26173.150390625,26023.849609375,26071.01953125,68684000
2017-12-15,26018.26953125,26081.529296875,25939.689453125,26043.16015625,73555100
2017-12-18,26130.619140625,26460.310546875,26129.76953125,26444.26953125,56876500
2017-12-19,26469.48046875,26527.83984375,26344.0,26366.75,110463000
2017-12-20,26389.189453125,26412.66015625,26145.16015625,26164.580078125,129421200
2017-12-21,26146.66015625,26200.5,26051.140625,26193.740234375,83149700
2017-12-22,26173.380859375,26190.869140625,26118.009765625,26144.240234375,46738000
2017-12-27,26150.9609375,26304.939453125,26078.419921875,26298.310546875,35111500
2017-12-28,26267.669921875,26283.26953125,26174.029296875,26212.19921875,41951000
2017-12-29,26250.08984375,26259.470703125,26151.759765625,26200.76953125,20713200
2018-01-02,26215.0,26256.58984375,25936.150390625,26120.2109375,42692700
2018-01-03,26181.830078125,26482.349609375,26180.310546875,26392.900390625,89498500
2018-01-04,26513.0703125,26800.4296875,26513.0703125,26748.830078125,108956900
2018-01-05,26799.30078125,27018.380859375,26784.16015625,27018.380859375,68618700
2018-01-08,27090.720703125,27119.58984375,26980.349609375,27014.630859375,58265500
2018-01-09,27054.830078125,27150.51953125,27037.599609375,27125.609375,54907700
2018-01-10,27105.2109375,27105.2109375,26837.05078125,26952.1796875,42149800
2018-01-11,26982.830078125,27014.810546875,26790.23046875,26856.1796875,69202300
2018-01-12,26905.779296875,26962.609375,26834.060546875,26932.4296875,48019200
2018-01-15,26945.0,26958.66015625,26775.7890625,26802.75,39697800
2018-01-16,26864.359375,27038.2890625,26845.5390625,27016.189453125,37081000
2018-01-17,26994.619140625,27093.880859375,26923.5703125,27048.19921875,67796600
2018-01-18,27117.830078125,27214.869140625,27096.1796875,27208.7890625,84358500
2018-01-19,27255.66015625,27456.25,27245.9609375,27455.240234375,77601300
2018-01-22,27480.650390625,27521.890625,27372.01953125,27413.150390625,65394200
2018-01-23,27469.259765625,27525.23046875,27323.9296875,27396.25,45668900
2018-01-24,27399.44921875,27439.390625,27151.7109375,27151.7109375,41712200
2018-01-25,27133.310546875,27159.73046875,26786.330078125,26865.3203125,42378100
2018-01-26,26889.619140625,27037.08984375,26769.640625,27025.939453125,43679900
2018-01-29,27067.990234375,27105.330078125,26964.380859375,26964.880859375,34465400
2018-01-30,26855.630859375,26942.3203125,26696.580078125,26706.1796875,55950900
2018-01-31,26722.869140625,26904.720703125,26721.66015625,26824.669921875,37142200
2018-02-01,26864.0703125,26990.19921875,26502.380859375,26583.279296875,37058200
2018-02-02,26546.529296875,26546.529296875,26030.58984375,26039.599609375,32362300
2018-02-05,25909.169921875,25910.33984375,25594.640625,25714.490234375,41025900
2018-02-06,25103.69921875,25529.630859375,24953.4609375,25238.7890625,49975200
2018-02-07,25446.669921875,25944.939453125,25337.1796875,25884.2890625,44992800
2018-02-08,25833.849609375,25885.08984375,25167.0703125,25234.4609375,39706600
2018-02-09,25202.109375,25250.439453125,24808.140625,25030.740234375,35820900
2018-02-12,25160.76953125,25377.0703125,25159.349609375,25211.380859375,31693400
2018-02-13,25237.880859375,25287.33984375,25074.140625,25079.259765625,33894800
2018-02-14,25201.689453125,25483.91015625,25021.1796875,25424.48046875,36931000
2018-02-15,25517.83984375,25958.259765625,25515.369140625,25844.900390625,43504300
2018-02-16,25938.05078125,26221.7109375,25938.05078125,26189.509765625,21879800
2018-02-19,26272.19921875,26319.109375,25987.169921875,26053.599609375,14960500
2018-02-20,26061.259765625,26309.0,26058.23046875,26299.369140625,33290000
2018-02-21,26270.48046875,26283.48046875,26105.5,26272.2890625,41192600
2018-02-22,26172.880859375,26337.01953125,26044.830078125,26308.23046875,28612900
2018-02-23,26346.6796875,26376.01953125,26284.9609375,26335.0390625,32599900
2018-02-26,26410.669921875,26535.810546875,26358.23046875,26396.01953125,39831300
2018-02-27,26417.9609375,26433.0,26272.169921875,26333.939453125,35354600
2018-02-28,26274.5703125,26361.400390625,26216.060546875,26275.0390625,46666300
2018-03-01,26237.279296875,26238.130859375,25725.75,25791.609375,50705200
2018-03-02,25640.560546875,25640.560546875,25154.220703125,25224.5703125,91876500
2018-03-05,25126.2109375,25643.58984375,25077.08984375,25586.2890625,36070500
2018-03-06,25715.30078125,25932.560546875,25715.30078125,25735.109375,34103400
2018-03-07,25687.619140625,25888.009765625,25564.669921875,25834.990234375,36441000
2018-03-08,25804.060546875,26078.830078125,25751.8203125,26049.05078125,33613200
2018-03-09,26009.2890625,26168.6796875,25967.990234375,26124.890625,29038900
2018-03-12,26246.2109375,26363.849609375,26076.509765625,26123.75,47427300
2018-03-13,26149.0,26197.01953125,25794.44921875,25866.880859375,44471800
2018-03-14,25856.810546875,25931.01953125,25638.240234375,25682.599609375,38026700
2018-03-15,25776.240234375,25889.939453125,25613.080078125,25823.490234375,40002400
2018-03-16,25846.109375,25897.470703125,25620.759765625,25626.990234375,118691100
2018-03-19,25640.890625,25709.5,25517.6796875,25577.9296875,21338900
2018-03-20,25646.5703125,25857.669921875,25561.2890625,25831.189453125,17406800
2018-03-21,25846.98046875,25856.419921875,25695.900390625,25786.1796875,16655700
2018-03-22,25690.7890625,25697.529296875,25216.44921875,25383.099609375,21947200
2018-03-23,25275.94921875,25316.4609375,24927.8203125,25203.759765625,22092000
2018-03-26,25245.2109375,25420.359375,25047.94921875,25134.7109375,19594700
2018-03-27,25299.759765625,25534.80078125,25299.759765625,25489.5703125,22291100
2018-03-28,25382.990234375,25382.990234375,25070.48046875,25349.369140625,23926200
2018-03-29,25360.2890625,25643.400390625,25360.2890625,25591.51953125,20805200
2018-04-03,25520.490234375,25520.490234375,25152.5,25337.990234375,22204200
2018-04-04,25381.880859375,25405.880859375,25045.390625,25133.05078125,22441000
2018-04-05,25351.400390625,25681.869140625,25351.150390625,25679.259765625,20227300
2018-04-06,25610.01953125,25731.419921875,25505.169921875,25646.490234375,17105500
2018-04-09,25716.990234375,25858.650390625,25646.33984375,25698.849609375,14847200
2018-04-10,25799.359375,25854.58984375,25702.720703125,25815.80078125,18129400
2018-04-11,25796.0,25857.44921875,25585.779296875,25611.0390625,16724400
2018-04-12,25625.740234375,25699.189453125,25387.189453125,25644.869140625,19144800
2018-04-13,25703.0,25807.73046875,25608.98046875,25630.1796875,17358700
2018-04-16,25663.099609375,25774.7109375,25529.30078125,25538.26953125,16293800
2018-04-17,25589.869140625,25942.01953125,25578.310546875,25895.529296875,17382600
2018-04-18,25961.609375,26061.2890625,25935.380859375,26041.599609375,18157200
2018-04-19,26063.060546875,26171.109375,25989.830078125,26020.669921875,15216000
2018-04-20,26062.029296875,26151.5703125,25958.419921875,25983.349609375,19096800
2018-04-23,25996.310546875,26069.7109375,25893.029296875,26051.48046875,24878000
2018-04-24,26065.740234375,26121.98046875,25880.55078125,26007.609375,19254200
2018-04-25,25911.3203125,25911.3203125,25430.4296875,25537.509765625,24017500
2018-04-26,25538.060546875,25809.390625,25431.19921875,25787.3203125,20410100
2018-04-27,25855.759765625,25975.7109375,25774.2890625,25859.490234375,18922000
2018-04-30,25889.5390625,26025.529296875,25889.5390625,25967.060546875,18341600
2018-05-02,25975.4296875,26320.689453125,25975.4296875,26313.80078125,23434500
2018-05-03,26323.419921875,26359.51953125,26174.359375,26233.580078125,18300700
2018-05-04,26279.66015625,26388.169921875,26269.1796875,26379.849609375,18965900
2018-05-07,26419.76953125,26687.76953125,26419.76953125,26684.23046875,15094400
2018-05-08,26665.279296875,26800.560546875,26591.970703125,26789.2109375,20821900
2018-05-09,26776.529296875,26803.80078125,26625.8203125,26681.619140625,22884900
2018-05-10,26695.08984375,26781.19921875,26666.140625,26742.400390625,15368900
2018-05-11,26776.0703125,26797.91015625,26674.6796875,26699.859375,28863800
2018-05-14,26721.33984375,26737.720703125,26555.080078125,26644.5,19439600
2018-05-15,26598.919921875,26706.6796875,26524.890625,26570.330078125,22551400
2018-05-16,26594.80078125,26718.619140625,26562.9296875,26616.640625,22688600
2018-05-17,26645.16015625,26835.779296875,26642.9609375,26825.599609375,22547200
2018-05-18,26837.599609375,26935.23046875,26799.7890625,26834.650390625,18908300
2018-05-22,26887.720703125,27053.3203125,26887.720703125,26988.98046875,22975000
2018-05-23,26939.439453125,26939.439453125,26630.810546875,26699.099609375,19265300
2018-05-24,26693.91015625,26755.490234375,26476.5,26547.490234375,20476700
2018-05-25,26626.80078125,26793.869140625,26594.0703125,26713.19921875,17179900
2018-05-28,26798.099609375,26898.349609375,26617.140625,26624.189453125,9768100
2018-05-29,26570.0,26570.0,26178.580078125,26279.900390625,23649400
2018-05-30,26277.890625,26446.9296875,26273.650390625,26355.689453125,19731100
2018-05-31,26402.080078125,26536.259765625,26243.66015625,26326.970703125,27978900
2018-06-01,26386.779296875,26624.01953125,26343.619140625,26528.109375,22052800
2018-06-04,26624.890625,26705.7890625,26543.25,26641.130859375,19196400
2018-06-05,26638.109375,26869.66015625,26625.919921875,26688.98046875,18298600
2018-06-06,26714.720703125,26881.220703125,26683.869140625,26807.779296875,17630600
2018-06-07,26873.380859375,26942.890625,26656.75,26698.66015625,18302900
2018-06-08,26581.55078125,26742.740234375,26442.560546875,26662.349609375,16583000
2018-06-11,26725.23046875,26827.0,26677.169921875,26711.939453125,17466200
2018-06-12,26794.26953125,26897.140625,26737.19921875,26779.73046875,17247600
2018-06-13,26815.7109375,26978.759765625,26790.439453125,26848.83984375,19218900
2018-06-14,26761.580078125,27261.380859375,26680.009765625,27170.720703125,24205600
2018-06-15,27187.880859375,27330.69921875,26951.130859375,26951.130859375,43970600
2018-06-18,26912.7890625,26918.060546875,26633.08984375,26746.0,17244900
2018-06-19,26557.76953125,26557.76953125,26322.69921875,26446.55078125,27214200
2018-06-20,26539.8203125,26641.390625,26516.01953125,26531.66015625,18943700
2018-06-21,26561.51953125,26602.119140625,26206.5390625,26257.359375,21980200
2018-06-22,26301.98046875,26429.0703125,26285.240234375,26401.330078125,19927700
2018-06-25,26358.16015625,26358.16015625,25847.599609375,25847.599609375,20397900
2018-06-26,25927.44921875,26042.970703125,25804.109375,25805.099609375,13723700
2018-06-27,25806.439453125,26093.6796875,25544.669921875,25965.55078125,25030600
2018-06-28,25914.669921875,26057.439453125,25463.119140625,25582.359375,25911700
2018-06-29,25702.029296875,25958.640625,25685.51953125,25854.380859375,30190900
2018-07-02,25700.419921875,25777.140625,25523.26953125,25661.6796875,22847700
2018-07-03,25785.939453125,25917.380859375,25754.720703125,25877.19921875,21535700
2018-07-04,25868.560546875,25868.880859375,25621.970703125,25664.0703125,17863400
2018-07-05,25689.759765625,25913.419921875,25685.9296875,25811.75,20938900
2018-07-06,25881.30078125,25975.650390625,25804.119140625,25957.6796875,21065800
2018-07-09,26047.2109375,26148.130859375,26016.8203125,26100.16015625,17887500
2018-07-10,26156.619140625,26400.30078125,26156.619140625,26368.6796875,20768300
2018-07-11,26234.900390625,26234.900390625,26103.240234375,26139.75,18486200
2018-07-12,26202.330078125,26321.849609375,26172.75,26317.150390625,20574200
2018-07-13,26414.5703125,26512.0703125,26383.94921875,26413.5703125,15188200
2018-07-16,26421.619140625,26570.119140625,26421.619140625,26481.630859375,13390200
2018-07-17,26489.5,26735.630859375,26486.94921875,26681.470703125,18811800
2018-07-18,26769.25,26990.0,26769.25,26893.23046875,18776000
2018-07-19,26871.3203125,26871.98046875,26666.349609375,26731.810546875,17757900
2018-07-20,26754.650390625,26801.48046875,26452.41015625,26573.19921875,16936600
2018-07-23,26534.01953125,26596.599609375,26465.4609375,26526.919921875,12105800
2018-07-24,26610.810546875,26860.130859375,26604.41015625,26734.33984375,18629100
2018-07-25,26771.259765625,26804.48046875,26631.189453125,26687.4609375,15266500
2018-07-26,26774.4609375,27027.91015625,26774.4609375,26942.9296875,19301200
2018-07-27,26946.509765625,27045.580078125,26925.58984375,26975.279296875,16858400
2018-07-30,26967.91015625,27017.2890625,26885.390625,26885.69921875,16247200
2018-07-31,26887.94921875,26976.119140625,26757.859375,26907.380859375,19482300
2018-08-01,26951.240234375,27005.560546875,26834.529296875,26897.359375,21156100
2018-08-02,26856.83984375,26856.83984375,26593.599609375,26734.16015625,29540000
2018-08-03,26778.2109375,26947.41015625,26749.609375,26877.7890625,17781100
2018-08-06,26906.69921875,27097.3203125,26814.869140625,26892.3203125,17453600
2018-08-07,26954.69921875,27026.849609375,26785.080078125,26789.109375,20276600
2018-08-08,26772.779296875,26869.9296875,26695.7890625,26793.830078125,19496000
2018-08-09,26809.1796875,26984.330078125,26762.2890625,26984.330078125,17414400
2018-08-10,26892.369140625,26892.369140625,26599.83984375,26671.69921875,22805400
2018-08-13,26637.41015625,26710.1796875,26512.19921875,26699.98046875,17146700
2018-08-14,26788.05078125,26829.380859375,26498.650390625,26591.810546875,25796600
2018-08-15,26637.119140625,26656.44921875,26090.98046875,26200.939453125,23734700
2018-08-16,26266.810546875,26447.5703125,26266.810546875,26430.240234375,17260500
2018-08-17,26475.3203125,26494.189453125,26235.169921875,26377.369140625,16389000
2018-08-20,26455.490234375,26573.58984375,26412.5703125,26502.640625,13419100
2018-08-21,26475.830078125,26728.7109375,26428.009765625,26633.619140625,15948500
2018-08-22,26626.75,26753.33984375,26617.4609375,26682.990234375,18840900
2018-08-23,26689.75,26832.390625,26669.3203125,26779.509765625,16430500
2018-08-24,26806.599609375,26890.880859375,26761.55078125,26832.759765625,14534500
2018-08-27,26908.439453125,27120.33984375,26908.439453125,27102.619140625,18836700
2018-08-28,27160.7890625,27255.9296875,27146.150390625,27207.7890625,17771400
2018-08-29,27221.05078125,27366.4609375,27220.859375,27285.5390625,18551500
2018-08-30,27250.080078125,27250.080078125,27040.380859375,27185.33984375,20335000
2018-08-31,27138.08984375,27138.08984375,26873.439453125,26901.41015625,19428400
2018-09-03,26894.009765625,26979.599609375,26755.91015625,26820.509765625,14647600
2018-09-04,26880.41015625,26937.990234375,26462.2890625,26551.310546875,18473900
2018-09-05,26502.099609375,26553.259765625,26243.990234375,26252.83984375,20339500
2018-09-06,26229.650390625,26336.369140625,26107.2109375,26130.5390625,22009300
2018-09-07,26134.2890625,26231.279296875,26001.880859375,26180.7109375,16673500
2018-09-10,26181.029296875,26381.400390625,26150.7890625,26339.55078125,16874500
2018-09-11,26373.970703125,26414.849609375,26187.390625,26347.609375,19097100
2018-09-12,26380.390625,26547.2109375,26334.669921875,26418.349609375,17039300
2018-09-13,26413.900390625,26475.1796875,26242.380859375,26259.619140625,17174600
2018-09-14,26339.33984375,26386.970703125,26246.859375,26337.080078125,17080100
2018-09-17,26273.44921875,26359.609375,26210.470703125,26279.98046875,15764600
2018-09-18,26303.66015625,26320.740234375,26110.80078125,26249.169921875,23633400
2018-09-19,26268.990234375,26310.3203125,26171.19921875,26248.939453125,25850900
2018-09-20,26247.1796875,26371.580078125,26233.650390625,26325.509765625,26359500
2018-09-21,26396.810546875,26448.470703125,26297.939453125,26344.150390625,83853700
2018-09-24,26320.5,26320.5,26087.279296875,26106.25,34235700
2018-09-25,26095.509765625,26237.609375,26063.900390625,26095.220703125,36109100
2018-09-26,26120.94921875,26188.259765625,26042.19921875,26179.08984375,29026700
2018-09-27,26107.509765625,26166.94921875,25940.130859375,26148.2890625,31774800
2018-09-28,26105.740234375,26120.7109375,25890.830078125,25997.859375,49310100
2018-10-01,26005.08984375,26253.130859375,26004.779296875,26176.939453125,30279500
2018-10-02,26049.880859375,26070.080078125,25843.0,25956.9296875,30976200
2018-10-04,25934.689453125,26025.48046875,25586.830078125,25629.099609375,43348100
2018-10-05,25600.08984375,25608.970703125,25243.26953125,25276.3203125,32389300
2018-10-08,25190.400390625,25273.849609375,24766.830078125,24862.359375,38615000
2018-10-09,24889.919921875,24909.48046875,24539.5390625,24785.26953125,38150200
2018-10-10,24813.0390625,24831.369140625,24133.26953125,24133.439453125,42266500
2018-10-11,23813.08984375,24060.470703125,23667.779296875,23787.23046875,58142700
2018-10-12,23976.869140625,24098.609375,23839.490234375,23870.990234375,41775500
2018-10-15,23844.630859375,23844.630859375,23611.970703125,23749.939453125,29628200
2018-10-16,23779.8203125,24459.220703125,23773.98046875,24443.51953125,35869000
2018-10-17,24553.890625,24696.0,24342.33984375,24413.66015625,36392500
2018-10-18,24373.169921875,24656.69921875,24329.529296875,24354.05078125,39672100
2018-10-19,24344.619140625,24434.16015625,23983.419921875,24148.599609375,44001900
2018-10-22,24240.16015625,24379.609375,23988.75,24038.279296875,29743400
2018-10-23,23892.2109375,23892.2109375,23383.490234375,23410.66015625,40710200
2018-10-24,23473.41015625,23691.390625,23264.080078125,23278.150390625,37279700
2018-10-25,23110.970703125,23683.640625,23059.1796875,23664.560546875,40907500
2018-10-26,23574.939453125,23574.939453125,23106.630859375,23478.220703125,40005200
2018-10-29,23489.640625,24020.16015625,23489.640625,23713.400390625,34661900
2018-10-30,23792.55078125,23826.400390625,23407.349609375,23687.4296875,37265000
2018-10-31,23875.25,24304.1796875,23875.25,24180.16015625,42911100
2018-11-01,24165.0703125,24453.560546875,24084.080078125,24337.619140625,34532200
2018-11-02,24590.98046875,24824.169921875,24459.9296875,24473.9296875,42382300
2018-11-05,24512.279296875,24528.359375,24197.830078125,24250.560546875,28643400
2018-11-06,24308.109375,24343.58984375,24171.4296875,24203.2890625,38906200
2018-11-07,24259.810546875,24537.23046875,24259.33984375,24421.25,35207100
2018-11-08,24493.169921875,24569.7890625,24278.619140625,24334.470703125,53224300
2018-11-09,24255.240234375,24255.240234375,24019.279296875,24178.740234375,66092400
2018-11-12,24272.169921875,24339.490234375,23835.9296875,23842.76953125,35372600
2018-11-13,23883.7890625,24129.369140625,23855.25,24096.939453125,33915200
2018-11-14,24005.26953125,24381.98046875,23804.330078125,24034.349609375,45755100
2018-11-15,24102.560546875,24169.830078125,23585.099609375,23757.69921875,40151900
2018-11-16,23826.5703125,23973.3203125,23508.8203125,23700.890625,40298100
2018-11-19,23762.099609375,23906.75,23398.060546875,23407.689453125,29081100
2018-11-20,23274.0,23284.859375,22793.23046875,23003.76953125,48174900
2018-11-21,23132.2890625,23322.51953125,22996.55078125,23304.689453125,36040200
2018-11-22,23300.76953125,23305.98046875,23092.48046875,23093.080078125,26776400
2018-11-23,23100.560546875,23224.66015625,22992.150390625,23210.66015625,26965800
2018-11-26,23318.9296875,23495.5703125,23310.740234375,23457.2109375,35856400
2018-11-27,23482.349609375,23537.990234375,23266.419921875,23402.169921875,37413700
2018-11-28,23460.109375,23498.5703125,23330.98046875,23417.51953125,38745300
2018-11-29,23518.720703125,23776.5703125,23518.5390625,23633.890625,34311200
2018-11-30,23660.880859375,23660.880859375,23342.900390625,23453.529296875,152889000
2018-12-03,23767.76953125,24065.4609375,23765.140625,23768.2890625,37664400
2018-12-04,23721.689453125,23739.890625,23384.30078125,23392.140625,37489900
2018-12-05,23243.619140625,23344.23046875,23066.73046875,23175.69921875,34448700
2018-12-06,23002.7109375,23002.7109375,22393.349609375,22447.75,49954800
2018-12-07,22535.919921875,22866.189453125,22535.44921875,22535.44921875,37656500
2018-12-10,22421.560546875,22444.970703125,22069.98046875,22072.2109375,39472100
2018-12-11,22187.830078125,22410.2109375,22088.9296875,22220.880859375,38094400
2018-12-12,22292.94921875,22669.5390625,22220.509765625,22622.150390625,49287100
2018-12-13,22654.630859375,22723.119140625,22435.890625,22480.76953125,40658100
2018-12-14,22335.76953125,22366.470703125,22114.26953125,22281.44921875,41797500
2018-12-17,22248.0,22277.0390625,21783.779296875,21915.279296875,42419300
2018-12-18,21848.759765625,22073.48046875,21733.970703125,21927.19921875,47527200
2018-12-19,21924.560546875,22099.009765625,21888.83984375,21980.509765625,41829700
2018-12-20,21749.05078125,21749.05078125,21509.26953125,21523.650390625,43620900
2018-12-21,21408.919921875,21717.4609375,21383.359375,21605.169921875,81378000
2018-12-27,21610.759765625,21761.91015625,21160.7109375,21301.259765625,38764200
2018-12-28,21410.509765625,21626.5,21361.470703125,21588.08984375,22986600
2019-01-02,21553.75,21748.279296875,21329.669921875,21700.0390625,32165500
2019-01-03,21595.7890625,21645.609375,21350.140625,21398.349609375,32183500
2019-01-04,21514.220703125,22058.01953125,21514.220703125,22038.060546875,37429100
2019-01-07,22163.08984375,22194.4609375,21979.5390625,22173.73046875,31953400
2019-01-08,22187.279296875,22647.189453125,22129.220703125,22487.6796875,38582500
2019-01-09,22606.419921875,22919.560546875,22606.419921875,22778.359375,40280900
2019-01-10,22708.98046875,22709.51953125,22505.619140625,22709.51953125,33176800
2019-01-11,22762.630859375,22800.619140625,22586.669921875,22669.26953125,38852600
2019-01-14,22582.5703125,22614.05078125,22483.4296875,22572.400390625,25983300
2019-01-15,22685.859375,22789.2109375,22550.650390625,22637.990234375,34470500
2019-01-16,22705.919921875,22803.150390625,22604.19921875,22780.08984375,35657800
2019-01-17,22696.9609375,22776.169921875,22584.16015625,22735.419921875,35032100
2019-01-18,22860.900390625,23188.130859375,22859.01953125,23175.109375,38819300
2019-01-21,23204.169921875,23361.720703125,23199.9609375,23351.970703125,23917300
2019-01-22,23335.849609375,23445.23046875,23235.73046875,23322.640625,26983600
2019-01-23,23265.7890625,23521.76953125,23167.099609375,23418.5703125,31236900
2019-01-24,23422.830078125,23612.3203125,23409.919921875,23573.359375,40040700
2019-01-25,23664.189453125,23872.23046875,23634.5390625,23822.919921875,36384800
2019-01-28,23810.970703125,23810.970703125,23548.900390625,23584.4296875,31393900
2019-01-29,23587.900390625,23756.130859375,23497.650390625,23689.330078125,31860500
2019-01-30,23733.759765625,23842.51953125,23675.140625,23842.51953125,26303900
2019-01-31,23897.349609375,24005.720703125,23604.119140625,23674.51953125,49998300
2019-02-01,23753.259765625,23864.7109375,23667.720703125,23746.7109375,33053500
2019-02-04,23774.119140625,23818.580078125,23680.140625,23791.109375,25619000
2019-02-05,23842.509765625,24102.4609375,23757.08984375,24102.4609375,31620400
2019-02-06,24112.7109375,24162.830078125,24044.5,24115.05078125,29864200
2019-02-07,24034.330078125,24034.330078125,23489.619140625,23489.619140625,40319300
2019-02-08,23441.830078125,23514.890625,23145.720703125,23205.779296875,36892900
2019-02-11,23300.890625,23519.83984375,23300.890625,23476.4609375,30924400
2019-02-12,23622.830078125,23764.439453125,23622.830078125,23701.330078125,29771800
2019-02-13,23792.650390625,23961.8203125,23782.869140625,23846.80078125,33365200
2019-02-14,23928.75,24209.91015625,23928.599609375,23929.419921875,41934600
2019-02-15,23929.349609375,24348.0,23898.9609375,24324.400390625,46022100
2019-02-18,24339.990234375,24469.369140625,24339.990234375,24463.48046875,23924100
2019-02-19,24446.5703125,24473.3203125,24277.640625,24375.669921875,31724500
2019-02-20,24398.599609375,24444.7890625,24308.30078125,24401.0390625,30548000
2019-02-21,24447.330078125,24462.2890625,24252.83984375,24301.560546875,32776400
2019-02-22,24300.029296875,24395.41015625,24271.0390625,24362.509765625,26948600
2019-02-25,24404.849609375,24471.69921875,24347.58984375,24359.419921875,25507700
2019-02-26,24301.619140625,24427.91015625,24231.9609375,24377.4609375,26725900
2019-02-27,24330.939453125,24330.939453125,24183.4296875,24251.01953125,32899600
2019-02-28,24162.3203125,24385.779296875,24149.869140625,24385.720703125,48157700
2019-03-01,24491.0,24694.439453125,24491.0,24657.689453125,40267300
2019-03-04,24742.76953125,24817.810546875,24723.0,24727.849609375,29210800
2019-03-05,24699.689453125,24771.0390625,24563.83984375,24724.41015625,33334600
2019-03-06,24711.279296875,24780.08984375,24677.130859375,24691.470703125,33971700
2019-03-07,24674.279296875,24674.279296875,24367.369140625,24440.48046875,45050400
2019-03-08,24373.119140625,24373.119140625,24189.169921875,24300.16015625,36784500
2019-03-11,24355.55078125,24572.310546875,24348.099609375,24561.220703125,36549700
2019-03-12,24689.0,24728.419921875,24586.919921875,24651.109375,38953400
2019-03-13,24647.990234375,24858.369140625,24588.150390625,24857.44921875,34065900
2019-03-14,24876.6796875,25056.150390625,24864.0,25024.490234375,40102900
2019-03-15,25040.2890625,25251.23046875,25011.490234375,25150.779296875,80233300
2019-03-18,25178.640625,25258.0390625,25141.01953125,25220.23046875,46102400
2019-03-19,25231.650390625,25430.640625,25190.6796875,25395.509765625,37963400
2019-03-20,25362.720703125,25362.720703125,25080.9296875,25080.9296875,31831300
2019-03-21,25063.509765625,25136.8203125,24871.5,25121.19921875,34082000
2019-03-22,25175.41015625,25265.169921875,24703.7109375,24711.109375,39096700
2019-03-25,24648.7109375,24683.9609375,24477.0,24618.0703125,29381700
2019-03-26,24698.240234375,24860.5390625,24606.849609375,24829.83984375,31245700
2019-03-27,24850.58984375,24908.30078125,24629.94921875,24713.48046875,40294000
2019-03-28,24665.619140625,24772.349609375,24522.140625,24550.75,46981700
2019-03-29,24635.23046875,24743.0390625,24574.7109375,24722.01953125,45121500
2019-04-01,24821.51953125,25094.419921875,24821.51953125,25064.44921875,40191000
2019-04-02,25108.580078125,25199.419921875,25082.08984375,25155.470703125,34305800
2019-04-03,25294.650390625,25561.80078125,25292.220703125,25561.80078125,43187400
2019-04-04,25516.189453125,25563.55078125,25449.810546875,25473.25,37882200
2019-04-05,25474.810546875,25571.73046875,25464.759765625,25544.720703125,34448700
2019-04-08,25530.91015625,25530.91015625,25405.5390625,25438.369140625,32999200
2019-04-09,25409.970703125,25413.2890625,25142.05078125,25156.640625,29800300
2019-04-10,25153.51953125,25275.3203125,25144.08984375,25165.83984375,41166500
2019-04-11,25200.330078125,25278.4609375,25075.640625,25250.51953125,35907100
2019-04-12,25260.91015625,25463.259765625,25224.560546875,25461.689453125,35540700
2019-04-15,25507.1796875,25613.099609375,25507.1796875,25582.7890625,32496100
2019-04-16,25606.599609375,25792.05078125,25592.779296875,25774.369140625,34406300
2019-04-17,25792.41015625,25851.560546875,25692.619140625,25796.8203125,35921700
2019-04-18,25785.640625,25887.119140625,25645.630859375,25855.720703125,32872700
2019-04-23,25882.83984375,26056.69921875,25823.140625,26038.470703125,32154000
2019-04-24,26010.220703125,26129.880859375,25971.970703125,26003.330078125,36049200
2019-04-25,26022.25,26025.029296875,25820.0390625,25836.0,39528600
2019-04-26,25871.55078125,25911.7109375,25799.060546875,25911.7109375,31712200
2019-04-29,25955.9609375,26106.55078125,25931.880859375,26074.23046875,28385400
2019-04-30,26083.109375,26215.330078125,26020.970703125,26044.369140625,33494600
2019-05-02,26005.41015625,26032.5390625,25873.19921875,25881.580078125,33690300
2019-05-03,25894.779296875,26009.83984375,25876.990234375,25960.810546875,29320200
2019-05-06,25721.80078125,25721.80078125,25356.150390625,25659.91015625,23694700
2019-05-07,25679.830078125,25857.23046875,25382.51953125,25458.859375,37355400
2019-05-08,25434.650390625,25681.580078125,25419.55078125,25644.0390625,32484800
2019-05-09,25582.48046875,25582.48046875,25174.55078125,25224.0390625,41793300
2019-05-10,25372.099609375,25592.169921875,25372.099609375,25488.529296875,54662500
2019-05-13,25500.669921875,25500.669921875,24941.9609375,25037.1796875,37117500
2019-05-14,25051.509765625,25433.66015625,25049.0,25417.16015625,46350000
2019-05-15,25485.140625,25560.599609375,25221.720703125,25560.599609375,41647900
2019-05-16,25557.390625,25982.580078125,25534.5703125,25982.580078125,36493400
2019-05-17,25951.0,25952.060546875,25649.990234375,25791.990234375,31495400
2019-05-20,25791.720703125,25816.369140625,25384.029296875,25482.140625,32281900
2019-05-21,25526.380859375,25640.740234375,25484.58984375,25574.509765625,35114100
2019-05-22,25538.630859375,25732.119140625,25451.119140625,25582.4609375,36324400
2019-05-23,25486.900390625,25487.310546875,25118.9296875,25118.9296875,35280300
2019-05-24,25206.33984375,25341.560546875,25160.119140625,25160.119140625,30680800
2019-05-27,25262.2890625,25386.529296875,25199.189453125,25234.060546875,16827000
2019-05-28,25254.830078125,25328.33984375,25149.490234375,25184.91015625,104767800
2019-05-29,25105.94921875,25114.669921875,24694.58984375,24751.48046875,37366600
2019-05-30,24803.650390625,24939.859375,24803.650390625,24921.849609375,20980200
2019-05-31,24715.330078125,24787.23046875,24492.099609375,24776.51953125,36701300
2019-06-03,24716.380859375,24892.359375,24499.109375,24891.080078125,30947400
2019-06-04,24834.69921875,25093.849609375,24696.859375,25041.630859375,36700700
2019-06-05,25092.9609375,25304.9296875,25060.19921875,25190.669921875,32357500
2019-06-06,25208.900390625,25264.98046875,24923.669921875,24967.919921875,36185800
2019-06-07,25043.130859375,25161.369140625,24968.16015625,25082.9609375,34692200
2019-06-11,25192.69921875,25546.859375,25192.19921875,25436.55078125,36335500
2019-06-12,25365.6796875,25443.33984375,25257.759765625,25438.2109375,34673500
2019-06-13,25416.279296875,25588.669921875,25413.109375,25467.599609375,37429500
2019-06-14,25439.359375,25446.2890625,25171.94921875,25258.69921875,31532000
2019-06-17,25290.140625,25340.4296875,25212.859375,25305.609375,29444100
2019-06-18,25303.310546875,25639.359375,25130.150390625,25606.130859375,42693600
2019-06-19,25609.939453125,25617.810546875,25457.73046875,25504.33984375,35797300
2019-06-20,25603.259765625,25810.119140625,25603.259765625,25612.19921875,38464000
2019-06-21,25605.349609375,25671.0390625,25475.490234375,25500.859375,74369300
2019-06-24,25506.990234375,25670.640625,25452.16015625,25469.98046875,32571600
2019-06-25,25431.55078125,25492.8203125,25386.759765625,25444.990234375,35902500
2019-06-26,25398.310546875,25428.73046875,25269.150390625,25294.76953125,32964000
2019-06-27,25364.529296875,25413.140625,25243.05078125,25341.1796875,32126700
2019-06-28,25355.890625,25624.349609375,25351.7109375,25619.5703125,34360500
2019-07-01,25789.609375,26019.599609375,25769.830078125,25775.26953125,32573800
2019-07-02,25783.51953125,25805.44921875,25628.630859375,25706.810546875,29368600
2019-07-03,25721.009765625,26013.41015625,25706.740234375,26013.41015625,30968300
2019-07-04,26039.880859375,26103.05078125,25940.130859375,26063.369140625,27422300
2019-07-05,26080.80078125,26083.6796875,25852.0703125,25930.130859375,33390500
2019-07-08,25925.509765625,25980.69921875,25818.890625,25887.470703125,30272300
2019-07-09,25843.619140625,25845.0390625,25673.7890625,25823.359375,35056600
2019-07-10,25822.830078125,25949.3203125,25746.16015625,25821.189453125,31524600
2019-07-11,25898.580078125,25928.75,25701.30078125,25757.9609375,34283600
2019-07-12,25768.740234375,25880.16015625,25705.98046875,25813.630859375,33114600
2019-07-15,26080.80078125,26083.6796875,25673.7890625,25993.58984375,27452500
2019-07-16,25983.869140625,26061.599609375,25943.73046875,26059.73046875,33390800
2019-07-17,26080.80078125,26083.6796875,25673.7890625,25929.509765625,31220700
2019-07-18,25834.5703125,25834.5703125,25676.69921875,25736.98046875,37581300
2019-07-19,26080.80078125,26083.6796875,25673.7890625,25845.119140625,32820100
2019-07-22,25823.419921875,25900.830078125,25750.470703125,25855.69921875,35794000
2019-07-23,25802.119140625,26197.16015625,25750.470703125,26154.580078125,35515400
2019-07-24,26151.75,26322.349609375,26151.75,26290.720703125,36873500
2019-07-25,26352.69921875,26404.369140625,25952.05078125,26099.140625,42648400
2019-07-26,26128.33984375,26258.740234375,26099.830078125,26224.310546875,24330500
2019-07-29,26219.41015625,26339.7890625,26191.580078125,26256.240234375,27462300
2019-07-30,26260.19921875,26261.900390625,25772.69921875,25806.900390625,35681100
2019-07-31,25824.94921875,25999.689453125,25816.689453125,25935.279296875,38628800
2019-08-01,25895.73046875,26242.80078125,25860.91015625,26191.48046875,35873900
2019-08-02,25989.509765625,25998.23046875,25579.919921875,25626.16015625,45097000
2019-08-05,25445.380859375,25445.380859375,24972.7109375,25038.140625,41938400
2019-08-06,25040.1796875,25265.119140625,24943.7890625,24943.7890625,35156800
2019-08-07,25043.669921875,25333.140625,24935.349609375,25125.859375,49192900
2019-08-08,25267.810546875,25592.369140625,25265.119140625,25592.369140625,43347700
2019-08-09,25583.150390625,25684.759765625,25328.640625,25354.01953125,37498400
2019-08-12,25454.2890625,25712.279296875,25222.26953125,25249.75,35737700
2019-08-13,25188.109375,25405.5390625,24926.259765625,25263.94921875,44937800
2019-08-14,25283.080078125,25286.759765625,24606.369140625,24660.509765625,42426700
2019-08-15,24711.189453125,24748.0,24122.849609375,24384.439453125,48430100
2019-08-16,24470.779296875,24817.470703125,24470.779296875,24817.080078125,50594200
2019-08-19,24912.029296875,25239.630859375,24908.150390625,25175.869140625,35128000
2019-08-20,25215.55078125,25310.4609375,24969.970703125,24986.849609375,32325300
2019-08-21,25051.189453125,25473.1796875,25050.01953125,25456.740234375,29223800
2019-08-22,25413.5390625,25504.369140625,25217.05078125,25245.4609375,33642200
2019-08-23,25322.509765625,25432.849609375,25039.939453125,25039.939453125,30345800
2019-08-26,24924.130859375,25059.279296875,24771.080078125,24999.669921875,24120300
2019-08-27,25020.01953125,25228.220703125,24933.2890625,25181.9296875,34486500
2019-08-28,25174.560546875,25209.599609375,24895.8203125,25105.0703125,30088000
2019-08-29,25082.900390625,25428.9296875,25043.91015625,25390.099609375,31172200
2019-08-30,25420.33984375,25841.650390625,25419.830078125,25719.9609375,35036200
2019-09-02,25742.990234375,25866.16015625,25706.380859375,25709.640625,26908900
2019-09-03,25678.83984375,25682.58984375,25478.529296875,25558.390625,29027900
2019-09-04,25660.740234375,25885.109375,25660.740234375,25746.080078125,30921100
2019-09-05,25849.669921875,25965.400390625,25815.2109375,25867.380859375,37728400
2019-09-06,25882.009765625,26044.689453125,25880.98046875,26010.470703125,35722400
2019-09-09,26079.76953125,26139.55078125,25977.41015625,26004.119140625,31018900
2019-09-10,25998.890625,26022.91015625,25714.0,25883.490234375,46173100
2019-09-11,25949.240234375,26163.900390625,25949.240234375,26082.400390625,40194100
2019-09-12,26129.0,26291.55078125,26014.7109375,26182.5390625,49989400
2019-09-13,26215.640625,26284.98046875,26185.060546875,26257.529296875,39809700
2019-09-16,26175.359375,26175.359375,25921.0,25976.369140625,35515700
2019-09-17,25960.2890625,25963.76953125,25763.73046875,25958.009765625,42640800
2019-09-18,25963.060546875,25998.619140625,25920.009765625,25947.859375,33541700
2019-09-19,25955.0703125,26111.26953125,25911.91015625,26092.419921875,37703000
2019-09-20,26117.400390625,26134.740234375,25810.83984375,25897.30078125,80164100
2019-09-23,25864.169921875,25866.119140625,25430.779296875,25592.390625,48713700
2019-09-24,25621.140625,25703.009765625,25610.119140625,25641.9296875,37280800
2019-09-25,25521.390625,25572.16015625,25256.76953125,25565.310546875,43072200
2019-09-26,25568.9296875,25765.400390625,25568.9296875,25700.349609375,35802500
2019-09-27,25762.4609375,25851.029296875,25711.91015625,25833.939453125,48365300
2019-09-30,25840.140625,25905.76953125,25774.939453125,25886.9296875,35167600
2019-10-01,25969.380859375,26065.41015625,25612.19921875,25658.390625,49580400
2019-10-02,25604.01953125,25604.01953125,25117.529296875,25117.529296875,43630800
2019-10-04,25191.80078125,25533.5,25126.16015625,25533.5,47541400
2019-10-07,25554.080078125,25615.9609375,25392.970703125,25615.9609375,31085900
2019-10-08,25682.94921875,25693.359375,25138.4296875,25175.419921875,44347500
2019-10-09,25158.1796875,25329.119140625,25070.970703125,25295.900390625,31353200
2019-10-10,25318.669921875,25379.2890625,25084.16015625,25319.2890625,47407500
2019-10-11,25376.529296875,25627.560546875,25312.08984375,25627.560546875,49642200
2019-10-14,25581.650390625,25638.470703125,25423.0390625,25638.470703125,29842300
2019-10-15,25719.44921875,26029.599609375,25714.720703125,25917.990234375,35843700
2019-10-16,25905.869140625,25972.380859375,25806.2890625,25950.490234375,45099300
2019-10-17,25927.23046875,26327.69921875,25886.990234375,26103.869140625,44544400
2019-10-18,26065.640625,26184.58984375,25951.650390625,25999.859375,34355200
2019-10-21,26030.240234375,26239.0703125,25936.75,26224.830078125,40985700
2019-10-22,26266.4609375,26328.029296875,26170.349609375,26245.779296875,33102400
2019-10-23,26176.119140625,26271.439453125,26051.7890625,26177.5703125,37279000
2019-10-24,26223.169921875,26340.369140625,26195.58984375,26299.380859375,40616400
2019-10-25,26290.650390625,26343.0703125,26107.369140625,26240.5703125,41227500
2019-10-28,26278.859375,26416.26953125,26223.9609375,26359.2890625,41558700
2019-10-29,26376.310546875,26379.939453125,26138.470703125,26299.740234375,38366400
2019-10-30,26286.58984375,26394.640625,26213.619140625,26392.560546875,39664700
2019-10-31,26429.009765625,26481.630859375,26134.419921875,26249.30078125,42615100
2019-11-01,26305.0,26565.0390625,26303.880859375,26547.33984375,29847200
2019-11-04,26644.240234375,26966.69921875,26637.490234375,26913.330078125,48840300
2019-11-05,26939.470703125,26939.470703125,26783.48046875,26872.810546875,44417400
2019-11-06,26855.689453125,26962.51953125,26794.919921875,26962.51953125,48453400
2019-11-07,27032.80078125,27160.810546875,26966.369140625,27132.4296875,59794500
2019-11-08,27072.3203125,27072.3203125,26871.66015625,26980.30078125,54953300
2019-11-11,26954.400390625,27028.2109375,26900.7109375,26968.830078125,38318500
2019-11-12,27006.140625,27081.5,26954.470703125,27012.689453125,44957000
2019-11-13,26975.75,27095.01953125,26802.55078125,27085.369140625,51667700
2019-11-14,27072.150390625,27177.5703125,27009.33984375,27080.75,47965700
2019-11-15,27208.140625,27258.5703125,27007.4609375,27198.740234375,39954800
2019-11-18,27214.0,27423.0,27114.060546875,27239.140625,41185500
2019-11-19,27258.1796875,27502.720703125,27236.2890625,27294.279296875,41348200
2019-11-20,27254.2109375,27264.919921875,27059.060546875,27215.30078125,42839600
2019-11-21,27110.330078125,27111.4609375,26863.080078125,27027.009765625,50292400
2019-11-22,27020.5390625,27251.41015625,27001.01953125,27091.470703125,43693400
2019-11-25,27191.01953125,27286.109375,27168.099609375,27282.98046875,36406200
2019-11-26,27298.05078125,27554.390625,27258.890625,27542.830078125,66846200
2019-11-27,27586.08984375,27636.73046875,27476.439453125,27531.4609375,40257500
2019-11-28,27480.390625,27530.259765625,27423.16015625,27505.330078125,24040600
2019-11-29,27429.26953125,27592.51953125,27386.58984375,27461.609375,30726400
2019-12-02,27493.390625,27615.01953125,27009.1796875,27029.900390625,43732400
2019-12-03,27095.0390625,27252.0703125,26819.58984375,26897.140625,43747100
2019-12-04,26898.330078125,27279.439453125,26898.330078125,27241.080078125,40027900
2019-12-05,27277.4609375,27353.060546875,27144.0390625,27151.509765625,31364300
2019-12-06,27185.890625,27358.69921875,27136.3203125,27343.83984375,31811000
2019-12-09,27343.5,27413.759765625,27336.0390625,27378.4609375,28367000
2019-12-10,27323.609375,27323.609375,27004.4609375,27276.359375,40702400
2019-12-11,27287.369140625,27375.330078125,27203.939453125,27350.9609375,40604500
2019-12-12,27382.1796875,27622.330078125,27339.650390625,27511.990234375,49811500
2019-12-13,27709.439453125,27899.9296875,27694.119140625,27772.98046875,51677200
2019-12-16,27860.5703125,28307.580078125,27860.5703125,28254.400390625,35669300
2019-12-17,28262.220703125,28320.23046875,28130.650390625,28298.0703125,40147400
2019-12-18,28276.029296875,28292.08984375,28163.98046875,28192.359375,34104400
2019-12-19,28193.509765625,28316.1796875,28136.169921875,28316.1796875,37297800
2019-12-20,28356.8203125,28487.740234375,28341.560546875,28440.98046875,61481800
2019-12-23,28443.4609375,28563.849609375,28426.58984375,28545.2890625,24353000
2019-12-27,28592.259765625,28643.380859375,28455.490234375,28537.470703125,25271100
2019-12-30,28515.560546875,28515.560546875,28312.80078125,28312.80078125,16186900
2020-01-02,28294.970703125,28639.55078125,28294.970703125,28608.30078125,43080900
2020-01-03,28509.529296875,28509.529296875,28268.5390625,28451.330078125,32742300
2020-01-06,28283.390625,28291.2890625,27864.220703125,28193.26953125,35959800
2020-01-07,28248.919921875,28459.05078125,28225.650390625,28287.080078125,35252700
2020-01-08,28186.400390625,28396.58984375,28018.779296875,28377.80078125,38585300
2020-01-09,28512.25,28608.599609375,28502.75,28554.009765625,43083000
2020-01-10,28582.900390625,28632.470703125,28461.150390625,28470.890625,31452500
2020-01-13,28505.310546875,28590.240234375,28380.529296875,28405.66015625,34221200
2020-01-14,28442.98046875,28474.830078125,28225.2109375,28462.470703125,36871800
2020-01-15,28480.759765625,28537.560546875,28297.470703125,28407.220703125,45121100
2020-01-16,28464.400390625,28577.7109375,28403.23046875,28470.390625,20030200
2020-01-17,28546.619140625,28703.8203125,28546.4296875,28669.650390625,43090800
2020-01-20,28717.490234375,28853.220703125,28707.259765625,28811.240234375,32136900
2020-01-21,28737.2890625,28768.75,28540.720703125,28767.9609375,34406300
2020-01-22,28841.720703125,28885.4296875,28737.509765625,28754.119140625,40767300
2020-01-23,28695.7890625,28695.7890625,28455.380859375,28480.529296875,38508300
2020-01-24,28595.94921875,28861.970703125,28595.94921875,28802.240234375,36674700
2020-01-27,28526.509765625,28526.509765625,28067.9296875,28133.890625,39902100
2020-01-28,28217.279296875,28387.619140625,28012.48046875,28354.83984375,45660500
2020-01-29,28387.349609375,28590.759765625,28363.01953125,28513.5,47576600
2020-01-30,28324.23046875,28418.76953125,28158.720703125,28186.140625,36892100
2020-01-31,28246.4609375,28366.029296875,27974.220703125,27984.3203125,48766200
2020-02-03,28005.060546875,28119.51953125,27941.900390625,28046.05078125,40173400
2020-02-04,28122.400390625,28454.69921875,28121.740234375,28441.900390625,39093600
2020-02-05,28456.359375,28841.25,28412.75,28780.26953125,55690400
2020-02-06,28897.9296875,29012.94921875,28805.51953125,28908.75,50675100
2020-02-07,28874.330078125,28906.390625,28655.970703125,28671.900390625,62916400
2020-02-10,28632.4296875,28781.240234375,28556.380859375,28781.240234375,34068800
2020-02-11,28909.0703125,29196.240234375,28899.060546875,29195.33984375,39319700
2020-02-12,29251.830078125,29302.169921875,29180.08984375,29238.359375,40714300
2020-02-13,29160.849609375,29282.6796875,28942.25,29172.669921875,59261000
2020-02-14,29200.94921875,29331.919921875,29187.01953125,29214.880859375,47835600
2020-02-17,29232.919921875,29316.33984375,29190.83984375,29316.33984375,39324400
2020-02-18,29203.48046875,29203.48046875,29043.029296875,29057.80078125,46919200
2020-02-19,29153.58984375,29365.69921875,29131.01953125,29355.189453125,44976400
2020-02-20,29350.650390625,29438.029296875,29176.189453125,29176.900390625,45873200
2020-02-21,29103.0703125,29199.060546875,28884.51953125,28983.390625,47979600
2020-02-24,28477.4609375,28482.76953125,27649.16015625,27884.91015625,61820100
2020-02-25,28003.529296875,28140.609375,27302.900390625,27315.419921875,64996000
2020-02-26,27041.73046875,27247.7890625,26180.890625,27126.890625,83670300
2020-02-27,26839.419921875,26839.419921875,25878.130859375,26196.76953125,70375400
2020-02-28,25450.5390625,25585.119140625,24993.029296875,25366.619140625,111272900
2020-03-02,25789.1796875,26017.9609375,24909.1796875,25348.330078125,81579900
2020-03-03,25604.240234375,26399.880859375,25604.240234375,25897.560546875,89695600
2020-03-04,26003.51953125,26270.9609375,25794.66015625,26091.330078125,75259600
2020-03-05,26223.310546875,26345.099609375,25573.220703125,25679.689453125,88142900
2020-03-06,25338.8203125,25338.8203125,24492.7890625,24750.76953125,89020800
2020-03-09,23404.150390625,23715.7109375,22932.30078125,23091.7109375,116576900
2020-03-10,23230.75,23999.099609375,22798.669921875,22901.9609375,109771800
2020-03-11,23037.369140625,23372.44921875,22550.939453125,22637.9296875,90869900
2020-03-12,21626.26953125,21631.869140625,20137.140625,20168.01953125,134110500
2020-03-13,20772.8203125,21720.98046875,20064.640625,20256.48046875,126777600
2020-03-16,19593.0390625,19593.80078125,18095.75,19230.19921875,124000400
2020-03-17,19670.83984375,20039.419921875,18262.630859375,18954.609375,103726100
2020-03-18,18670.599609375,18686.140625,17807.349609375,17909.400390625,104572800
2020-03-19,17920.30078125,18603.859375,17714.91015625,18559.779296875,102539200
2020-03-20,19161.890625,19824.060546875,19150.630859375,19521.150390625,143896300
2020-03-23,19178.3203125,19392.060546875,18495.609375,18837.029296875,73384800
2020-03-24,19619.880859375,20181.98046875,19466.490234375,20181.98046875,83490400
2020-03-25,20855.2890625,21230.220703125,20029.33984375,20762.0390625,85323000
2020-03-26,20519.9609375,21426.130859375,20262.1796875,21426.130859375,71748200
2020-03-27,21253.119140625,21253.119140625,20369.240234375,20618.220703125,56208000
2020-03-30,20661.720703125,20720.130859375,20058.25,20651.220703125,59069400
2020-03-31,20931.1796875,21323.19921875,20723.55078125,21040.7109375,81878100
2020-04-01,20728.2890625,20728.3203125,20253.25,20432.30078125,58292300
2020-04-02,20611.91015625,20651.240234375,20199.98046875,20488.220703125,55873300
2020-04-03,20458.509765625,20557.880859375,20327.55078125,20345.740234375,49018800
2020-04-06,20926.830078125,21192.109375,20920.259765625,21101.099609375,53305200
2020-04-07,21516.599609375,22006.880859375,21356.740234375,21538.130859375,70387600
2020-04-08,21498.2890625,21712.140625,21378.01953125,21704.439453125,60606200
2020-04-09,21993.359375,22192.390625,21729.650390625,22100.169921875,65250800
2020-04-14,22436.900390625,22589.91015625,22286.25,22374.19921875,52572600
2020-04-15,22434.099609375,22461.240234375,21692.130859375,21722.08984375,70473500
2020-04-16,21938.330078125,22088.599609375,21703.55078125,21792.669921875,66057400
2020-04-17,22097.869140625,22477.169921875,22097.869140625,22356.359375,64524700
2020-04-20,22499.919921875,22576.470703125,22202.580078125,22460.83984375,40135700
2020-04-21,22313.6796875,22348.48046875,21948.25,21948.25,51443200
2020-04-22,22121.19921875,22304.849609375,22070.140625,22274.83984375,41817500
2020-04-23,22347.080078125,22607.16015625,22187.859375,22506.810546875,49887400
2020-04-24,22288.73046875,22420.009765625,22083.01953125,22240.689453125,46500200
2020-04-27,22521.9609375,22677.55078125,22479.939453125,22584.220703125,50616000
2020-04-28,22619.2890625,23028.119140625,22497.4609375,22817.0703125,62433100
2020-04-29,22873.779296875,23406.05078125,22755.7109375,23406.05078125,56093100
2020-04-30,23561.23046875,23624.4609375,23008.240234375,23043.69921875,66754900
2020-05-04,22641.890625,22641.890625,22234.650390625,22431.369140625,60515300
2020-05-05,22635.23046875,23137.7109375,22635.23046875,23117.73046875,55809300
2020-05-06,23167.51953125,23248.109375,22975.509765625,23082.779296875,53787700
2020-05-07,23162.9296875,23752.91015625,23162.9296875,23742.939453125,54523300
2020-05-08,23914.130859375,24035.419921875,23835.109375,23965.2109375,52668200
2020-05-11,24081.130859375,24158.359375,23736.8203125,23865.8203125,54397100
2020-05-12,23826.23046875,24022.73046875,23753.2890625,23819.970703125,68933300
2020-05-13,23641.140625,23776.4609375,23511.05078125,23546.439453125,66494000
2020-05-14,23362.630859375,23362.630859375,22822.740234375,22994.509765625,75951800
2020-05-15,23129.189453125,23364.5703125,23129.189453125,23270.6796875,59741800
2020-05-18,23563.529296875,24087.720703125,23563.529296875,24087.720703125,61691900
2020-05-19,24243.16015625,24312.19921875,23976.4609375,24198.380859375,71723100
2020-05-20,24179.0703125,24498.0390625,23988.8203125,24478.880859375,54988100
2020-05-21,24321.240234375,24622.189453125,24216.69921875,24406.91015625,38154600
2020-05-22,24245.560546875,24653.69921875,24137.3203125,24590.009765625,47480000
2020-05-25,24775.970703125,25086.19921875,24730.69921875,25085.859375,32616500
2020-05-26,25240.23046875,25510.98046875,25226.08984375,25446.599609375,60293300
2020-05-27,25481.91015625,25534.810546875,25053.23046875,25152.029296875,80626000
2020-05-28,25332.9296875,25662.05078125,25256.490234375,25633.6796875,62193700
2020-05-29,25437.470703125,25563.76953125,25301.900390625,25396.0,122409800
2020-06-02,25697.990234375,26101.109375,25697.990234375,26080.630859375,77585900
2020-06-03,26279.48046875,26678.48046875,26243.4296875,26677.4296875,68820800
2020-06-04,26550.240234375,26800.630859375,26450.060546875,26760.419921875,71733300
2020-06-05,26992.94921875,27242.609375,26894.490234375,27199.759765625,86147600
2020-06-08,27085.4296875,27087.330078125,26822.19921875,26991.099609375,74589200
2020-06-09,26987.349609375,27164.8203125,26368.359375,26523.55078125,79152500
2020-06-10,26624.66015625,26877.55078125,26358.83984375,26393.33984375,59116800
2020-06-11,26074.2890625,26083.880859375,25508.640625,25514.7890625,64014000
2020-06-12,25317.150390625,25892.890625,25152.8203125,25477.060546875,58832600
2020-06-15,24997.349609375,25467.869140625,24791.650390625,25434.5390625,50390600
2020-06-16,25802.919921875,26202.919921875,25758.01953125,26056.51953125,57696900
2020-06-17,26040.0390625,26279.7109375,26010.5703125,26205.73046875,44903000
2020-06-18,26137.240234375,26428.380859375,26050.359375,26201.349609375,57416000
2020-06-19,26335.279296875,26366.5390625,26145.080078125,26246.0,117995500
2020-06-22,26067.140625,26223.490234375,25896.359375,25973.9609375,48593500
2020-06-23,26159.939453125,26378.33984375,26056.609375,26168.830078125,52095600
2020-06-24,26167.76953125,26255.109375,25523.98046875,25523.98046875,51974500
2020-06-25,25512.109375,25891.009765625,25324.509765625,25879.25,69123800
2020-06-26,26004.26953125,26077.33984375,25614.5390625,25620.349609375,49060000
2020-06-29,25557.25,25833.130859375,25477.669921875,25668.740234375,44934300
2020-06-30,25783.98046875,25948.0390625,25754.2890625,25840.30078125,47122100
2020-07-01,25800.759765625,26135.369140625,25539.060546875,26080.66015625,43703600
2020-07-02,26261.4296875,26705.080078125,26243.76953125,26627.4609375,55346100
2020-07-03,26700.140625,26806.75,26535.1796875,26600.490234375,31531500
2020-07-06,26935.859375,27137.0390625,26827.060546875,27060.390625,46737500
2020-07-07,26950.16015625,26981.970703125,26703.94921875,26909.23046875,54566800
2020-07-08,26786.619140625,26898.490234375,26684.25,26758.990234375,46994700
2020-07-09,26908.060546875,26978.2890625,26554.009765625,26555.630859375,54405500
2020-07-10,26452.6796875,26746.779296875,26409.619140625,26673.939453125,42401700
2020-07-13,26902.41015625,27015.880859375,26766.0703125,26984.240234375,42147100
2020-07-14,26748.5,26781.3203125,26423.470703125,26689.69921875,48807300
2020-07-15,26894.859375,27207.470703125,26868.48046875,27078.720703125,52469100
2020-07-16,26995.029296875,27127.689453125,26940.439453125,27065.66015625,44036700
2020-07-17,27091.390625,27110.640625,26860.119140625,26937.4296875,38392100
2020-07-20,26938.5390625,27177.220703125,26723.23046875,27118.419921875,33855100
2020-07-21,27317.689453125,27526.41015625,27211.609375,27234.98046875,47434200
2020-07-22,27184.349609375,27390.380859375,27080.349609375,27390.380859375,38811400
2020-07-23,27423.919921875,27437.73046875,27226.140625,27311.5390625,34923400
2020-07-24,27123.060546875,27123.060546875,26562.009765625,26650.240234375,40303700
2020-07-27,26628.330078125,26715.220703125,26489.439453125,26612.94921875,40445000
2020-07-28,26696.66015625,26866.91015625,26516.76953125,26748.0390625,33499800
2020-07-29,26709.029296875,26942.83984375,26688.140625,26829.189453125,38476700
2020-07-30,26856.01953125,26872.0703125,26007.1796875,26265.419921875,48826800
2020-07-31,26294.26953125,26594.05078125,26190.939453125,26191.8203125,49402900
2020-08-03,26228.009765625,26681.900390625,26164.69921875,26670.759765625,46332900
2020-08-04,26761.4609375,26954.51953125,26454.05078125,26559.83984375,50992400
2020-08-05,26688.58984375,26923.609375,26652.26953125,26876.240234375,54097800
2020-08-06,26911.0,27110.51953125,26756.380859375,26803.369140625,43597500
2020-08-07,26810.41015625,27143.30078125,26701.240234375,27142.44921875,31499500
2020-08-10,27215.130859375,27290.7890625,27045.970703125,27175.4296875,35781100
2020-08-11,27354.689453125,27737.759765625,27354.689453125,27609.689453125,51349400
2020-08-12,27542.130859375,27860.0390625,27433.529296875,27781.23046875,50813700
2020-08-13,27680.099609375,27828.390625,27582.529296875,27707.7109375,55290900
2020-08-14,27671.900390625,27674.009765625,27183.48046875,27313.16015625,42793500
2020-08-17,27251.359375,27498.41015625,27110.900390625,27490.01953125,33576700
2020-08-18,27425.380859375,27602.849609375,27261.470703125,27311.830078125,34728700
2020-08-19,27268.0703125,27450.099609375,27229.830078125,27402.470703125,31578300
2020-08-20,27293.4296875,27301.33984375,27065.240234375,27208.01953125,36328700
2020-08-21,27310.330078125,27435.150390625,26916.130859375,27266.7890625,37250400
2020-08-24,27388.109375,27689.2109375,27387.400390625,27630.390625,31028000
2020-08-25,27713.05078125,27830.1796875,27599.80078125,27601.80078125,33172300
2020-08-26,27580.390625,27861.669921875,27492.189453125,27861.669921875,35690100
2020-08-27,27874.2890625,27906.509765625,27613.509765625,27673.740234375,41604400
2020-08-28,27728.58984375,27750.380859375,27353.859375,27527.33984375,43893600
2020-08-31,27635.279296875,27799.640625,27447.609375,27453.169921875,40611100
2020-09-01,27551.9296875,27766.619140625,27313.80078125,27521.69921875,46159800
2020-09-02,27687.80078125,28040.470703125,27687.80078125,27893.91015625,44053500
2020-09-03,27982.359375,28176.7109375,27149.490234375,27222.640625,54058400
2020-09-04,27153.119140625,27590.349609375,26737.19921875,26901.859375,68388700
2020-09-07,27031.3203125,27567.08984375,27031.3203125,27567.08984375,35763900
2020-09-08,27608.609375,27628.55078125,26916.359375,27210.33984375,53678100
2020-09-09,27149.509765625,27609.630859375,27111.099609375,27534.83984375,38738200
2020-09-10,27563.55078125,27597.75,27366.349609375,27481.91015625,34384400
2020-09-11,27446.7109375,27480.23046875,27226.5703125,27346.16015625,39156300
2020-09-14,27465.720703125,27652.580078125,27465.720703125,27574.5703125,36796900
2020-09-15,27613.080078125,27696.859375,27498.890625,27498.890625,42095000
2020-09-16,27548.48046875,27691.990234375,27536.919921875,27691.990234375,40803400
2020-09-17,27465.4296875,27669.830078125,27328.94921875,27622.169921875,41907600
2020-09-18,27611.69921875,27674.51953125,27501.94921875,27512.91015625,106881200
2020-09-21,27400.640625,27400.640625,26381.6796875,26499.94921875,70397000
2020-09-22,26629.029296875,26814.08984375,26594.83984375,26599.83984375,47773400
2020-09-23,26769.83984375,27015.439453125,26723.58984375,26775.94921875,48752900
2020-09-24,26604.7890625,26608.58984375,26265.310546875,26424.05078125,47211400
2020-09-25,26450.0,26488.380859375,25994.69921875,26452.759765625,49260500
2020-09-28,26693.900390625,27046.689453125,26689.150390625,26966.919921875,53272100
2020-09-29,26981.7890625,27043.439453125,26787.400390625,26969.26953125,32813700
2020-09-30,26862.380859375,27115.51953125,26760.5390625,27006.810546875,43184800
2020-10-01,27107.169921875,27386.130859375,27052.439453125,27348.26953125,41335900
2020-10-02,27173.73046875,27253.240234375,26952.51953125,27249.150390625,40272800
2020-10-05,27399.740234375,27728.810546875,27399.740234375,27706.2890625,46714800
2020-10-06,27774.0703125,27878.859375,27641.30078125,27668.0,48349100
2020-10-07,27638.6796875,27761.779296875,27546.080078125,27617.7109375,38770100
2020-10-08,27751.51953125,27923.44921875,27722.650390625,27835.109375,41318500
2020-10-09,27841.080078125,28016.390625,27839.349609375,28003.130859375,36093600
2020-10-12,28030.830078125,28189.8203125,27954.51953125,28158.279296875,34870400
2020-10-13,28136.689453125,28158.91015625,27844.189453125,27876.0390625,43550100
2020-10-14,27892.1796875,27982.4296875,27807.69921875,27888.650390625,35915400
2020-10-15,27672.189453125,27674.0390625,27153.369140625,27462.630859375,47060400
2020-10-16,27546.2890625,27888.76953125,27546.2890625,27765.19921875,52298700
2020-10-19,27797.830078125,27971.9609375,27736.810546875,27815.349609375,33321500
2020-10-20,27739.330078125,27954.009765625,27685.25,27692.890625,49639200
2020-10-21,27751.330078125,27765.419921875,27152.509765625,27165.349609375,39431000
2020-10-22,27036.5703125,27257.08984375,26752.94921875,27189.169921875,44294800
2020-10-23,27162.849609375,27405.48046875,27129.470703125,27279.58984375,42366800
2020-10-26,26961.970703125,27197.44921875,26702.880859375,26703.580078125,40711000
2020-10-27,26782.859375,26891.5703125,26518.439453125,26604.779296875,46152700
2020-10-28,26373.5703125,26376.830078125,25730.669921875,25884.130859375,68666200
2020-10-29,25884.830078125,26081.30078125,25612.439453125,25801.8203125,57590100
2020-10-30,25665.939453125,25909.7109375,25536.51953125,25721.0,49932100
2020-11-02,25831.369140625,26162.4609375,25760.4296875,26079.23046875,42301700
2020-11-03,26252.369140625,26579.060546875,26212.5703125,26571.8203125,42208600
2020-11-04,26436.619140625,27242.099609375,26322.16015625,27241.369140625,47144300
2020-11-05,27366.330078125,27611.669921875,27361.890625,27498.939453125,60149400
2020-11-06,27435.51953125,27560.869140625,27108.759765625,27346.2890625,44921900
2020-11-09,27673.849609375,28520.7890625,27671.880859375,27793.970703125,128881300
2020-11-10,27796.9609375,28103.48046875,27618.41015625,27984.8203125,105048800
2020-11-11,28044.970703125,28462.529296875,28044.44921875,28408.8203125,63746300
2020-11-12,28336.41015625,28524.919921875,28193.26953125,28334.01953125,52100300
2020-11-13,28276.830078125,28564.380859375,28258.080078125,28512.9609375,50928700
2020-11-16,28644.08984375,28897.640625,28622.76953125,28732.109375,64869600
2020-11-17,28709.619140625,28733.3203125,28500.2890625,28650.689453125,41827600
2020-11-18,28625.609375,28814.259765625,28542.80078125,28799.05078125,42011500
2020-11-19,28639.55078125,28762.359375,28553.380859375,28745.5,49997100
2020-11-20,28759.05078125,28998.470703125,28660.060546875,28998.470703125,35591200
2020-11-23,29135.69921875,29202.529296875,28998.580078125,28998.580078125,47916700
2020-11-24,29123.8203125,29268.060546875,28917.109375,29029.419921875,55515100
2020-11-25,29143.33984375,29185.759765625,28954.9296875,29029.48046875,55023100
2020-11-26,29105.650390625,29204.869140625,29053.390625,29146.109375,33400800
2020-11-27,29105.7890625,29394.810546875,29081.7890625,29374.630859375,39778600
2020-11-30,29316.490234375,29674.73046875,29292.080078125,29301.4609375,131983200
2020-12-01,29405.91015625,29581.5703125,29351.310546875,29352.26953125,46264000
2020-12-02,29385.58984375,29387.640625,29123.689453125,29242.439453125,46183300
2020-12-03,29279.7890625,29313.650390625,29086.349609375,29287.1796875,45132500
2020-12-04,29296.060546875,29517.75,29296.060546875,29517.75,41992800
2020-12-07,29494.349609375,29500.779296875,29261.939453125,29474.439453125,38053600
2020-12-08,29473.640625,29677.69921875,29471.240234375,29653.859375,38366100
2020-12-09,29699.630859375,29802.75,29607.380859375,29620.94921875,44442500
2020-12-10,29649.25,29711.7890625,29471.51953125,29689.130859375,48949400
2020-12-11,29674.23046875,29792.080078125,29354.109375,29608.5,50562000
2020-12-14,29646.5390625,29834.599609375,29606.380859375,29727.58984375,39553400
2020-12-15,29705.05078125,29789.01953125,29646.80078125,29743.890625,47723000
2020-12-16,29804.259765625,30043.19921875,29795.400390625,29974.130859375,41867000
2020-12-17,30070.529296875,30212.80078125,30008.490234375,30205.169921875,49297600
2020-12-18,30146.169921875,30481.83984375,30107.8203125,30405.619140625,80267300
2020-12-21,30062.830078125,30062.830078125,29425.01953125,29866.470703125,55741300
2020-12-22,29949.240234375,30270.0703125,29948.310546875,30233.41015625,33521000
2020-12-23,30265.2890625,30460.330078125,30221.650390625,30413.7890625,28931000
2020-12-28,30601.2109375,30803.3203125,30573.630859375,30655.689453125,31178800
2020-12-29,30788.009765625,31009.060546875,30788.009765625,30912.390625,35944400
2020-12-30,30918.939453125,31000.849609375,30796.259765625,30796.259765625,19058100
2021-01-04,31013.05078125,31280.75,30859.560546875,30950.599609375,48832200
2021-01-05,30857.150390625,31121.310546875,30794.470703125,31059.880859375,45188000
2021-01-06,31190.609375,31190.609375,30876.08984375,31121.009765625,50183200
2021-01-07,31212.51953125,31299.4609375,31077.419921875,31224.279296875,44851700
2021-01-08,31379.58984375,31529.5703125,31287.83984375,31356.650390625,47397200
2021-01-11,31322.779296875,31398.2890625,30943.599609375,31102.19921875,42489100
2021-01-12,31213.7109375,31307.259765625,31149.130859375,31188.349609375,39653500
2021-01-13,31168.609375,31376.150390625,31093.419921875,31308.30078125,43509700
2021-01-14,31399.619140625,31626.5,31334.4296875,31572.080078125,43650600
2021-01-15,31485.939453125,31485.939453125,30855.279296875,31035.919921875,45744800
2021-01-18,30896.5390625,31213.33984375,30860.83984375,31206.48046875,31531700
2021-01-19,31395.119140625,31440.880859375,31262.759765625,31290.4609375,51032500
2021-01-20,31372.3203125,31683.80078125,31342.580078125,31577.890625,37525900
2021-01-21,31722.279296875,31905.109375,31674.51953125,31748.970703125,38571700
2021-01-22,31718.509765625,31720.55078125,31421.75,31635.509765625,40588200
2021-01-25,31719.08984375,31865.630859375,31323.94921875,31391.83984375,51717500
2021-01-26,31409.5390625,31753.279296875,31321.48046875,31562.349609375,43648900
2021-01-27,31502.400390625,31687.970703125,30899.310546875,31341.51953125,70850600
2021-01-28,31125.599609375,31553.669921875,30534.349609375,31461.9609375,76864900
2021-01-29,31197.66015625,31377.029296875,30862.720703125,31086.779296875,59757900
2021-02-01,31209.0390625,31529.400390625,31209.0390625,31441.30078125,41328800
2021-02-02,31537.619140625,32042.55078125,31519.140625,32037.6796875,44216500
2021-02-03,32207.310546875,32305.419921875,32110.33984375,32193.650390625,39619200
2021-02-04,32211.560546875,32426.91015625,32206.240234375,32361.060546875,41281700
2021-02-05,32432.970703125,32497.029296875,32302.869140625,32401.0390625,37136400
2021-02-08,32525.060546875,32606.330078125,32432.830078125,32474.0703125,35815300
2021-02-09,32530.240234375,32534.30078125,32252.16015625,32256.890625,34780900
2021-02-10,32373.990234375,32404.310546875,32011.390625,32132.8203125,42207300
2021-02-11,32167.189453125,32554.310546875,32133.119140625,32546.560546875,52200600
2021-02-12,32481.890625,32633.58984375,32409.26953125,32595.23046875,38564200
2021-02-15,32747.76953125,32951.08984375,32747.76953125,32905.80078125,38135300
2021-02-16,32930.16015625,33158.91015625,32930.16015625,33042.328125,37699800
2021-02-17,32967.1015625,32967.1015625,32625.01953125,32637.16015625,45842800
2021-02-18,32619.33984375,32661.240234375,32197.849609375,32227.05078125,50648000
2021-02-19,32291.109375,32420.01953125,32202.630859375,32384.740234375,43998800
2021-02-22,32278.220703125,32278.220703125,31824.220703125,32024.080078125,37994700
2021-02-23,32026.419921875,32111.869140625,31016.919921875,31643.83984375,56373100
2021-02-24,31681.859375,31888.2109375,31561.0703125,31758.669921875,56106100
2021-02-25,31938.970703125,32029.029296875,31624.5,31640.859375,71995700
2021-02-26,31229.640625,31507.509765625,31000.369140625,31270.859375,66422900
2021-03-01,31649.349609375,31953.0703125,31649.349609375,31900.94921875,41813900
2021-03-02,31862.400390625,32089.1796875,31755.779296875,31762.2109375,35940300
2021-03-03,31890.490234375,31998.91015625,31342.580078125,31561.869140625,47992800
2021-03-04,31418.75,31429.0,30953.130859375,31309.2109375,50981400
2021-03-05,31137.060546875,31211.33984375,30688.51953125,30716.509765625,50339600
2021-03-08,30841.58984375,31352.029296875,30770.029296875,31310.9296875,53547900
2021-03-09,31283.630859375,31710.130859375,31156.23046875,31623.80078125,57765400
2021-03-10,31593.560546875,31716.779296875,31491.740234375,31571.279296875,49508000
2021-03-11,31644.080078125,31947.5703125,31577.4296875,31937.029296875,46578700
2021-03-12,31865.4609375,31897.80078125,31585.529296875,31779.279296875,34099800
2021-03-15,31868.55078125,31944.080078125,31741.609375,31813.58984375,41700100
2021-03-16,31913.69921875,32180.5390625,31870.900390625,32098.2890625,45532900
2021-03-17,32079.029296875,32087.58984375,31817.66015625,31867.400390625,42869200
2021-03-18,31956.30078125,32146.41015625,31881.669921875,31972.9609375,46138800
2021-03-19,31810.720703125,31901.91015625,31455.669921875,31622.55078125,113248200
2021-03-22,31568.880859375,31853.630859375,31475.80078125,31848.330078125,44692300
2021-03-23,31761.580078125,31927.029296875,31556.509765625,31750.080078125,48846700
2021-03-24,31594.08984375,31750.55078125,31431.330078125,31511.150390625,44390400
2021-03-25,31351.4609375,31351.4609375,30939.73046875,31321.599609375,50409000
2021-03-26,31436.599609375,31659.08984375,31436.599609375,31594.83984375,40782600
2021-03-29,31638.220703125,31738.48046875,31450.30078125,31460.5,34048400
2021-03-30,31504.48046875,31754.01953125,31502.240234375,31727.970703125,35613500
2021-03-31,31697.2890625,31912.4296875,31673.830078125,31717.359375,38636500
2021-04-01,31842.5390625,32302.7890625,31842.5390625,32289.810546875,37230200
2021-04-06,32517.849609375,32632.810546875,32347.310546875,32465.470703125,43829100
2021-04-07,32520.41015625,32602.5,32469.849609375,32484.98046875,38956500
2021-04-08,32586.0,32682.310546875,32522.73046875,32632.029296875,39932900
2021-04-09,32652.9609375,32863.671875,32652.330078125,32737.55078125,34587600
2021-04-12,32745.150390625,32751.759765625,32451.0703125,32472.5,33548200
2021-04-13,32523.16015625,32751.48046875,32481.69921875,32666.140625,41103400
2021-04-14,32715.26953125,32828.671875,32645.55078125,32709.109375,42614900
2021-04-15,32754.55078125,33093.0,32754.55078125,33007.26953125,37348700
2021-04-16,33056.33984375,33350.19921875,33038.328125,33263.2109375,45311600
2021-04-19,33351.5703125,33410.91015625,33098.4609375,33098.4609375,37771600
2021-04-20,33078.80078125,33186.21875,32488.919921875,32540.150390625,44883600
2021-04-21,32596.51953125,32715.369140625,32234.5,32545.759765625,41239800
2021-04-22,32663.80078125,32881.23046875,32618.470703125,32872.94921875,34716200
2021-04-23,32816.171875,32816.171875,32600.05078125,32772.4609375,30564700
2021-04-26,32837.01953125,33040.7890625,32807.01171875,33038.0,34174800
2021-04-27,33054.12890625,33079.76171875,32945.37109375,33057.41015625,35503900
2021-04-28,33106.4609375,33181.91015625,32926.25,32971.859375,44635200
2021-04-29,33056.26953125,33238.5703125,32641.849609375,32756.060546875,48241200
2021-04-30,32819.71875,32882.6796875,32679.23046875,32704.669921875,39182000
2021-05-03,32784.01953125,32967.51171875,32640.33984375,32913.3203125,33123300
2021-05-04,32946.8203125,32976.23046875,32028.740234375,32042.369140625,57408800
2021-05-05,32198.55078125,32578.220703125,32170.130859375,32536.740234375,44372100
2021-05-06,32563.30078125,32663.3203125,32162.6796875,32300.369140625,46766500
2021-05-07,32437.509765625,32665.75,32376.220703125,32665.01953125,40788800
2021-05-10,32715.689453125,32716.490234375,32403.580078125,32451.439453125,39037500
2021-05-11,32269.630859375,32273.2890625,31403.8203125,31782.740234375,55439400
2021-05-12,31875.0,31994.94921875,31635.310546875,31638.6796875,70880500
2021-05-13,31423.220703125,31828.970703125,31038.619140625,31695.5703125,42079900
2021-05-14,31875.259765625,32145.509765625,31738.859375,32141.169921875,55623700
2021-05-17,32240.91015625,32388.859375,32066.009765625,32124.23046875,34944200
2021-05-18,32302.640625,32389.0390625,32166.880859375,32282.619140625,39282000
2021-05-19,32114.060546875,32114.060546875,31588.140625,31899.330078125,43735600
2021-05-20,32028.01953125,32344.880859375,31882.4609375,32344.720703125,42802000
2021-05-21,32383.919921875,32529.720703125,32324.150390625,32416.7109375,49522700
2021-05-25,32566.369140625,32850.4609375,32566.369140625,32711.859375,45700300
2021-05-26,32779.359375,32950.828125,32746.9296875,32780.359375,39976500
2021-05-27,32744.599609375,33092.0703125,32705.060546875,33008.80859375,82867700
2021-05-28,33108.03125,33394.37890625,33069.921875,33307.69921875,34888300
2021-05-31,33333.62109375,33354.37890625,33190.91015625,33191.8515625,20732500
2021-06-01,33284.05078125,33681.359375,33284.05078125,33559.1484375,34236000
2021-06-02,33592.4296875,33707.23828125,33437.171875,33480.30859375,41110600
2021-06-03,33492.03125,33496.23046875,33270.55078125,33465.37890625,32297100
2021-06-04,33503.21875,33717.76953125,33440.671875,33689.6484375,30413900
2021-06-07,33705.421875,33992.19921875,33528.2109375,33924.83984375,31075800
2021-06-08,33952.30078125,33999.80859375,33782.96875,33782.96875,35980000
2021-06-09,33817.16015625,33859.23828125,33726.08984375,33804.48046875,32996100
2021-06-10,33857.859375,33871.30859375,33611.671875,33771.26953125,41160300
2021-06-11,33790.71875,34062.62890625,33768.46875,34017.58984375,36611900
2021-06-14,34086.05859375,34263.26953125,34086.05859375,34176.62109375,33024700
2021-06-15,34272.48046875,34346.01953125,34129.8203125,34134.01953125,42612300
2021-06-16,34208.8984375,34291.26953125,34085.53125,34232.73828125,39584300
2021-06-17,34111.78125,34222.69140625,34025.05078125,34222.69140625,37776600
2021-06-18,34233.921875,34388.62109375,33978.2890625,34022.51953125,82630500
2021-06-21,33884.0,34207.578125,33753.30859375,34198.7109375,36764300
2021-06-22,34214.0390625,34295.05078125,34115.1484375,34234.58984375,33537800
2021-06-23,34281.55078125,34306.87109375,33899.80859375,33899.80859375,33127000
2021-06-24,34030.51171875,34417.4296875,33992.05859375,34343.83984375,33387400
2021-06-25,34417.98046875,34491.55078125,34358.05859375,34470.05078125,33845900
2021-06-28,34447.69140625,34503.37109375,34276.26953125,34276.26953125,33025400
2021-06-29,34288.578125,34499.44140625,34269.30078125,34295.8515625,36446000
2021-06-30,34284.75,34366.9296875,33815.91015625,34049.859375,38653900
2021-07-01,34202.0703125,34352.78125,34008.8984375,34254.5,36643700
2021-07-02,34328.890625,34489.58984375,34254.6484375,34462.96875,30798400
2021-07-05,34433.83984375,34586.12890625,34362.05859375,34534.421875,26180000
2021-07-06,34521.4609375,34726.55078125,34438.3984375,34544.16015625,37355000
2021-07-07,34623.328125,34888.71875,34550.5390625,34799.171875,35355700
2021-07-08,34716.62109375,34729.30859375,34118.01953125,34352.33984375,51237600
2021-07-09,34446.6015625,34785.16015625,34399.21875,34777.58984375,44230200
2021-07-12,34827.26953125,35083.4609375,34722.30859375,34957.21875,38934800
2021-07-13,34954.44140625,34965.109375,34761.421875,34920.6015625,36760000
2021-07-14,34848.859375,34873.3984375,34680.55078125,34775.51171875,30749400
2021-07-15,34695.6484375,34695.6484375,34433.41015625,34533.421875,37261600
2021-07-16,34590.08984375,34662.44140625,34330.828125,34450.2109375,36401600
2021-07-19,34333.1484375,34333.1484375,33647.4609375,33875.23828125,44237300
2021-07-20,33961.48828125,34125.94140625,33792.37890625,33950.8984375,32901100
2021-07-21,34072.51953125,34535.37890625,34072.12109375,34503.48046875,33283500
2021-07-22,34612.6796875,34970.44140625,34612.6796875,34843.96875,29383800
2021-07-23,34938.171875,35266.08984375,34938.171875,35163.21875,27267500
2021-07-26,35089.171875,35173.25,35013.0390625,35088.55078125,26125500
2021-07-27,35012.171875,35069.5,34724.4296875,34931.25,30560800
2021-07-28,34963.78125,35202.91015625,34944.62890625,35200.69921875,44953400
2021-07-29,35252.87109375,35443.3203125,35199.1796875,35272.921875,41464600
2021-07-30,35138.12890625,35256.4609375,34808.890625,35146.91015625,37910100
2021-08-02,35304.2109375,35412.12109375,35166.96875,35384.23828125,29964600
2021-08-03,35381.28125,35449.98046875,35238.8984375,35299.3984375,35656700
2021-08-04,35426.44921875,35594.12890625,35379.62109375,35485.55078125,47887600
2021-08-05,35428.48828125,35734.16015625,35200.05859375,35727.01953125,43123600
2021-08-06,35735.12109375,35775.01953125,35533.83984375,35566.41015625,35456500
2021-08-09,35581.53125,35687.62109375,35551.62890625,35606.69140625,31136800
2021-08-10,35658.75,35953.55078125,35623.5,35850.12890625,29885800
2021-08-11,35897.671875,35920.62109375,35662.4296875,35760.30859375,35876000
2021-08-12,35728.8984375,35811.171875,35570.73828125,35804.48828125,37352400
2021-08-13,35781.26953125,35947.609375,35726.640625,35918.3984375,29525400
2021-08-16,35781.359375,35858.05078125,35611.5,35722.828125,36015800
2021-08-17,35643.51953125,35747.671875,35542.73046875,35732.9609375,32946100
2021-08-18,35784.30078125,36025.87109375,35783.640625,36010.94140625,30411800
2021-08-19,35797.921875,35797.921875,35332.23828125,35608.8984375,36040400
2021-08-20,35601.44140625,35726.44921875,35332.73828125,35662.3515625,29347500
2021-08-23,35811.55859375,35950.96875,35760.94921875,35947.5703125,27156600
2021-08-24,36059.33984375,36181.87109375,36059.33984375,36139.8515625,28344800
2021-08-25,36188.6796875,36304.62890625,36115.58984375,36115.58984375,33022300
2021-08-26,35999.28125,36026.171875,35826.51953125,35954.62109375,27405200
2021-08-27,35914.05859375,36127.19140625,35828.41015625,36127.19140625,24865300
2021-08-30,36159.41015625,36309.94140625,36159.41015625,36268.87109375,21373100
2021-08-31,36296.75,36356.01953125,35839.6484375,35952.73828125,48932500
2021-09-01,36098.640625,36275.5,36010.5390625,36183.03125,36249000
2021-09-02,36202.390625,36428.859375,36202.390625,36275.62109375,28361500
2021-09-03,36293.921875,36303.71875,35855.3984375,36056.41015625,29738900
2021-09-06,36138.73828125,36328.359375,36138.73828125,36215.73046875,24192800
2021-09-07,36205.37890625,36353.3515625,36183.55859375,36255.87109375,33988900
2021-09-08,36193.98046875,36193.98046875,35917.7890625,35944.05078125,40424900
2021-09-09,35820.87890625,36168.30078125,35737.421875,36120.53125,35840100
2021-09-10,36143.87890625,36273.41015625,36080.7890625,36092.12109375,30994500
2021-09-13,36136.12890625,36211.37109375,35782.359375,35798.6796875,32365500
2021-09-14,35761.94140625,35893.44921875,35663.44140625,35871.75,29282400
2021-09-15,35873.71875,35897.1484375,35449.1015625,35449.1015625,36544400
2021-09-16,35497.171875,35576.05078125,35409.44140625,35557.87890625,36665000
2021-09-17,35679.1484375,35889.9296875,35292.98828125,35292.98828125,158801600
2021-09-20,34937.859375,34937.859375,34510.8984375,34799.58984375,62509700
2021-09-21,34854.62890625,35215.0390625,34853.3203125,34985.2109375,47212600
2021-09-22,35128.01953125,35232.69921875,35034.53125,35206.4296875,62234800
2021-09-23,35412.140625,35645.078125,35412.140625,35483.48828125,41006900
2021-09-24,35434.01171875,35434.01171875,35217.19921875,35282.5390625,41192000
2021-09-27,35465.08984375,35654.23828125,35274.140625,35274.140625,49439400
2021-09-28,35210.28125,35210.28125,34445.859375,34502.30859375,45805800
2021-09-29,34650.078125,34940.890625,34520.48046875,34520.53125,43861600
2021-09-30,34661.0,34828.171875,34338.9609375,34369.69140625,71839600
2021-10-01,34080.359375,34354.9609375,33803.0703125,34154.1484375,55883400
2021-10-04,34078.6015625,34185.87109375,33819.55078125,33830.171875,37381100
2021-10-05,33825.51953125,34051.12109375,33712.23046875,34022.91015625,35533300
2021-10-06,33870.1015625,33870.1015625,33227.26953125,33293.19140625,63527700
2021-10-07,33423.55859375,33617.03125,33206.109375,33506.19921875,57878700
2021-10-08,33506.87890625,33604.390625,33353.078125,33410.33984375,37361000
2021-10-11,33375.1484375,33538.8515625,33260.01953125,33536.71875,46873500
2021-10-12,33275.62109375,33629.3515625,33201.05859375,33624.671875,46546700
2021-10-13,33607.28125,33855.609375,33460.44140625,33757.26171875,38967500
2021-10-14,33916.01171875,34187.33984375,33905.96875,34169.4609375,32523700
2021-10-15,34281.0390625,34364.01171875,34203.5703125,34358.41015625,40533700
2021-10-18,34291.87890625,34403.4609375,34228.05859375,34389.6484375,34757500
2021-10-19,34471.8203125,34614.0,34361.671875,34590.359375,43161800
2021-10-20,34512.05859375,34660.8203125,34391.26171875,34540.48046875,48437900
2021-10-21,34385.05859375,34751.55859375,34321.828125,34717.359375,34979700
2021-10-22,34753.26953125,34966.83984375,34717.9296875,34824.98828125,34741700
2021-10-25,34889.69140625,34895.30078125,34751.62109375,34849.01953125,35007200
2021-10-26,34877.58984375,35222.98046875,34877.58984375,35106.30078125,37235100
2021-10-27,35047.91015625,35198.609375,34994.16015625,35011.0390625,33505500
2021-10-28,34960.671875,35026.21875,34793.6796875,35012.140625,41698700
2021-10-29,34859.05078125,34970.23046875,34670.23046875,34851.1015625,38470000
2021-11-01,34984.94140625,35229.8515625,34984.94140625,35117.26953125,36238200
2021-11-02,35089.16015625,35292.328125,35031.5,35164.078125,36022100
2021-11-03,35156.26171875,35549.73046875,35141.05859375,35549.671875,66321100
2021-11-04,35710.01953125,35956.26953125,35707.921875,35881.87109375,82458500
2021-11-05,35833.859375,35973.37109375,35771.44921875,35823.44140625,66152000
2021-11-08,35841.80078125,36139.48046875,35837.71875,36123.21875,54046000
2021-11-09,36100.8515625,36234.390625,36027.1015625,36098.25,40952100
2021-11-10,36117.921875,36173.23828125,35804.7890625,35991.1796875,49317800
2021-11-11,35966.640625,36002.12109375,35762.76171875,35956.30859375,55453800
2021-11-12,35898.1015625,35908.6015625,35667.21875,35869.05078125,44929800
2021-11-15,35838.859375,36121.26953125,35801.80859375,36111.30078125,37184100
2021-11-16,36147.98828125,36304.12109375,36106.16015625,36200.328125,53281400
2021-11-17,36202.73828125,36327.23046875,36101.73828125,36110.171875,40129600
2021-11-18,36099.98046875,36224.6796875,35829.7890625,35967.62890625,44188100
2021-11-19,35985.171875,36085.03125,35701.41015625,35912.8203125,64793100
2021-11-22,35952.91015625,36007.4296875,35634.94921875,35663.28125,46975200
2021-11-23,35489.94140625,35489.94140625,35036.55078125,35053.33984375,46798300
2021-11-24,35069.73046875,35080.1796875,34547.98046875,34826.4296875,48936600
2021-11-25,34869.140625,35070.8515625,34849.12890625,35012.01171875,29170200
2021-11-26,34263.69921875,34374.328125,33849.94921875,33849.94921875,103086600
2021-11-29,34026.87890625,34276.140625,33983.44921875,34052.0390625,60544200
2021-11-30,33894.76171875,34295.51953125,33741.140625,33890.75,93637700
2021-12-01,34048.48828125,34398.73046875,33972.83984375,34329.53125,50837100
2021-12-02,34138.66015625,34144.33984375,33517.6796875,33774.4296875,51535600
2021-12-03,33929.96875,34097.1796875,33626.71875,33711.12109375,45025800
2021-12-06,33862.62109375,34046.578125,33692.44140625,33996.8515625,41850800
2021-12-07,34193.16015625,34875.98828125,34193.16015625,34839.421875,45011400
2021-12-08,34788.44140625,35008.19921875,34665.69140625,34704.37890625,42871300
2021-12-09,34780.0,34853.96875,34564.578125,34595.48046875,29900100
2021-12-10,34487.30078125,34542.23046875,34368.109375,34397.140625,29934500
2021-12-13,34466.58984375,34715.5390625,34432.8515625,34466.94921875,35441500
2021-12-14,34502.26171875,34603.5,34123.62109375,34190.9296875,39291800
2021-12-15,34213.30859375,34516.80078125,34196.359375,34333.08984375,33722200
2021-12-16,34614.69140625,34863.69140625,34472.94140625,34472.94140625,39405700
2021-12-17,34404.01171875,34544.73046875,34232.46875,34460.76953125,84317300
2021-12-20,33921.7890625,34084.73828125,33687.421875,34012.6015625,35335900
2021-12-21,34211.2890625,34433.859375,34205.08984375,34347.0390625,35847000
2021-12-22,34362.2890625,34622.25,34337.28125,34622.25,29363200
2021-12-23,34680.58984375,34857.109375,34674.19140625,34834.05078125,31373200
2021-12-27,34808.01171875,35091.19140625,34749.55859375,35062.640625,16786400
2021-12-28,35091.0,35365.26953125,35089.48046875,35301.01953125,20105300
2021-12-29,35274.2109375,35324.921875,35034.30078125,35147.6015625,19333500
2021-12-30,35130.87890625,35196.46875,35060.91015625,35123.25,14068800
2022-01-03,35282.6484375,35601.26953125,35255.2890625,35488.23046875,42218300
2022-01-04,35620.19921875,35710.73828125,35466.58984375,35526.2109375,53417500
2022-01-05,35531.37890625,35708.94140625,35507.26953125,35631.109375,36609000
2022-01-06,35248.76171875,35312.671875,34966.9296875,35168.3203125,37772300
2022-01-07,35113.921875,35182.51171875,34829.21875,34975.83984375,37014200
2022-01-10,35062.53125,35106.8203125,34364.55859375,34438.51953125,39760100
2022-01-11,34552.828125,34757.640625,34550.0390625,34649.0703125,37843600
2022-01-12,34846.55078125,35030.578125,34784.33984375,34885.328125,40676700
2022-01-13,34825.9609375,35050.30078125,34707.73828125,34793.21875,31670500
2022-01-14,34647.12109375,34731.58984375,34500.30078125,34518.609375,34552300
2022-01-17,34607.78125,34718.859375,34471.98046875,34587.2890625,23430000
2022-01-18,34517.6484375,34517.6484375,33988.12109375,34155.359375,35016100
2022-01-19,33958.25,34356.62890625,33809.19921875,34134.390625,47714100
2022-01-20,34183.44140625,34346.9296875,34036.05859375,34340.37109375,39567600
2022-01-21,34060.5703125,34060.5703125,33319.94140625,33642.359375,44948600
2022-01-24,33543.05859375,33543.05859375,31983.19921875,32239.830078125,67516300
2022-01-25,32433.439453125,32562.169921875,32106.0703125,32424.55078125,49877300
2022-01-26,32610.0390625,33312.26171875,32610.0390625,33134.0390625,44882900
2022-01-27,32790.98828125,33343.1484375,32638.380859375,33226.58984375,39530800
2022-01-28,33174.80859375,33175.828125,32748.73046875,33074.80859375,35938000
2022-01-31,33284.109375,33481.48828125,33001.3984375,33321.73046875,43854000
2022-02-01,33505.44140625,33821.51953125,33505.30859375,33735.98828125,34101000
2022-02-02,33856.12109375,34329.3203125,33856.12109375,34037.44140625,47095200
2022-02-03,34021.55078125,34072.828125,33585.421875,33643.12890625,43709100
2022-02-04,33791.46875,33859.76953125,33014.30859375,33080.55859375,43436900
2022-02-07,33223.83984375,33339.01953125,32908.78125,33125.37109375,31577900
2022-02-08,33127.3203125,33365.328125,33060.7109375,33257.7109375,44279900
2022-02-09,33421.359375,33949.859375,33421.359375,33780.6796875,45385600
2022-02-10,33821.80859375,33986.46875,33421.421875,33527.37890625,61060200
2022-02-11,33322.01953125,33568.2890625,33170.359375,33403.5390625,39791500
2022-02-14,32746.720703125,32791.25,32104.6796875,32733.509765625,63961400
2022-02-15,32646.0,33531.640625,32594.6796875,33465.75,47447900
2022-02-16,33583.55859375,33786.51171875,33409.671875,33532.5390625,41927800
2022-02-17,33567.0390625,33753.6484375,33292.71875,33389.03125,49953700
2022-02-18,33365.5390625,33527.73828125,32914.01953125,32972.66015625,44255900
2022-02-21,33092.94140625,33219.12109375,32142.6796875,32331.240234375,45017700
2022-02-22,31650.689453125,32448.0,31420.619140625,32191.640625,60989100
2022-02-23,32262.94921875,32623.669921875,31841.6796875,31887.109375,49474100
2022-02-24,31003.419921875,31278.560546875,30240.109375,30663.580078125,99849300
2022-02-25,30960.380859375,31868.1796875,30815.7109375,31800.310546875,65529500
2022-02-28,31863.58984375,31928.220703125,31447.48046875,31873.349609375,81016900
2022-03-01,31862.390625,31975.970703125,30984.630859375,30984.630859375,81692400
2022-03-02,30866.69921875,31285.279296875,30455.970703125,31100.359375,71986500
2022-03-03,31104.58984375,31373.560546875,30319.330078125,30332.880859375,66658300
2022-03-04,30086.130859375,30110.669921875,28857.609375,28858.529296875,93971100
2022-03-07,28244.6796875,28973.73046875,27386.560546875,28342.73046875,106925600
2022-03-08,28193.83984375,29048.119140625,28010.390625,28170.9609375,81529100
2022-03-09,28752.890625,30043.970703125,28752.890625,30043.970703125,81698200
2022-03-10,30120.30078125,30173.849609375,29339.279296875,29465.890625,73751500
2022-03-11,29540.009765625,30510.75,29384.25,29960.189453125,66704700
2022-03-14,30275.16015625,30732.25,30259.66015625,30526.310546875,50922300
2022-03-15,30366.529296875,30525.240234375,29901.75,30354.01953125,47725000
2022-03-16,30707.640625,31565.400390625,30707.640625,31368.05078125,70891600
2022-03-17,31514.869140625,31673.3203125,31205.470703125,31472.5703125,58019700
2022-03-18,31485.16015625,31672.890625,31096.509765625,31605.7109375,98278800
2022-03-21,31616.26953125,31752.830078125,31506.19921875,31681.669921875,41954700
2022-03-22,31722.830078125,31990.390625,31722.1796875,31914.5390625,42576300
2022-03-23,32008.0703125,32104.73046875,31505.669921875,31541.849609375,35889200
2022-03-24,31529.5,31622.330078125,31312.509765625,31346.830078125,42878800
2022-03-25,31378.7109375,31430.810546875,31065.75,31171.509765625,41055100
2022-03-28,31309.669921875,31650.1796875,31199.669921875,31236.33984375,38414900
2022-03-29,31396.220703125,31893.279296875,31396.220703125,31862.16015625,57977800
2022-03-30,31813.640625,31813.640625,31313.8203125,31519.150390625,42850300
2022-03-31,31678.349609375,31817.0,31011.7109375,31011.7109375,45106600
2022-04-01,31089.650390625,31301.9296875,30947.369140625,31192.630859375,32628800
2022-04-04,31334.7890625,31563.41015625,31163.76953125,31544.580078125,32801800
2022-04-05,31514.439453125,31777.349609375,31418.919921875,31553.880859375,44267800
2022-04-06,31535.939453125,31559.279296875,30478.5703125,30619.220703125,55984600
2022-04-07,30703.869140625,30845.099609375,30362.830078125,30394.560546875,37654900
2022-04-08,30640.91015625,31110.080078125,30640.91015625,30830.640625,37753700
2022-04-11,30705.240234375,30849.44921875,30466.6796875,30571.6796875,36833500
2022-04-12,30287.75,30518.640625,30056.080078125,30405.109375,53047700
2022-04-13,30349.890625,30421.990234375,30173.5703125,30405.740234375,35193500
2022-04-14,30495.830078125,30720.5390625,30362.6796875,30669.349609375,33111400
2022-04-19,30648.650390625,30817.8203125,30371.44921875,30724.080078125,30706100
2022-04-20,30751.689453125,31185.890625,30632.060546875,31103.30078125,41859500
2022-04-21,31145.119140625,31664.169921875,31140.19921875,31443.359375,46164500
2022-04-22,31147.689453125,31233.19921875,30800.16015625,30800.16015625,44391800
2022-04-25,30520.08984375,30634.16015625,30232.779296875,30241.2109375,36473800
2022-04-26,30495.16015625,30535.880859375,29726.890625,29726.890625,51285400
2022-04-27,29686.529296875,29940.33984375,29413.4609375,29816.3203125,47342900
2022-04-28,30044.029296875,30294.640625,29848.48046875,30077.240234375,34927100
2022-04-29,30224.05078125,30452.740234375,30084.669921875,30093.060546875,33671300
2022-05-02,29930.630859375,29974.419921875,28819.58984375,29521.41015625,33951600
2022-05-03,29627.23046875,29958.66015625,29589.109375,29932.76953125,35974700
2022-05-04,29996.130859375,30002.1796875,29607.439453125,29696.369140625,37501300
2022-05-05,30056.5390625,30255.529296875,29314.130859375,29374.369140625,45608900
2022-05-06,29269.58984375,29271.33984375,28501.9296875,28765.55078125,46810200
2022-05-09,28628.810546875,28695.560546875,27815.439453125,27815.439453125,37584100
2022-05-10,28028.66015625,28379.609375,27919.98046875,28026.9609375,43256500
2022-05-11,28119.23046875,28680.779296875,28028.7109375,28613.419921875,51786700
2022-05-12,28205.390625,28313.880859375,27640.109375,28180.30078125,44173400
2022-05-13,28369.939453125,28833.51953125,28369.939453125,28820.8203125,45260600
2022-05-16,28817.009765625,29096.7890625,28739.990234375,28931.900390625,31434200
2022-05-17,29165.119140625,29512.150390625,29108.5,29370.5,37257700
2022-05-18,29437.939453125,29546.0,29080.009765625,29101.48046875,42219600
2022-05-19,28855.0390625,29035.0,28526.310546875,29034.109375,40893400
2022-05-20,29217.16015625,29640.470703125,29156.16015625,29199.94921875,33972100
2022-05-23,29529.5,29679.0390625,29202.509765625,29452.51953125,33066400
2022-05-24,29252.619140625,29360.810546875,28880.939453125,28894.330078125,48756300
2022-05-25,29017.400390625,29155.5390625,28783.029296875,29108.439453125,37361700
2022-05-26,29131.640625,29456.849609375,29121.830078125,29430.26953125,24773700
2022-05-27,29504.669921875,29761.630859375,29428.720703125,29749.55078125,30666600
2022-05-30,29930.439453125,30263.6796875,29930.439453125,30188.01953125,27360600
2022-05-31,30171.560546875,30204.140625,29910.259765625,29913.5,95271100
2022-06-01,30076.470703125,30160.2890625,29726.689453125,29750.330078125,31311000
2022-06-02,29864.640625,30237.880859375,29851.560546875,30234.240234375,22133700
2022-06-03,30382.650390625,30479.259765625,30181.939453125,30224.1796875,28169200
2022-06-06,30402.1796875,30629.859375,30343.830078125,30542.380859375,22277800
2022-06-07,30397.19921875,30428.109375,30185.359375,30391.580078125,33890900
2022-06-08,30449.6796875,30510.509765625,30062.26953125,30178.640625,35947200
2022-06-09,30070.859375,30201.7890625,29644.98046875,29649.890625,39392700
2022-06-10,29530.560546875,29530.560546875,28759.560546875,28768.98046875,46491700
2022-06-13,28443.3203125,28543.650390625,27631.94921875,27742.349609375,49111600
2022-06-14,27932.0,28110.109375,27340.9609375,27340.9609375,43297600
2022-06-15,27543.720703125,27873.419921875,27503.130859375,27784.26953125,46457200
2022-06-16,27745.779296875,27746.48046875,26606.48046875,26735.76953125,38444600
2022-06-17,26788.939453125,27295.23046875,26698.140625,27061.740234375,103423100
2022-06-20,27161.05078125,27483.5703125,26930.75,27483.2109375,38761900
2022-06-21,27582.3203125,27894.6796875,27440.30078125,27512.5390625,38274500
2022-06-22,27266.619140625,27432.30078125,26712.26953125,27246.16015625,42772100
2022-06-23,27139.19921875,27140.0,26386.51953125,26499.6796875,49680400
2022-06-24,26556.5390625,27002.73046875,26392.4296875,26952.0390625,43739500
2022-06-27,27062.810546875,27511.9609375,26990.890625,27153.439453125,33387600
2022-06-28,27307.51953125,27586.58984375,27119.150390625,27119.150390625,33034400
2022-06-29,26887.91015625,26887.91015625,26239.560546875,26380.849609375,43389000
2022-06-30,26100.720703125,26100.720703125,25411.80078125,25823.44921875,62940700
2022-07-01,25707.119140625,26005.240234375,25491.01953125,25837.25,41608900
2022-07-04,26006.080078125,26082.609375,25489.2109375,25505.48046875,34086600
2022-07-05,25669.2890625,25735.259765625,24515.48046875,24635.0,59025100
2022-07-06,24783.44921875,25124.94921875,24783.44921875,24979.41015625,48819700
2022-07-07,25167.970703125,25862.5703125,25167.970703125,25861.25,49335400
2022-07-08,25806.9296875,26329.490234375,25614.259765625,26300.66015625,50125000
2022-07-11,25883.9609375,26157.0,25623.55078125,25695.529296875,33971700
2022-07-12,25544.560546875,25805.51953125,25233.490234375,25755.1796875,35646700
2022-07-13,25675.119140625,25734.470703125,25136.650390625,25503.279296875,33686500
2022-07-14,25422.220703125,25585.279296875,24844.119140625,25005.509765625,37087900
2022-07-15,25095.6796875,25590.69921875,25017.580078125,25557.640625,43629200
2022-07-18,25697.4609375,26035.0390625,25697.4609375,25921.23046875,34556800
2022-07-19,25739.330078125,26580.5703125,25603.7890625,26515.529296875,42471700
2022-07-20,26653.8203125,26868.880859375,26427.01953125,26696.419921875,41578600
2022-07-21,26671.349609375,26825.0,26366.33984375,26656.25,42015900
2022-07-22,26602.7890625,27070.330078125,26502.8203125,26776.390625,47203100
2022-07-25,26660.529296875,26855.69921875,26541.2109375,26632.66015625,31471800
2022-07-26,26609.130859375,26630.33984375,26056.91015625,26063.029296875,35786400
2022-07-27,26141.359375,26530.890625,26054.169921875,26491.91015625,30857200
2022-07-28,26631.970703125,26892.369140625,26580.4296875,26824.509765625,37893400
2022-07-29,26962.400390625,27499.740234375,26961.30078125,27364.5703125,43305200
2022-08-01,27389.9609375,27590.0703125,27292.119140625,27427.9296875,33372700
2022-08-02,27373.33984375,27453.0,27095.83984375,27380.109375,29416800
2022-08-03,27423.0703125,27838.9609375,27337.060546875,27806.119140625,39057700
2022-08-04,27896.9609375,28350.400390625,27851.4609375,28162.23046875,43647700
2022-08-05,28183.01953125,28242.900390625,27708.08984375,27772.580078125,37606300
2022-08-08,27908.259765625,28112.900390625,27757.640625,27851.669921875,31580500
2022-08-09,27908.259765625,28112.900390625,27236.630859375,27270.8203125,34612700
2022-08-10,27188.44921875,27872.900390625,26886.1796875,27818.279296875,35751800
2022-08-11,27957.810546875,28079.919921875,27783.4296875,27896.16015625,34719500
2022-08-12,27888.2890625,28014.83984375,27793.240234375,27907.48046875,33816800
2022-08-15,28004.98046875,28044.7890625,27804.869140625,27908.140625,26524500
2022-08-16,27971.599609375,28292.30078125,27903.509765625,28108.380859375,32597000
2022-08-17,28147.939453125,28201.830078125,27543.16015625,27543.16015625,37180000
2022-08-18,27533.0703125,27740.26953125,27450.51953125,27529.91015625,24230000
2022-08-19,27434.98046875,27437.029296875,26952.279296875,26984.970703125,33247900
2022-08-22,26824.400390625,26907.390625,25999.73046875,26009.689453125,36082300
2022-08-23,25924.48046875,26214.509765625,25859.91015625,25964.560546875,31420300
2022-08-24,25872.9296875,26109.1796875,25689.140625,26057.509765625,26984900
2022-08-25,26211.91015625,26341.400390625,25999.189453125,26070.640625,26267300
2022-08-26,26181.9296875,26341.880859375,25468.650390625,25523.689453125,31322400
2022-08-29,25278.189453125,25645.3203125,25177.509765625,25470.5,24835800
2022-08-30,25495.7109375,25830.529296875,25272.48046875,25393.830078125,29245600
2022-08-31,25497.439453125,25571.240234375,25195.0,25219.130859375,39274600
2022-09-01,25018.759765625,25018.759765625,24399.150390625,24415.91015625,35615300
2022-09-02,24616.640625,25217.900390625,24597.349609375,25162.05078125,37159600
2022-09-05,24701.580078125,24736.830078125,24367.109375,24669.2890625,29030800
2022-09-06,24683.310546875,25217.2109375,24680.16015625,24885.30078125,32409300
2022-09-07,24708.8203125,25075.650390625,24597.7890625,24996.30078125,45344100
2022-09-08,25151.060546875,25277.169921875,24696.150390625,25126.080078125,47186600
2022-09-09,25228.80078125,25766.5,25228.80078125,25700.939453125,41899500
2022-09-12,25872.640625,26300.3203125,25871.359375,26186.80078125,42876300
2022-09-13,26276.830078125,26292.369140625,25315.220703125,25317.439453125,40207000
2022-09-14,25190.279296875,25305.220703125,24678.1796875,24798.19921875,60327200
2022-09-15,24838.779296875,24910.76953125,24434.9296875,24455.08984375,43324900
2022-09-16,24205.849609375,24207.26953125,23807.080078125,23944.009765625,119856000
2022-09-19,23877.25,24065.279296875,23725.08984375,23970.330078125,25927000
2022-09-20,24073.9609375,24181.259765625,23649.23046875,23759.509765625,45796300
2022-09-21,23571.380859375,23960.6796875,23536.2109375,23908.0,33491800
2022-09-22,23530.8203125,23752.9296875,23264.720703125,23267.310546875,37106700
2022-09-23,23286.16015625,23286.16015625,22395.140625,22541.580078125,47782900
2022-09-26,22377.669921875,22789.060546875,22359.529296875,22450.369140625,34961300
2022-09-27,22639.119140625,22824.609375,22342.240234375,22342.599609375,41411700
2022-09-28,22152.66015625,22339.7890625,21615.400390625,22326.580078125,59617700
2022-09-29,22244.779296875,22244.779296875,21612.9296875,21791.029296875,47427100
2022-09-30,21910.30078125,22434.3203125,21891.900390625,22370.01953125,42343700
2022-10-03,22189.9609375,22682.9609375,21953.5703125,22670.640625,36616700
2022-10-04,22889.349609375,23499.94921875,22889.349609375,23498.80078125,39676700
2022-10-05,23401.4609375,23512.58984375,22847.05078125,22982.69921875,30948500
2022-10-06,23133.8203125,23344.509765625,22962.640625,23020.740234375,29357100
2022-10-07,22913.0390625,23051.720703125,22450.060546875,22530.9609375,24550300
2022-10-10,22378.900390625,22961.630859375,22259.640625,22476.259765625,34809800
2022-10-11,22329.69921875,22400.470703125,21928.94921875,22192.30078125,39313300
2022-10-12,22191.359375,22202.630859375,21886.869140625,21894.400390625,40743300
2022-10-13,21796.2109375,22268.220703125,21456.66015625,22225.91015625,55230200
2022-10-14,22554.900390625,22779.05078125,22318.140625,22332.630859375,44588600
2022-10-17,22351.55078125,23027.44921875,22258.650390625,22983.029296875,42180600
2022-10-18,23206.369140625,23553.26953125,23164.880859375,23248.900390625,38360600
2022-10-19,23343.689453125,23372.720703125,22931.1796875,22984.76953125,31948200
2022-10-20,22900.859375,23387.880859375,22837.380859375,23273.029296875,35496800
2022-10-21,23092.400390625,23102.8203125,22638.580078125,22918.009765625,31242800
2022-10-24,23072.400390625,23343.5390625,22893.669921875,23241.830078125,31914400
2022-10-25,23347.119140625,23807.169921875,23180.359375,23807.169921875,32989000
2022-10-26,23806.08984375,24214.44921875,23756.75,24211.779296875,30428300
2022-10-27,24190.73046875,24216.919921875,23591.759765625,23940.859375,39709500
2022-10-28,23728.029296875,23847.7109375,23550.9609375,23651.169921875,35316900
2022-10-31,23728.25,23831.060546875,23625.759765625,23678.05078125,37082200
2022-11-01,23866.150390625,24372.400390625,23866.150390625,24019.05078125,35551400
2022-11-02,24067.7890625,24090.55078125,23720.16015625,23751.119140625,41653800
2022-11-03,23554.140625,23554.140625,23005.439453125,23247.650390625,47006300
2022-11-04,23409.609375,23984.849609375,23409.609375,23811.5703125,51707900
2022-11-07,23732.130859375,24180.44921875,23705.55078125,24084.259765625,37422800
2022-11-08,24059.44921875,24499.619140625,23960.470703125,24479.599609375,32060500
2022-11-09,24388.8203125,24443.529296875,24136.41015625,24279.490234375,49242300
2022-11-10,24200.359375,25270.810546875,23959.880859375,25270.810546875,62361300
2022-11-11,25411.6796875,26081.16015625,25411.6796875,25975.0,67134300
2022-11-14,26000.109375,26413.640625,25872.41015625,26304.830078125,46478500
2022-11-15,26375.939453125,26417.330078125,25994.140625,26181.16015625,44106900
2022-11-16,26152.220703125,26205.6796875,25537.970703125,25610.9296875,37099800
2022-11-17,25672.19921875,25831.029296875,25264.75,25509.560546875,36263000
2022-11-18,25577.2109375,25790.4609375,25379.01953125,25746.01953125,32949300
2022-11-21,25674.4609375,25689.73046875,25459.869140625,25547.44921875,33669900
2022-11-22,25527.009765625,25680.330078125,25329.26953125,25619.359375,39538000
2022-11-23,25670.619140625,25705.279296875,25445.810546875,25635.91015625,33688200
2022-11-24,25654.650390625,26096.41015625,25654.650390625,26054.9296875,62423300
2022-11-25,26043.869140625,26045.7109375,25873.75,25971.44921875,26221000
2022-11-28,25858.869140625,25935.630859375,25551.400390625,25600.970703125,27102300
2022-11-29,25625.91015625,25667.140625,25325.119140625,25356.560546875,38006700
2022-11-30,25443.080078125,25626.720703125,25418.98046875,25593.23046875,62448700
2022-12-01,25780.669921875,26162.380859375,25780.669921875,25954.7109375,41742700
2022-12-02,25952.83984375,26327.390625,25810.650390625,26183.849609375,38658500
2022-12-05,26157.720703125,26212.48046875,25879.740234375,25903.44921875,28998400
2022-12-06,25794.8203125,25866.119140625,25502.94921875,25627.990234375,26766400
2022-12-07,25505.369140625,25563.2890625,25241.740234375,25263.080078125,32212700
2022-12-08,25296.23046875,25549.5703125,25230.2890625,25464.650390625,45656700
2022-12-09,25545.720703125,25707.640625,25361.490234375,25604.1796875,33924300
2022-12-12,25465.51953125,25544.16015625,25332.4609375,25487.05078125,32711300
2022-12-13,25553.9609375,26383.16015625,25386.8203125,26018.2890625,54405900
2022-12-14,25932.849609375,25959.310546875,25687.380859375,25874.83984375,51027100
2022-12-15,25702.1796875,25738.939453125,25285.890625,25288.26953125,47051300
2022-12-16,25238.30078125,25303.98046875,24856.720703125,24963.0,214625700
2022-12-19,24959.109375,25230.470703125,24907.5390625,25023.990234375,32575900
2022-12-20,24832.390625,25049.25,24657.9609375,24962.5,47115400
2022-12-21,25080.76953125,25516.330078125,25074.259765625,25486.650390625,37309200
2022-12-22,25513.5390625,25599.2109375,25053.58984375,25105.44921875,24031300
2022-12-23,25120.830078125,25380.119140625,25060.66015625,25248.109375,23483800
2022-12-27,25406.33984375,25489.30078125,25208.490234375,25285.55078125,15627300
2022-12-28,25299.400390625,25385.880859375,25167.91015625,25200.859375,19347800
2022-12-29,25155.650390625,25437.3203125,25010.359375,25437.3203125,25919400
2022-12-30,25365.19921875,25365.19921875,25115.900390625,25117.5703125,12064600
2023-01-02,25253.76953125,25521.279296875,25253.76953125,25475.529296875,23277900
2023-01-03,25425.400390625,26075.8203125,25423.859375,25917.5703125,34355100
2023-01-04,26020.41015625,26485.169921875,26020.41015625,26447.849609375,40188600
2023-01-05,26394.98046875,26719.5703125,26394.1796875,26672.140625,41809000
2023-01-06,26727.419921875,26993.01953125,26489.4609375,26970.099609375,26711100
2023-01-09,27063.029296875,27595.08984375,27048.529296875,27560.890625,37985200
2023-01-10,27414.580078125,27449.44921875,27225.009765625,27383.669921875,33474700
2023-01-11,27488.669921875,27919.169921875,27487.279296875,27777.5390625,38436200
2023-01-12,27768.94921875,28170.98046875,27655.5,28076.349609375,45350600
2023-01-13,28140.859375,28460.580078125,28123.25,28254.05078125,36167900
2023-01-16,28365.330078125,28483.849609375,28226.1796875,28456.640625,24760700
2023-01-17,28441.509765625,28745.51953125,28432.83984375,28635.939453125,34108100
2023-01-18,28716.66015625,28996.689453125,28666.119140625,28819.2890625,42349100
2023-01-19,28631.25,28662.390625,28099.44921875,28100.0703125,42551400
2023-01-20,28204.01953125,28502.240234375,28155.599609375,28476.560546875,30458800
2023-01-23,28659.330078125,28858.94921875,28609.560546875,28692.689453125,27208400
2023-01-24,28783.51953125,28867.220703125,28448.119140625,28567.0,34103400
2023-01-25,28535.16015625,28608.220703125,28344.16015625,28429.44921875,31455400
2023-01-26,28570.259765625,28902.779296875,28570.259765625,28790.400390625,38327800
2023-01-27,28849.4609375,29117.259765625,28785.91015625,29075.859375,28428700
2023-01-30,28994.220703125,28994.220703125,28603.240234375,28869.140625,32740300
2023-01-31,28776.66015625,28826.349609375,28615.080078125,28813.25,37586200
2023-02-01,28894.400390625,28975.7890625,28757.810546875,28849.880859375,34340000
2023-02-02,29014.439453125,29815.390625,29013.48046875,29808.919921875,50144800
2023-02-03,29671.630859375,29778.58984375,29447.5390625,29778.58984375,40467600
2023-02-06,29637.859375,29637.859375,29198.01953125,29321.7109375,27214200
2023-02-07,29320.73046875,29328.369140625,29034.0390625,29179.029296875,29452000
2023-02-08,29311.73046875,29536.220703125,29210.150390625,29218.640625,30712800
2023-02-09,29299.5390625,29426.849609375,29023.58984375,29036.390625,32652500
2023-02-10,28925.75,28935.669921875,28172.890625,28394.759765625,39719700
2023-02-13,28434.7109375,28561.609375,28377.58984375,28509.099609375,23496900
2023-02-14,28562.990234375,28652.599609375,28236.76953125,28331.359375,41073000
2023-02-15,28368.970703125,28687.630859375,28346.33984375,28651.029296875,33983700
2023-02-16,28786.439453125,29108.5703125,28738.2890625,29027.849609375,47307200
2023-02-17,28797.3203125,28892.01953125,28548.630859375,28857.810546875,31115100
2023-02-20,28937.939453125,29011.6796875,28746.189453125,28804.220703125,23821500
2023-02-21,28781.080078125,28888.810546875,28540.509765625,28710.279296875,29619600
2023-02-22,28583.5,28590.869140625,28225.0703125,28456.310546875,32655400
2023-02-23,28579.900390625,28836.69921875,28571.58984375,28706.490234375,29640300
2023-02-24,28748.390625,28876.919921875,28353.509765625,28424.810546875,69780400
2023-02-27,28543.970703125,28810.369140625,28543.970703125,28678.9296875,23481900
2023-02-28,28582.80078125,28711.439453125,28477.5703125,28648.130859375,35117600
2023-03-01,28763.189453125,28912.830078125,28539.19921875,28579.26953125,31126300
2023-03-02,28411.5703125,28591.4296875,28281.73046875,28447.23046875,27760100
2023-03-03,28533.73046875,28967.490234375,28533.73046875,28918.650390625,41203600
2023-03-06,28982.720703125,29172.98046875,28937.91015625,29172.98046875,41441100
2023-03-07,29117.220703125,29253.0703125,28819.75,28857.109375,35325400
2023-03-08,28756.55078125,28843.30078125,28626.140625,28811.740234375,27399800
2023-03-09,28746.140625,28746.169921875,28203.640625,28440.859375,38023500
2023-03-10,28076.609375,28132.830078125,27744.599609375,27998.630859375,32743200
2023-03-13,28013.5390625,28061.509765625,26905.5703125,27232.33984375,53389300
2023-03-14,27305.44921875,27880.080078125,27180.029296875,27779.759765625,37313900
2023-03-15,27742.779296875,27742.779296875,26715.30078125,26790.720703125,49731600
2023-03-16,27108.6796875,27308.580078125,26451.859375,27043.76953125,50697600
2023-03-17,27152.099609375,27259.400390625,26335.9296875,26446.9296875,95314400
2023-03-20,26287.349609375,26722.58984375,25722.9296875,26592.58984375,36765500
2023-03-21,26747.640625,27127.73046875,26747.640625,27018.7109375,33898200
2023-03-22,27041.390625,27047.099609375,26855.220703125,26864.76953125,36436200
2023-03-23,26788.609375,27289.009765625,26750.310546875,27263.98046875,32543800
2023-03-24,27167.080078125,27175.609375,26359.220703125,26484.150390625,45540900
2023-03-27,26761.759765625,26867.44921875,26504.970703125,26714.529296875,28985400
2023-03-28,26844.5,26995.19921875,26455.509765625,26562.419921875,47144200
2023-03-29,26679.16015625,26961.369140625,26552.130859375,26884.099609375,60920000
2023-03-30,27020.1796875,27470.66015625,27020.1796875,27458.7890625,50376800
2023-03-31,27488.880859375,27757.189453125,27368.6796875,27662.939453125,232362500
2023-04-03,27679.2109375,27693.359375,27379.330078125,27446.150390625,46302000
2023-04-04,27492.80078125,27752.23046875,27402.0703125,27420.990234375,42384100
2023-04-05,27400.359375,27426.859375,26874.470703125,26970.8203125,51240800
2023-04-06,27026.05078125,27251.720703125,27026.05078125,27198.330078125,31745100
2023-04-11,27338.740234375,27538.470703125,27323.8203125,27449.83984375,39811500
2023-04-12,27464.349609375,27724.23046875,27297.5,27340.859375,41723200
2023-04-13,27380.41015625,27619.4296875,27359.0703125,27561.5,41934800
2023-04-14,27605.380859375,27889.419921875,27605.380859375,27788.48046875,34674100
2023-04-17,27882.900390625,28081.01953125,27803.66015625,27837.58984375,29060400
2023-04-18,27913.75,28160.740234375,27913.75,27972.75,34829700
2023-04-19,27919.4609375,27937.30078125,27707.400390625,27892.990234375,38226600
2023-04-20,27845.23046875,27845.23046875,27610.369140625,27747.970703125,29359300
2023-04-21,27666.099609375,27759.259765625,27469.7890625,27742.3203125,28549500
2023-04-24,27703.609375,27939.08984375,27686.419921875,27728.76953125,40867700
2023-04-25,27678.98046875,27678.98046875,27434.900390625,27546.689453125,43117700
2023-04-26,27461.7890625,27504.140625,27139.41015625,27464.849609375,38023600
2023-04-27,27493.16015625,27685.25,27271.369140625,27608.189453125,31099600
2023-04-28,27720.580078125,27855.080078125,27404.919921875,27855.080078125,41827200
2023-05-02,27854.2109375,27913.150390625,27434.359375,27456.060546875,38023400
2023-05-03,27488.939453125,27523.359375,27240.939453125,27434.779296875,39389000
2023-05-04,27421.9296875,27448.330078125,27196.150390625,27314.08984375,45862500
2023-05-05,27419.689453125,27633.169921875,27348.119140625,27619.30078125,34141100
2023-05-08,27655.689453125,27687.859375,27492.73046875,27543.169921875,27162700
2023-05-09,27517.849609375,27517.849609375,27194.650390625,27315.080078125,34684500
2023-05-10,27306.58984375,27444.94921875,27103.51953125,27365.609375,42066900
2023-05-11,27394.869140625,27523.41015625,27184.44921875,27247.609375,36169300
2023-05-12,27310.349609375,27361.4296875,27213.990234375,27335.3203125,35791200
2023-05-15,27420.740234375,27484.2109375,27304.759765625,27386.779296875,23613000
2023-05-16,27372.7109375,27473.58984375,27244.05078125,27319.69921875,23584100
2023-05-17,27231.73046875,27432.619140625,27198.619140625,27405.779296875,36671300
2023-05-18,27526.140625,27747.390625,27466.76953125,27616.470703125,26995400
2023-05-19,27706.869140625,27851.4296875,27639.029296875,27639.029296875,28681200
2023-05-22,27629.990234375,27632.0390625,27492.240234375,27584.26953125,23805100
2023-05-23,27497.599609375,27685.66015625,27388.16015625,27388.16015625,30064500
2023-05-24,27208.740234375,27208.740234375,26724.6796875,26778.330078125,34909600
2023-05-25,26859.4609375,26935.779296875,26612.69921875,26786.369140625,49937200
2023-05-26,26833.2890625,27042.859375,26692.830078125,26991.279296875,30842000
2023-05-29,27103.560546875,27168.9609375,26901.80078125,26923.470703125,14741100
2023-05-30,26986.849609375,27138.349609375,26784.279296875,26795.41015625,31959500
2023-05-31,26630.55078125,26672.599609375,26446.0703125,26537.41015625,152496500
2023-06-01,26646.580078125,26747.810546875,26506.779296875,26746.720703125,38813500
2023-06-02,26898.740234375,27264.890625,26898.740234375,27264.890625,42337500
2023-06-05,27294.5390625,27316.890625,27038.359375,27104.830078125,31295200
2023-06-06,27015.01953125,27117.490234375,26907.69921875,27102.009765625,25280400
2023-06-07,27099.939453125,27293.73046875,27024.759765625,27140.470703125,35642200
2023-06-08,27088.279296875,27235.25,26985.759765625,27182.349609375,29311200
2023-06-09,27154.109375,27198.650390625,27041.380859375,27154.140625,29708300
2023-06-12,27244.990234375,27359.970703125,27196.25,27305.830078125,33252700
2023-06-13,27415.58984375,27524.779296875,27248.490234375,27473.140625,29965700
2023-06-14,27451.509765625,27619.41015625,27443.05078125,27557.189453125,37040000
2023-06-15,27523.060546875,27554.41015625,27079.529296875,27330.390625,30849900
2023-06-16,27386.220703125,27621.380859375,27346.830078125,27480.8203125,80120800
2023-06-19,27399.7890625,27399.7890625,27163.970703125,27183.080078125,16942300
2023-06-20,27085.619140625,27085.619140625,26677.080078125,26719.169921875,25414300
2023-06-21,26684.189453125,26700.6796875,26545.51953125,26582.44921875,21330800
2023-06-22,26447.2109375,26907.140625,26360.900390625,26898.25,20161700
2023-06-23,26804.890625,26882.41015625,26624.66015625,26789.759765625,23431700
2023-06-26,26837.98046875,26950.220703125,26650.740234375,26832.80078125,18551200
2023-06-27,26875.8203125,26971.630859375,26737.369140625,26894.23046875,20717900
2023-06-28,26967.6796875,27262.400390625,26967.6796875,27220.44921875,19706200
2023-06-29,27174.25,27230.720703125,27119.58984375,27194.330078125,16364200
2023-06-30,27225.380859375,27657.779296875,27210.109375,27610.5,22454500
2023-07-03,27684.41015625,27750.0390625,27553.740234375,27692.900390625,17542200
2023-07-04,27673.919921875,27825.55078125,27629.580078125,27822.0703125,14702500
2023-07-05,27707.560546875,27714.08984375,27380.509765625,27432.69921875,18897900
2023-07-06,27306.439453125,27306.439453125,26664.869140625,26708.439453125,28913000
2023-07-07,26721.0703125,27053.48046875,26561.900390625,27015.189453125,26141700
2023-07-10,26942.779296875,27091.150390625,26850.140625,27036.30078125,17544100
2023-07-11,27144.349609375,27395.4296875,27144.349609375,27317.66015625,17368000
2023-07-12,27371.80078125,27990.33984375,27316.470703125,27951.8203125,25793600
2023-07-13,27975.630859375,28155.75,27911.73046875,27996.279296875,22511400
2023-07-14,27921.33984375,28001.859375,27859.689453125,27860.2890625,19148700
2023-07-17,27768.529296875,27785.970703125,27590.580078125,27724.759765625,15968000
2023-07-18,27696.279296875,28106.23046875,27671.099609375,28067.939453125,16093300
2023-07-19,28165.94921875,28424.66015625,28126.08984375,28380.830078125,19374700
2023-07-20,28322.779296875,28431.599609375,28164.970703125,28231.009765625,19978800
2023-07-21,28134.560546875,28253.890625,28015.740234375,28253.08984375,19624900
2023-07-24,28164.919921875,28287.990234375,28064.69921875,28198.9609375,17461100
2023-07-25,28221.0390625,28317.16015625,28129.23046875,28297.169921875,17574900
2023-07-26,28252.23046875,28353.349609375,28074.529296875,28275.169921875,19808100
2023-07-27,28341.169921875,28873.580078125,28341.169921875,28780.0,24621800
2023-07-28,28684.119140625,28745.05078125,28338.279296875,28706.19921875,24983800
2023-07-31,28658.4296875,28889.939453125,28600.51953125,28837.05078125,23438900
2023-08-01,28786.83984375,28793.30078125,28571.23046875,28571.23046875,18686700
2023-08-02,28348.150390625,28348.150390625,28004.48046875,28044.80078125,71446000
2023-08-03,27938.08984375,27979.3203125,27742.880859375,27936.099609375,76226900
2023-08-04,27943.5,28108.23046875,27783.83984375,28087.880859375,36334900
2023-08-07,28013.1796875,28256.400390625,27923.9609375,28027.25,25526800
2023-08-08,27906.7109375,28031.2109375,27872.5,27911.390625,28535300
2023-08-09,28069.98046875,28335.779296875,27985.669921875,28026.16015625,23165200
2023-08-10,28106.380859375,28458.640625,28106.380859375,28334.220703125,25403000
2023-08-11,28225.83984375,28294.099609375,28059.220703125,28084.25,17877200
2023-08-14,28022.55078125,28172.2109375,27876.0703125,28017.23046875,18318800
2023-08-15,28061.509765625,28095.5390625,27727.69921875,27786.2890625,19718900
2023-08-16,27690.98046875,27857.009765625,27622.75,27816.259765625,20408800
2023-08-17,27698.560546875,27704.44921875,27483.349609375,27518.509765625,18787200
2023-08-18,27414.7109375,27414.7109375,27001.880859375,27153.23046875,21025200
2023-08-21,27137.419921875,27251.76953125,27006.310546875,27011.94921875,16220400
2023-08-22,27112.759765625,27342.9609375,27112.759765625,27239.599609375,15777400
2023-08-23,27293.080078125,27354.419921875,27145.80078125,27304.109375,15690900
2023-08-24,27431.1796875,27625.380859375,27073.76953125,27105.060546875,16865600
2023-08-25,27018.7109375,27180.69921875,26971.44921875,26999.470703125,16074300
2023-08-28,27130.5703125,27327.26953125,27120.9609375,27287.4609375,12327300
2023-08-29,27383.98046875,27690.509765625,27374.240234375,27664.9296875,18261600
2023-08-30,27669.880859375,27678.98046875,27450.94921875,27520.30078125,19002200
2023-08-31,27550.439453125,27972.3203125,27550.439453125,27818.98046875,35322300
2023-09-01,27805.3203125,27904.390625,27635.419921875,27812.9296875,20874000
2023-09-04,27837.25,28041.7890625,27834.119140625,27852.349609375,14977000
2023-09-05,27807.650390625,27823.7890625,27636.30078125,27666.58984375,15393300
2023-09-06,27551.98046875,27583.94921875,27408.66015625,27437.259765625,21360500
2023-09-07,27329.9609375,27407.0390625,27037.419921875,27160.830078125,20535800
2023-09-08,27239.439453125,27283.560546875,26897.7109375,27060.640625,20331400
2023-09-11,27118.029296875,27256.849609375,27115.05078125,27204.490234375,19977400
2023-09-12,27212.900390625,27287.130859375,26958.83984375,27089.869140625,21846900
2023-09-13,27001.19921875,27105.80078125,26880.349609375,27055.94921875,32978900
2023-09-14,27090.099609375,27360.099609375,26862.7109375,27326.0,29380600
2023-09-15,27485.0390625,27646.44921875,27316.05078125,27316.05078125,64056000
2023-09-18,27285.919921875,27335.48046875,26877.619140625,26915.099609375,22278600
2023-09-19,26862.98046875,27004.66015625,26815.1796875,26904.25,22529000
2023-09-20,26954.119140625,27353.01953125,26952.330078125,27184.189453125,23457600
2023-09-21,27039.80078125,27040.009765625,26575.4296875,26575.4296875,25655400
2023-09-22,26459.189453125,26625.009765625,26424.810546875,26536.25,22026100
2023-09-25,26471.69921875,26500.4296875,26002.16015625,26129.859375,30072800
2023-09-26,26030.4296875,26030.4296875,25675.7890625,25676.1796875,25802300
2023-09-27,25645.349609375,25784.66015625,25601.4609375,25628.75,21889900
2023-09-28,25624.0390625,25718.4296875,25435.140625,25718.4296875,28406500
2023-09-29,25862.30078125,26354.16015625,25858.779296875,26075.109375,30071500
2023-10-02,26161.169921875,26324.9609375,25676.44921875,25773.4296875,22545400
2023-10-03,25638.9609375,25700.9609375,25282.400390625,25296.859375,23891200
2023-10-04,25139.810546875,25418.66015625,24944.859375,25281.130859375,25763200
2023-10-05,25354.130859375,25468.119140625,25154.310546875,25172.94921875,23506300
2023-10-06,25208.529296875,25453.220703125,25011.529296875,25403.140625,22139300
2023-10-09,25288.689453125,25403.369140625,25161.359375,25230.58984375,22454000
2023-10-10,25362.9296875,25828.689453125,25362.9296875,25795.41015625,22067200
2023-10-11,25744.029296875,25778.80078125,25386.349609375,25461.759765625,23172600
2023-10-12,25591.509765625,25744.83984375,25290.9609375,25290.9609375,20358600
2023-10-13,25228.169921875,25304.470703125,24934.869140625,24956.390625,21931100
2023-10-16,24981.9296875,25112.580078125,24821.720703125,25019.400390625,17663900
2023-10-17,24961.779296875,25103.060546875,24685.310546875,24976.80078125,17704200
2023-10-18,24927.669921875,24995.849609375,24659.080078125,24702.330078125,25178700
2023-10-19,24591.369140625,24723.98046875,24419.390625,24437.240234375,21932800
2023-10-20,24285.5703125,24285.5703125,24048.470703125,24065.650390625,29504500
2023-10-23,24066.7109375,24101.580078125,23712.25,24079.619140625,22193300
2023-10-24,24133.19921875,24505.26953125,24126.3203125,24423.490234375,21739600
2023-10-25,24435.439453125,24448.98046875,23918.599609375,24023.310546875,25629800
2023-10-26,23890.75,23959.009765625,23626.970703125,23796.75,29571300
2023-10-27,23824.619140625,23915.75,23712.8203125,23772.01953125,23975500
2023-10-30,23873.5,24042.669921875,23817.830078125,23844.33984375,17612300
2023-10-31,23860.4296875,24133.6796875,23860.4296875,24040.189453125,24512000
2023-11-01,24133.119140625,24137.669921875,23819.2890625,24059.0390625,22988500
2023-11-02,24261.94921875,24936.259765625,24261.94921875,24729.990234375,34880000
2023-11-03,24819.240234375,25369.009765625,24819.240234375,25136.98046875,32178400
2023-11-06,25245.0703125,25303.189453125,24892.599609375,24908.6796875,27490200
2023-11-07,24799.689453125,25165.5703125,24762.740234375,25107.609375,117981500
2023-11-08,25092.66015625,25501.419921875,25079.9296875,25391.119140625,65241000
2023-11-09,25399.919921875,25877.0390625,25399.919921875,25819.66015625,37856600
2023-11-10,25647.5703125,25659.009765625,25172.259765625,25290.8203125,44320700
2023-11-13,25363.740234375,25440.169921875,25278.140625,25409.630859375,28431100
2023-11-14,25417.41015625,26259.16015625,25417.41015625,26245.400390625,43750200
2023-11-15,26288.439453125,26650.44921875,26273.880859375,26454.599609375,35193000
2023-11-16,26396.330078125,26415.439453125,25968.5,25968.5,39158200
2023-11-17,26016.400390625,26492.2109375,26016.400390625,26283.890625,30989900
2023-11-20,26303.30078125,26448.6796875,26260.919921875,26394.859375,24579300
2023-11-21,26386.109375,26457.41015625,25927.310546875,25948.01953125,31511500
2023-11-22,25957.73046875,26177.029296875,25957.73046875,26135.94921875,34781800
2023-11-23,26114.55078125,26139.759765625,25973.33984375,26101.25,22065000
2023-11-24,26071.119140625,26235.880859375,25990.779296875,26214.44921875,16861300
2023-11-27,26187.5703125,26337.529296875,26098.7890625,26114.01953125,23097800
2023-11-28,26051.2109375,26051.400390625,25888.919921875,26007.220703125,25731700
2023-11-29,26002.7890625,26352.119140625,26002.7890625,26313.98046875,29684100
2023-11-30,26345.91015625,26368.310546875,26141.990234375,26183.419921875,178605400
2023-12-01,26254.759765625,26494.080078125,26197.30078125,26492.490234375,30076400
2023-12-04,26492.619140625,26745.150390625,26326.599609375,26370.25,27813800
2023-12-05,26338.369140625,26522.16015625,26295.099609375,26491.44921875,24063400
2023-12-06,26538.9609375,26803.6796875,26492.189453125,26737.580078125,28831800
2023-12-07,26653.720703125,26653.720703125,26275.939453125,26534.939453125,38630300
2023-12-08,26545.41015625,26758.640625,26504.4296875,26691.2890625,26262500
2023-12-11,26641.859375,26656.580078125,26532.330078125,26622.25,25280400
2023-12-12,26655.939453125,26844.279296875,26493.130859375,26582.80078125,30560100
2023-12-13,26532.19921875,26695.400390625,26380.650390625,26427.650390625,30058800
2023-12-14,26774.6796875,27313.75,26774.6796875,27198.240234375,44610000
2023-12-15,27274.400390625,27371.220703125,27075.3203125,27133.80078125,60115400
2023-12-18,26983.150390625,27077.48046875,26833.919921875,26904.30078125,26156100
2023-12-19,26925.73046875,27159.220703125,26925.73046875,27156.94921875,25300900
2023-12-20,27196.2890625,27363.900390625,27023.609375,27353.01953125,30951900
2023-12-21,27169.0,27317.01953125,27059.759765625,27219.7109375,22454600
2023-12-22,27128.4296875,27128.640625,26865.689453125,26943.599609375,19795500
2023-12-27,27015.33984375,27201.73046875,27015.33984375,27157.630859375,24604300
2023-12-28,27192.810546875,27231.0703125,26991.1796875,27064.91015625,17851600
2023-12-29,27084.099609375,27142.390625,27061.509765625,27137.30078125,12816800
2024-01-02,27190.58984375,27272.390625,26813.0,26838.33984375,27956800
2024-01-03,26747.80078125,26822.810546875,26157.689453125,26252.130859375,31282200
2024-01-04,26214.580078125,26282.859375,25853.380859375,26109.359375,33215500
2024-01-05,26001.25,26123.529296875,25701.580078125,26057.6796875,34352200
2024-01-08,26046.859375,26342.919921875,25712.94921875,26316.349609375,25841700
2024-01-09,26421.720703125,26454.98046875,26211.55078125,26323.900390625,23507500
2024-01-10,26288.669921875,26333.41015625,26169.939453125,26247.689453125,25075200
2024-01-11,26310.76953125,26492.419921875,26069.94921875,26069.94921875,29156600
2024-01-12,26131.990234375,26504.44921875,26131.990234375,26296.91015625,32967000
2024-01-15,26279.94921875,26298.859375,25965.3203125,25987.689453125,31571400
2024-01-16,25841.939453125,25841.939453125,25493.2109375,25698.01953125,37461500
2024-01-17,25477.05078125,25482.240234375,25075.7890625,25250.060546875,31703500
2024-01-18,25334.560546875,25584.400390625,25234.1796875,25552.880859375,27761200
2024-01-19,25641.400390625,25755.3203125,25384.490234375,25432.05078125,24514600
2024-01-22,25545.859375,25811.83984375,25545.859375,25748.16015625,25522900
2024-01-23,25814.66015625,25971.0,25700.220703125,25839.05078125,32358100
2024-01-24,26055.830078125,26213.05078125,26038.76953125,26141.2890625,48689700
2024-01-25,26087.73046875,26134.640625,25873.900390625,26075.580078125,22623700
2024-01-26,26089.4609375,26244.630859375,25878.220703125,26174.5703125,18236100
2024-01-29,26090.4296875,26146.220703125,25874.490234375,26101.779296875,18337500
2024-01-30,26207.5703125,26255.380859375,25953.689453125,26012.330078125,17911300
2024-01-31,25958.099609375,26022.9609375,25876.439453125,25959.0,22473800
2024-02-01,25878.1796875,26109.4296875,25772.3203125,25902.900390625,22740000
2024-02-02,26053.73046875,26196.19921875,25651.30078125,25651.30078125,30830500
2024-02-05,25670.830078125,25808.7890625,25539.740234375,25588.30078125,30399000
2024-02-06,25637.109375,25837.890625,25494.439453125,25820.640625,24861400
2024-02-07,25823.359375,25932.69921875,25708.380859375,25711.390625,31987200
2024-02-08,25725.220703125,25881.7109375,25714.9609375,25785.98046875,24978900
2024-02-09,25782.6796875,25874.94921875,25707.439453125,25728.83984375,21478500
2024-02-12,25797.9296875,26106.380859375,25797.9296875,26095.33984375,20136000
2024-02-13,26038.140625,26053.359375,25562.91015625,25724.509765625,26235700
2024-02-14,25738.41015625,26116.720703125,25723.419921875,26050.0703125,37228200
2024-02-15,26161.609375,26341.400390625,26018.5,26057.189453125,30517000
2024-02-16,26178.9296875,26303.109375,26051.76953125,26148.080078125,28874900
2024-02-19,26069.689453125,26069.689453125,25897.439453125,26014.169921875,19245600
2024-02-20,25924.08984375,26033.76953125,25678.0390625,25758.310546875,21795800
2024-02-21,25742.0390625,25853.08984375,25629.849609375,25714.19921875,19875600
2024-02-22,25873.830078125,26219.869140625,25832.640625,26099.759765625,30150700
2024-02-23,26121.650390625,26154.810546875,25879.830078125,25999.48046875,27601700
2024-02-26,25950.3203125,25971.2890625,25784.529296875,25785.7890625,26093200
2024-02-27,25763.640625,25980.189453125,25739.51953125,25964.8203125,27760200
2024-02-28,25979.75,25979.75,25718.5703125,25885.75,27469800
2024-02-29,25899.69921875,25972.779296875,25774.3203125,25824.650390625,65872500
2024-03-01,25934.7890625,26123.7890625,25872.7109375,26120.640625,27483400
2024-03-04,26149.5703125,26209.33984375,25932.859375,25987.369140625,24304000
2024-03-05,25889.3203125,26086.859375,25847.060546875,25995.470703125,26548500
2024-03-06,25974.0390625,26163.970703125,25955.970703125,26159.91015625,30123700
2024-03-07,26081.3203125,26299.859375,25939.529296875,26167.609375,38764600
2024-03-08,26162.310546875,26207.0,25900.529296875,25983.6796875,53547300
2024-03-11,25836.470703125,26043.08984375,25794.05078125,26036.33984375,38141200
2024-03-12,26112.109375,26416.83984375,26105.26953125,26408.2890625,33608200
2024-03-13,26480.890625,26504.810546875,26278.720703125,26352.470703125,28788600
2024-03-14,26353.0,26505.08984375,26193.8203125,26261.599609375,41261900
2024-03-15,26253.0390625,26315.439453125,26055.7109375,26064.140625,97841500
2024-03-18,26080.369140625,26296.23046875,26076.26953125,26136.349609375,31178100
2024-03-19,26137.630859375,26264.240234375,26020.759765625,26245.890625,25802500
2024-03-20,26243.830078125,26311.900390625,26062.919921875,26264.30078125,23960300
2024-03-21,26274.150390625,26647.66015625,26274.150390625,26473.05078125,29929600
2024-03-22,26471.609375,26687.51953125,26376.73046875,26622.830078125,34303200
2024-03-25,26621.599609375,26685.3203125,26470.720703125,26666.9609375,25396800
2024-03-26,26665.26953125,26875.919921875,26640.650390625,26871.419921875,28560900
2024-03-27,26869.6796875,27096.810546875,26813.330078125,27091.94921875,46876500
2024-03-28,27092.119140625,27156.640625,26928.529296875,27043.0390625,32507500
2024-04-02,27043.859375,27255.98046875,26761.7890625,26776.41015625,33953900
2024-04-03,26772.98046875,27066.349609375,26626.330078125,27057.48046875,26075700
2024-04-04,27054.470703125,27286.23046875,26993.48046875,27267.7109375,26095300
2024-04-05,27257.76953125,27257.76953125,26850.720703125,26915.130859375,32115500
2024-04-08,26910.779296875,27160.9296875,26910.779296875,27136.6796875,24129400
2024-04-09,27131.439453125,27217.990234375,26983.7890625,26992.470703125,28455500
2024-04-10,26996.9296875,27246.009765625,26719.66015625,26939.9609375,38853600
2024-04-11,26937.029296875,26937.029296875,26597.0,26703.1796875,40749700
2024-04-12,26719.41015625,27083.279296875,26537.16015625,26576.830078125,36723600
2024-04-15,26573.900390625,26831.75,26410.890625,26447.140625,41506200
2024-04-16,26441.890625,26441.890625,25937.279296875,25973.849609375,42014500
2024-04-17,25973.83984375,26106.01953125,25855.310546875,25926.740234375,27655100
2024-04-18,25927.7890625,26264.720703125,25927.7890625,26189.439453125,30729600
2024-04-19,26184.1796875,26184.1796875,25825.30078125,25989.859375,26934900
2024-04-22,25990.9296875,26389.859375,25990.55078125,26289.73046875,22187300
2024-04-23,26292.310546875,26685.130859375,26292.310546875,26625.01953125,25972500
2024-04-24,26631.650390625,26748.94921875,26318.94921875,26346.0703125,42355200
2024-04-25,26348.619140625,26368.060546875,25979.080078125,26043.1796875,32394600
2024-04-26,26075.7109375,26325.25,26071.919921875,26175.48046875,42675600
2024-04-29,26179.30078125,26356.970703125,26179.30078125,26344.5,33392900
2024-04-30,26343.689453125,26440.080078125,26253.599609375,26264.390625,33672100
2024-05-02,26266.25,26425.73046875,26172.8203125,26252.41015625,32277700
2024-05-03,26259.330078125,26613.080078125,26259.330078125,26300.8203125,31400100
2024-05-06,26307.2890625,26637.310546875,26307.2890625,26567.439453125,20818900
2024-05-07,26567.279296875,26661.390625,26466.55078125,26561.470703125,36653600
2024-05-08,26560.439453125,26823.94921875,26514.98046875,26695.330078125,33981000
2024-05-09,26692.609375,26753.900390625,26614.359375,26708.900390625,18985700
2024-05-10,26709.25,26892.810546875,26709.25,26743.869140625,27569700
2024-05-13,26742.810546875,26856.470703125,26697.640625,26823.939453125,24122000
2024-05-14,26827.970703125,27270.119140625,26825.890625,27219.150390625,35545300
2024-05-15,27222.6796875,27556.7109375,27170.01953125,27451.380859375,38362900
2024-05-16,27451.650390625,27641.560546875,27449.55078125,27508.470703125,31537000
2024-05-17,27507.140625,27507.140625,27339.0390625,27441.23046875,24207400
2024-05-20,27446.779296875,27587.189453125,27419.390625,27482.05078125,17911100
2024-05-21,27472.099609375,27472.099609375,27088.05078125,27172.359375,28053100
2024-05-22,27174.119140625,27186.009765625,27007.259765625,27146.099609375,23859800
2024-05-23,27146.880859375,27356.5,27133.669921875,27193.849609375,23867000
2024-05-24,27162.619140625,27186.83984375,26958.130859375,27124.240234375,21394400
2024-05-27,27123.30078125,27295.830078125,27118.630859375,27281.48046875,13536900
2024-05-28,27299.08984375,27476.189453125,27103.0703125,27134.66015625,24585900
2024-05-29,27134.66015625,27141.30078125,26575.849609375,26589.150390625,36210800
2024-05-30,26586.0,26829.5390625,26475.01953125,26805.4296875,21623100
2024-05-31,26803.58984375,26803.58984375,26580.060546875,26716.80078125,45556100
2024-06-03,26729.19921875,26994.26953125,26729.19921875,26963.490234375,28453200
2024-06-04,26963.490234375,26963.490234375,26617.970703125,26779.990234375,28372700
2024-06-05,26784.5390625,26980.619140625,26780.009765625,26965.720703125,22810200
2024-06-06,26966.509765625,27222.919921875,26952.6796875,27027.80078125,24124500
2024-06-07,27028.26953125,27042.9296875,26690.279296875,26861.0703125,29290000
2024-06-10,26861.4296875,26861.4296875,26581.560546875,26741.0703125,24941700
2024-06-11,26743.41015625,26807.5390625,26436.349609375,26457.330078125,26965000
2024-06-12,26461.779296875,26810.849609375,26378.5390625,26772.919921875,25762100
2024-06-13,26774.6796875,26774.6796875,26075.109375,26075.109375,43011500
2024-06-14,26080.150390625,26149.5,25583.73046875,25719.4296875,31669700
2024-06-17,25718.529296875,25843.5390625,25349.51953125,25483.509765625,25323800
2024-06-18,25486.669921875,25707.30078125,25486.669921875,25589.9296875,26816000
2024-06-19,25581.66015625,25581.66015625,25445.849609375,25471.75,19997000
2024-06-20,25472.259765625,25738.849609375,25441.5703125,25715.759765625,31772000
2024-06-21,25710.2890625,25716.9296875,25248.529296875,25296.1796875,57463500
2024-06-24,25298.66015625,25719.810546875,25281.2890625,25703.640625,26912700
2024-06-25,25704.009765625,25704.009765625,25356.869140625,25467.359375,27448500
2024-06-26,25474.599609375,25666.7890625,25226.69921875,25335.919921875,31937700
2024-06-27,25337.5703125,25445.4296875,25316.279296875,25373.890625,26765300
2024-06-28,25376.599609375,25422.169921875,25164.23046875,25176.060546875,30985700
2024-07-01,25181.240234375,25540.91015625,25181.240234375,25244.650390625,26340500
2024-07-02,25243.029296875,25243.029296875,24942.650390625,25125.83984375,33959100
2024-07-03,25128.900390625,25449.1796875,25128.900390625,25395.26953125,34757100
2024-07-04,25395.26953125,25608.1796875,25395.26953125,25538.5703125,27099200
2024-07-05,25541.259765625,25893.2109375,25541.259765625,25728.130859375,29640900
2024-07-08,25726.33984375,25746.240234375,25487.859375,25545.970703125,31215300
2024-07-09,25541.48046875,25543.869140625,25183.1796875,25252.1796875,27156600
2024-07-10,25253.4296875,25640.490234375,25253.4296875,25613.880859375,30589400
2024-07-11,25613.58984375,25766.939453125,25462.689453125,25748.189453125,34079400
2024-07-12,25752.869140625,25955.740234375,25665.8203125,25904.220703125,34501300
2024-07-15,25898.599609375,25898.599609375,25589.390625,25688.25,23953200
2024-07-16,25685.529296875,25685.529296875,25379.05078125,25576.740234375,27673100
2024-07-17,25574.939453125,25665.1796875,25399.009765625,25531.970703125,31812700
2024-07-18,25533.529296875,25773.8203125,25533.529296875,25587.439453125,27668600
2024-07-19,25586.4609375,25586.4609375,25306.150390625,25343.4296875,33191900
2024-07-22,25369.5,25588.5703125,25368.619140625,25418.279296875,30523200
2024-07-23,25480.4609375,25489.720703125,25240.5390625,25298.470703125,26475100
2024-07-24,25203.720703125,25293.5,25052.689453125,25059.419921875,23026300
2024-07-25,24943.6796875,25012.2109375,24665.490234375,24951.140625,29745000
2024-07-26,24943.8203125,25186.3203125,24893.91015625,25116.619140625,26506400
2024-07-29,25197.609375,25292.4296875,25038.98046875,25097.859375,21713200
2024-07-30,25109.369140625,25395.330078125,25093.919921875,25306.83984375,21477300
2024-07-31,25371.5,25658.58984375,25361.0703125,25373.119140625,26737300
2024-08-01,25311.9609375,25391.720703125,24996.0390625,25001.779296875,27708800
2024-08-02,24756.189453125,24757.810546875,24404.7109375,24464.060546875,34201700
2024-08-05,24302.25,24302.25,23476.099609375,23964.390625,41923600
2024-08-06,24087.7890625,24313.7890625,23806.33984375,24080.169921875,26043400
2024-08-07,24190.80078125,24340.359375,24070.30078125,24233.380859375,36559900
2024-08-08,24145.9296875,24155.140625,23812.8203125,24106.619140625,24623800
2024-08-09,24151.029296875,24497.41015625,24149.349609375,24249.83984375,22750100
2024-08-12,24293.279296875,24418.41015625,24137.849609375,24152.880859375,17943500
2024-08-13,24193.609375,24352.640625,24052.240234375,24321.69921875,31847200
2024-08-14,24412.01953125,24616.859375,24408.580078125,24528.2890625,32090300
2024-08-15,24606.970703125,24849.849609375,24528.6796875,24786.619140625,26772400
2024-08-16,24832.689453125,24956.259765625,24721.490234375,24812.1796875,24112500
2024-08-19,24819.580078125,25019.4609375,24814.740234375,24955.080078125,20412100
2024-08-20,24991.099609375,25043.640625,24754.220703125,24769.2109375,18096100
2024-08-21,24741.740234375,24974.849609375,24739.08984375,24915.8203125,16707800
2024-08-22,24878.16015625,25112.640625,24868.41015625,24967.009765625,16187100
2024-08-23,24988.98046875,25216.140625,24975.9609375,25196.580078125,19452200
2024-08-26,25168.310546875,25215.5703125,25096.009765625,25174.140625,12520200
2024-08-27,25189.0,25327.880859375,25178.619140625,25281.220703125,22576000
2024-08-28,25307.66015625,25361.400390625,25202.0390625,25213.80078125,23831000
2024-08-29,25215.279296875,25529.41015625,25212.849609375,25508.740234375,22012400
2024-08-30,25502.4609375,25743.76953125,25500.4296875,25703.439453125,30796900
2024-09-02,25698.8203125,25711.779296875,25414.33984375,25642.2890625,18285100
2024-09-03,25627.0703125,25744.349609375,25284.08984375,25405.4609375,23736400
2024-09-04,25148.3203125,25320.0390625,25033.830078125,25296.830078125,23807800
2024-09-05,25193.380859375,25498.9296875,25169.7109375,25357.970703125,28103200
2024-09-06,25323.7109375,25394.560546875,25018.33984375,25046.51953125,26437100
2024-09-09,25100.4296875,25282.4296875,25100.4296875,25201.259765625,18547500
2024-09-10,25207.369140625,25344.599609375,25050.150390625,25199.0,32070300
2024-09-11,25239.990234375,25427.4296875,25044.830078125,25105.73046875,28426900
2024-09-12,25301.859375,25498.189453125,25113.0703125,25233.2109375,29675400
2024-09-13,25240.900390625,25660.19921875,25238.880859375,25550.66015625,24536800
2024-09-16,25527.970703125,25527.970703125,25360.390625,25412.150390625,16838600
2024-09-17,25482.0390625,25899.66015625,25477.55078125,25781.189453125,30872500
2024-09-18,25786.08984375,25886.25,25702.220703125,25790.130859375,22712800
2024-09-19,25996.51953125,26368.4296875,25994.580078125,26265.939453125,38184600
2024-09-20,26177.66015625,26180.349609375,25830.640625,25843.26953125,69567900
2024-09-23,25879.720703125,26110.609375,25744.279296875,25996.060546875,20980400
2024-09-24,26112.83984375,26269.05078125,26024.08984375,26083.75,25995800
2024-09-25,26038.30078125,26342.189453125,26027.66015625,26317.30078125,24604700
2024-09-26,26532.490234375,26947.130859375,26532.490234375,26797.029296875,34647500
2024-09-27,26801.150390625,27222.349609375,26801.150390625,27210.140625,32655600
2024-09-30,27134.75,27236.169921875,26849.0,26853.740234375,31238800
2024-10-01,26969.109375,27220.740234375,26739.759765625,26837.25,40487100
2024-10-02,26773.080078125,26877.130859375,26636.4296875,26773.0390625,35752000
2024-10-03,26700.55078125,26770.55078125,26511.509765625,26576.029296875,19662800
2024-10-04,26555.609375,26915.599609375,26522.9609375,26850.009765625,20161400
2024-10-07,26948.19921875,26976.029296875,26616.240234375,26740.1796875,22430100
2024-10-08,26612.330078125,26673.7890625,26488.48046875,26624.51953125,22166500
2024-10-09,26670.380859375,26951.30078125,26670.380859375,26938.259765625,18185100
2024-10-10,26918.75,26955.33984375,26659.16015625,26745.7890625,20508100
2024-10-11,26749.970703125,26897.4609375,26714.98046875,26838.5,16094000
2024-10-14,26828.759765625,26909.169921875,26776.029296875,26894.349609375,18430000
2024-10-15,26951.619140625,27013.359375,26832.2890625,26935.0,29075100
2024-10-16,26860.689453125,27069.060546875,26808.0390625,27055.76953125,23139500
2024-10-17,27107.26953125,27215.5703125,27032.830078125,27152.9296875,21840600
2024-10-18,27169.419921875,27359.33984375,27162.1796875,27336.33984375,26807200
2024-10-21,27324.48046875,27474.5703125,27126.16015625,27152.76953125,20964300
2024-10-22,27138.080078125,27167.470703125,26926.599609375,27087.099609375,22519800
2024-10-23,27075.76953125,27244.01953125,27020.33984375,27022.060546875,22788500
2024-10-24,27037.2109375,27311.189453125,27031.650390625,27142.169921875,22955100
2024-10-25,27130.01953125,27298.580078125,27097.94921875,27259.560546875,23298300
2024-10-28,27361.990234375,27455.69921875,27248.529296875,27336.970703125,27404900
2024-10-29,27323.83984375,27371.349609375,26999.509765625,27060.919921875,28974100
2024-10-30,26981.5,27052.7890625,26630.859375,26630.859375,26196300
2024-10-31,26492.599609375,26544.880859375,26237.05078125,26326.83984375,26088200
2024-11-01,26356.01953125,26592.150390625,26336.109375,26514.01953125,21886800
2024-11-04,26488.0390625,26661.580078125,26410.189453125,26417.990234375,21304400
2024-11-05,26406.359375,26608.720703125,26396.5703125,26566.720703125,24078100
2024-11-06,26614.029296875,26912.630859375,26299.859375,26338.009765625,38759900
2024-11-07,26379.060546875,26718.880859375,26364.740234375,26529.400390625,31227000
2024-11-08,26588.0,26674.630859375,26445.880859375,26590.849609375,25528100
2024-11-11,26742.189453125,27163.23046875,26742.189453125,26997.19921875,18822800
2024-11-12,26847.330078125,26847.330078125,26427.1796875,26450.619140625,25646800
2024-11-13,26412.44921875,26497.919921875,26135.0703125,26239.669921875,24464300
2024-11-14,26248.529296875,26475.419921875,26152.8203125,26474.41015625,20435500
2024-11-15,26374.330078125,26598.0,26316.19921875,26411.0703125,22547800
2024-11-18,26432.060546875,26529.25,26126.25,26195.1796875,19071200
2024-11-19,26219.23046875,26356.9296875,25837.060546875,26098.7890625,32163200
2024-11-20,26230.91015625,26310.08984375,25997.890625,26002.5703125,18854300
2024-11-21,26002.66015625,26038.7109375,25720.25,25868.26953125,21820800
2024-11-22,25951.5390625,26220.509765625,25843.140625,26180.19921875,20516800
2024-11-25,26303.69921875,26501.55078125,26232.509765625,26469.470703125,38661100
2024-11-26,26351.44921875,26404.19921875,26181.0390625,26210.759765625,19778700
2024-11-27,26196.2109375,26308.55078125,26104.1796875,26186.91015625,21248000
2024-11-28,26241.259765625,26380.919921875,26224.69921875,26225.8203125,18923500
2024-11-29,26219.970703125,26320.470703125,26146.2109375,26320.470703125,16428200
2024-12-02,26315.150390625,26328.220703125,26114.919921875,26302.939453125,23464200
2024-12-03,26320.609375,26479.439453125,26314.599609375,26450.55078125,25717000
2024-12-04,26515.2890625,26824.060546875,26515.2890625,26821.5390625,25983300
2024-12-05,26824.259765625,27159.58984375,26817.849609375,27132.80078125,38188000
2024-12-06,27142.76953125,27317.6796875,27134.490234375,27310.859375,26800100
2024-12-09,27379.259765625,27406.08984375,27056.419921875,27099.599609375,29651000
2024-12-10,26982.44921875,26997.390625,26823.76953125,26855.369140625,26685200
2024-12-11,26835.880859375,26989.0390625,26707.580078125,26929.05078125,37292400
2024-12-12,26970.560546875,27039.359375,26781.880859375,26812.990234375,29196000
2024-12-13,26793.8203125,26862.69921875,26526.330078125,26527.689453125,26177500
2024-12-16,26479.30078125,26503.140625,26105.830078125,26186.099609375,22084300
2024-12-17,26101.0390625,26145.099609375,25937.779296875,25939.890625,24201100
2024-12-18,25968.75,25982.939453125,25847.509765625,25847.509765625,25357000
2024-12-19,25579.5,25649.94921875,25392.30078125,25428.359375,29299200
2024-12-20,25279.94921875,25575.66015625,25102.259765625,25549.76953125,48408700
2024-12-23,25528.23046875,25705.25,25429.4296875,25705.25,25168000
2024-12-27,25689.779296875,25783.75,25542.560546875,25705.130859375,20857600
2024-12-30,25619.220703125,25655.619140625,25527.1796875,25589.060546875,12684700
2025-01-02,25610.109375,25762.720703125,25576.830078125,25718.849609375,19563000
2025-01-03,25716.5703125,25748.30078125,25481.919921875,25500.400390625,21204700
2025-01-06,25563.099609375,25859.810546875,25547.869140625,25699.76953125,31353400
2025-01-07,25738.1796875,25917.189453125,25691.330078125,25810.16015625,26507600
2025-01-08,25816.349609375,25909.76953125,25490.9609375,25574.849609375,28149700
2025-01-09,25526.7109375,25662.439453125,25512.349609375,25581.26953125,30907100
2025-01-10,25579.25,25616.51953125,25322.08984375,25371.220703125,30796000
2025-01-13,25308.009765625,25315.900390625,24989.869140625,25042.099609375,25073000
2025-01-14,25136.4609375,25456.109375,25136.4609375,25167.490234375,31487600
2025-01-15,25236.51953125,25624.359375,25236.51953125,25564.58984375,27233800
2025-01-16,25661.009765625,25747.119140625,25381.880859375,25511.380859375,22595500
2025-01-17,25583.490234375,25844.359375,25583.25,25834.720703125,21852000
2025-01-20,25852.83984375,26045.650390625,25728.189453125,26001.9609375,20453200
2025-01-21,25944.76953125,26035.08984375,25878.509765625,25972.669921875,20049900
2025-01-22,26010.08984375,26097.19921875,25952.349609375,26055.919921875,25090400
2025-01-23,26060.259765625,26061.119140625,25868.439453125,25951.240234375,33066900
2025-01-24,26068.640625,26284.490234375,26017.169921875,26108.4609375,31370000
2025-01-27,25998.0390625,26182.580078125,25839.560546875,26104.099609375,28896700
2025-01-28,26102.080078125,26320.640625,26037.380859375,26255.400390625,27407800
2025-01-29,26333.619140625,26432.029296875,26208.060546875,26213.8203125,24516200
2025-01-30,26268.919921875,26732.509765625,26262.599609375,26732.509765625,25658600
2025-01-31,26762.599609375,26835.8203125,26692.9296875,26730.939453125,23895500
2025-02-03,26192.939453125,26410.990234375,26014.2109375,26388.150390625,31195600
2025-02-04,26417.740234375,26519.669921875,26186.650390625,26420.990234375,23623300
2025-02-05,26383.8203125,26648.25,26269.689453125,26648.25,22379200
2025-02-06,26748.439453125,27060.05078125,26725.240234375,27059.349609375,35581100
2025-02-07,27076.119140625,27222.990234375,26934.75,26974.150390625,35126300
2025-02-10,27018.080078125,27310.23046875,26987.5,27283.94921875,23325900
2025-02-11,27266.05078125,27281.41015625,27119.009765625,27246.060546875,48764500
2025-02-12,27306.33984375,27414.080078125,27099.359375,27187.80078125,42580200
2025-02-13,27342.2109375,27770.640625,27342.2109375,27760.529296875,49714000
2025-02-14,27753.58984375,27794.130859375,27621.91015625,27659.83984375,34624000
2025-02-17,27644.9609375,28189.23046875,27596.48046875,28154.740234375,42290000
2025-02-18,28190.55078125,28505.529296875,28032.279296875,28306.849609375,44974500
2025-02-19,28300.91015625,28317.80078125,27530.9609375,27584.25,51536000
2025-02-20,27700.939453125,27922.890625,27375.80078125,27397.259765625,33740600
2025-02-21,27506.44921875,27724.44921875,27371.23046875,27501.509765625,30104300
2025-02-24,27742.279296875,28279.98046875,27734.609375,27918.55078125,44178700
2025-02-25,27838.140625,28338.66015625,27804.939453125,28086.48046875,47187600
2025-02-26,28193.01953125,28648.19921875,28182.740234375,28621.2890625,46997000
2025-02-27,28472.900390625,28606.830078125,28229.05078125,28558.189453125,51781500
2025-02-28,28412.41015625,28413.6796875,28140.7890625,28298.439453125,60678000
2025-03-03,28388.400390625,29228.619140625,28381.830078125,28990.98046875,58460700
2025-03-04,28821.939453125,28890.0390625,28035.359375,28038.73046875,53094000
2025-03-05,28689.740234375,29959.7109375,28683.19921875,29763.140625,97422500
2025-03-06,29907.9609375,30505.58984375,29907.9609375,30289.609375,114972000
2025-03-07,30161.41015625,30161.41015625,29389.140625,29560.30078125,55274500
2025-03-10,29787.0703125,29924.859375,28913.359375,29027.310546875,47218700
2025-03-11,29035.5703125,29335.279296875,28500.55078125,28550.919921875,55456100
2025-03-12,28693.55078125,28855.720703125,28447.509765625,28685.73046875,55092200
2025-03-13,28575.220703125,28770.900390625,28255.759765625,28470.08984375,46380600
2025-03-14,28417.7109375,29393.779296875,28397.130859375,29164.599609375,58476000
2025-03-17,29279.119140625,29606.849609375,29223.669921875,29513.4296875,43191800
2025-03-18,29645.189453125,30175.029296875,29609.619140625,29970.080078125,62384300
2025-03-19,29917.669921875,30000.029296875,29498.8203125,29644.73046875,53353000
2025-03-20,29667.490234375,29680.9296875,28774.9296875,29102.19921875,45030800
2025-03-21,28996.029296875,29005.189453125,28529.830078125,28783.599609375,75298800
2025-03-24,29001.169921875,29156.630859375,28753.849609375,28755.619140625,30836100
2025-03-25,28737.5,29074.759765625,28584.6796875,28929.76953125,35947700
2025-03-26,29058.369140625,29128.470703125,28717.73046875,28864.48046875,41533900
2025-03-27,28676.1796875,28745.259765625,28362.390625,28628.560546875,35698900
2025-03-28,28479.8203125,28613.80078125,27843.359375,27852.369140625,38429400
2025-03-31,27602.05078125,27624.19921875,27039.640625,27393.220703125,50775300
2025-04-01,27573.25,27895.599609375,27500.640625,27691.41015625,36544900
2025-04-02,27667.73046875,27724.9609375,27166.51953125,27494.400390625,27931600
2025-04-03,26855.759765625,27329.23046875,26794.439453125,26874.619140625,49561900
2025-04-04,26757.689453125,26807.98046875,24863.419921875,25408.5390625,84710300
2025-04-07,23350.98046875,25768.890625,23135.19921875,24640.5390625,90060900
2025-04-08,25045.130859375,25711.740234375,24890.279296875,25571.080078125,54124100
2025-04-09,25021.9609375,25219.849609375,24412.69921875,24866.0,51131100
2025-04-10,26490.9296875,26871.91015625,25703.630859375,25703.630859375,55113000
2025-04-11,25905.490234375,26025.7890625,25306.3203125,25774.259765625,44946000
2025-04-14,26161.2109375,26709.849609375,26141.0703125,26627.259765625,29217900
2025-04-15,26724.310546875,27267.349609375,26724.310546875,27266.310546875,30373700
2025-04-16,27138.759765625,27219.2890625,26876.740234375,27219.2890625,27827800
2025-04-17,27205.1796875,27289.810546875,26889.369140625,27148.419921875,24688400
2025-04-22,27123.689453125,27278.869140625,26994.009765625,27278.109375,26411800
2025-04-23,27576.390625,27942.060546875,27462.330078125,27663.220703125,37515600
2025-04-24,27570.05078125,27936.919921875,27350.830078125,27907.7109375,29235000
2025-04-25,28005.509765625,28294.650390625,28001.44921875,28294.650390625,27850100
2025-04-28,28332.19921875,28466.83984375,28183.73046875,28308.009765625,30106300
2025-04-29,28382.599609375,28698.970703125,28336.060546875,28432.189453125,42943700
2025-04-30,28546.23046875,28737.650390625,28338.48046875,28737.650390625,36625900
2025-05-02,28947.880859375,29327.98046875,28947.880859375,29327.130859375,35435500
2025-05-05,29314.2890625,29620.630859375,29314.2890625,29618.150390625,23924400
2025-05-06,29700.1796875,29716.0390625,28690.01953125,29350.23046875,45267700
2025-05-07,29358.900390625,29477.259765625,29081.1796875,29171.5703125,34174500
2025-05-08,29298.890625,29589.109375,29247.859375,29554.240234375,36496200
2025-05-09,29594.759765625,29798.51953125,29496.51953125,29730.130859375,34896300
2025-05-12,29904.609375,30202.130859375,29564.83984375,29785.720703125,48998500
2025-05-13,29811.6796875,29825.369140625,29626.939453125,29755.939453125,31452300
2025-05-14,29788.529296875,29856.169921875,29391.98046875,29497.140625,55937300
2025-05-15,29455.810546875,29826.41015625,29390.990234375,29826.41015625,53157800
2025-05-16,29931.33984375,30088.759765625,29738.669921875,29887.6796875,36867700
2025-05-19,29818.419921875,30131.650390625,29806.400390625,30131.650390625,27295600
2025-05-20,30187.5703125,30552.390625,30114.23046875,30550.830078125,37880900
2025-05-21,30473.0703125,30582.720703125,30307.380859375,30442.890625,30185200
2025-05-22,30313.6796875,30314.970703125,29742.48046875,30053.5390625,30714800
2025-05-23,30071.5703125,30226.599609375,29265.7109375,29894.720703125,40362700
2025-05-26,30237.310546875,30416.380859375,30237.310546875,30390.05078125,25684000
2025-05-27,30469.2890625,30691.66015625,30416.080078125,30632.05078125,33909200
2025-05-28,30619.48046875,30829.599609375,30616.900390625,30648.8203125,37176700
2025-05-29,30895.75,30967.0703125,30644.400390625,30697.55078125,32455600
2025-05-30,30670.599609375,30920.369140625,30564.720703125,30594.390625,46813700
2025-06-02,30551.8203125,30851.630859375,30451.689453125,30756.08984375,37383100
2025-06-03,30843.01953125,30889.130859375,30579.130859375,30773.33984375,32649100
2025-06-04,30937.7890625,31049.890625,30800.029296875,31029.8203125,37067100
2025-06-05,30986.5703125,31384.619140625,30954.009765625,31135.58984375,30637200
2025-06-06,31135.01953125,31151.060546875,30846.66015625,30875.140625,21881700
2025-06-09,30808.55078125,30963.01953125,30732.189453125,30871.7890625,21071300
2025-06-10,30817.16015625,30817.16015625,30422.3203125,30548.8203125,27033900
2025-06-11,30523.400390625,30786.619140625,30482.810546875,30631.69921875,27732600
2025-06-12,30559.44921875,30559.44921875,30074.169921875,30201.69921875,45448600
2025-06-13,29914.0703125,29967.169921875,29566.529296875,29742.08984375,39583200
2025-06-16,29809.640625,30011.689453125,29780.919921875,30006.05078125,28484900
2025-06-17,29797.69921875,29808.130859375,29472.109375,29720.25,30010000
2025-06-18,29669.740234375,29783.759765625,29488.9609375,29684.3203125,42765200
2025-06-19,29494.4296875,29527.30078125,29120.0703125,29120.0703125,20565500
2025-06-20,29216.279296875,29568.80078125,29216.279296875,29365.169921875,80446600
2025-06-23,29163.720703125,29431.44921875,28988.2109375,29283.919921875,26569500
2025-06-24,29505.369140625,30095.58984375,29489.650390625,29957.560546875,47093400
2025-06-25,30048.80078125,30097.640625,29895.849609375,29925.98046875,29975100
2025-06-26,29961.9609375,30192.939453125,29958.0390625,30100.759765625,21526700
2025-06-27,30247.48046875,30357.939453125,30044.6796875,30357.939453125,28099300
2025-06-30,30488.3203125,30591.08984375,30431.01953125,30483.5,29615700
2025-07-01,30512.779296875,30541.529296875,30184.69921875,30247.390625,34438500
2025-07-02,30305.5703125,30377.650390625,30096.0703125,30294.880859375,32473100
2025-07-03,30353.890625,30424.01953125,30247.5703125,30388.150390625,24287300
2025-07-04,30243.740234375,30345.390625,30157.060546875,30280.91015625,18562500
2025-07-07,30316.609375,30746.880859375,30247.16015625,30746.880859375,24160400
2025-07-08,30769.4609375,31067.580078125,30673.4296875,31057.91015625,34567800
2025-07-09,31066.1796875,31579.5,31064.259765625,31536.470703125,36081700
2025-07-10,31596.779296875,31752.970703125,31503.73046875,31649.140625,34862200
2025-07-11,31505.779296875,31555.66015625,31222.490234375,31354.150390625,24822600
2025-07-14,31119.19921875,31262.169921875,31007.109375,31211.23046875,25095800
2025-07-15,31307.890625,31392.470703125,31083.109375,31086.25,24214000
2025-07-16,31029.810546875,31054.4296875,30721.240234375,30721.240234375,28336800
2025-07-17,30878.2109375,31087.5390625,30858.689453125,31014.830078125,26139200
2025-07-18,31037.640625,31336.279296875,31030.529296875,31098.369140625,30451800
2025-07-21,31154.150390625,31463.4296875,31151.30078125,31339.689453125,37326100
2025-07-22,31264.580078125,31279.640625,30911.869140625,31127.859375,23200500
2025-07-23,31292.73046875,31525.509765625,31250.509765625,31512.25,27139500
2025-07-24,31643.2109375,31728.810546875,31448.6796875,31633.560546875,30917000
2025-07-25,31512.4296875,31523.189453125,31256.44921875,31484.369140625,29801900
2025-07-28,31590.19921875,31754.30078125,31026.119140625,31029.08984375,31953200
2025-07-29,31094.189453125,31389.619140625,31094.189453125,31174.759765625,30776800
2025-07-30,31074.689453125,31177.01953125,30934.140625,30940.6796875,25726800
2025-07-31,30966.26953125,31217.439453125,30836.189453125,31004.400390625,37329200
2025-08-01,30825.310546875,30825.310546875,30144.0390625,30317.2890625,32809900
2025-08-04,30452.76953125,30691.560546875,30452.76953125,30553.41015625,25720700
2025-08-05,30707.69921875,30965.490234375,30707.69921875,30824.66015625,22697200
2025-08-06,30949.80078125,31099.0390625,30835.650390625,30963.76953125,22835500
2025-08-07,31021.419921875,31414.740234375,30870.33984375,31331.470703125,39903900
2025-08-08,31326.849609375,31646.990234375,31292.25,31493.41015625,28693000
2025-08-11,31541.01953125,31541.01953125,31243.279296875,31282.970703125,23179000
2025-08-12,31314.9296875,31379.490234375,30948.26953125,31001.369140625,28827800
2025-08-13,31137.48046875,31239.849609375,30877.369140625,30925.119140625,41582700
2025-08-14,30957.080078125,31183.0,30861.740234375,31118.7890625,49501900
2025-08-15,31200.41015625,31290.630859375,30919.7109375,30951.689453125,35607000
2025-08-18,30964.630859375,31078.869140625,30903.810546875,30993.029296875,27357600
2025-08-19,30981.890625,31026.51953125,30915.1796875,30984.890625,25726700
2025-08-20,30831.259765625,30950.130859375,30670.0,30877.869140625,21996800
2025-08-21,30854.330078125,30866.369140625,30579.69921875,30677.609375,20765900
2025-08-22,30625.060546875,31015.529296875,30613.4296875,30998.880859375,22679700
2025-08-25,31003.369140625,31179.369140625,30976.08984375,31073.130859375,25343300
2025-08-26,30972.01953125,31003.279296875,30754.630859375,30822.9296875,34337800
2025-08-27,30826.169921875,30875.01953125,30385.4296875,30482.9296875,26950700
2025-08-28,30541.9296875,30743.2109375,30348.890625,30358.4609375,22743100
2025-08-29,30363.44921875,30527.259765625,30242.759765625,30286.900390625,22796400
2025-09-01,30350.83984375,30470.390625,30317.73046875,30446.029296875,21057700
2025-09-02,30408.1796875,30417.69921875,29602.619140625,29604.640625,27264100
2025-09-03,29726.080078125,29856.220703125,29567.259765625,29731.3203125,27600000
2025-09-04,29733.310546875,29879.259765625,29623.1796875,29792.439453125,26946300
2025-09-05,29917.05078125,30163.19921875,29896.349609375,30011.98046875,25354400
2025-09-08,30132.470703125,30460.73046875,30132.470703125,30454.689453125,18072000
2025-09-09,30446.380859375,30492.470703125,30187.51953125,30326.529296875,19817300
2025-09-10,30388.140625,30498.3203125,30124.3203125,30148.880859375,23912600
2025-09-11,30188.5,30249.73046875,30039.619140625,30146.41015625,23059400
2025-09-12,30255.55078125,30371.869140625,30004.75,30175.16015625,20594500
2025-09-15,30248.9296875,30599.3203125,30248.9296875,30469.9609375,20801200
2025-09-16,30483.140625,30508.830078125,30098.05078125,30100.16015625,34870800
2025-09-17,30182.849609375,30331.41015625,30056.08984375,30217.380859375,27453300
2025-09-18,30285.73046875,30555.30078125,30274.3203125,30470.7109375,30943500
2025-09-19,30507.759765625,30536.3203125,30182.73046875,30195.880859375,72095700
2025-09-22,30159.310546875,30266.6796875,29997.310546875,30153.7109375,25617700
2025-09-23,30242.029296875,30412.859375,30197.91015625,30265.4296875,24300700
2025-09-24,30268.689453125,30348.5390625,30138.630859375,30309.83984375,27398800
2025-09-25,30238.779296875,30360.029296875,29993.279296875,30034.58984375,24861400
2025-09-26,30082.830078125,30164.740234375,29833.169921875,29986.849609375,24262500
2025-09-29,30120.8203125,30250.330078125,30030.419921875,30117.5703125,21850700
2025-09-30,30109.650390625,30267.490234375,29961.2109375,30267.490234375,33400100
2025-10-01,30200.689453125,30463.98046875,30029.189453125,30459.58984375,29011100
2025-10-02,30617.5703125,30956.369140625,30617.5703125,30733.4609375,28311800
2025-10-03,30866.060546875,31146.189453125,30831.310546875,30936.490234375,23908700
2025-10-06,31000.619140625,31137.330078125,30860.630859375,30878.029296875,23469600
2025-10-07,30848.2109375,31046.779296875,30691.759765625,30836.16015625,22017800
2025-10-08,30826.5,30943.970703125,30697.259765625,30848.8203125,26157900
2025-10-09,30856.849609375,30999.029296875,30800.419921875,30921.060546875,29834900
2025-10-10,30892.939453125,30904.9296875,30250.029296875,30250.029296875,27155000
2025-10-13,30306.30078125,30531.66015625,30306.30078125,30447.58984375,18009600
2025-10-14,30278.759765625,30278.759765625,29877.169921875,30074.66015625,25544100
2025-10-15,30168.19921875,30178.580078125,29786.810546875,29786.810546875,22718300
2025-10-16,29791.880859375,30040.5390625,29725.369140625,30036.6796875,27972100
2025-10-17,29797.140625,29797.140625,29302.869140625,29512.76953125,27688500
2025-10-20,29602.7109375,30229.48046875,29602.30078125,30209.220703125,32940000
2025-10-21,30237.419921875,30298.26953125,30122.7890625,30140.609375,27802100
2025-10-22,30181.759765625,30296.990234375,30007.740234375,30007.740234375,39030900
2025-10-23,29988.970703125,30186.080078125,29827.859375,30010.2890625,34958600
2025-10-24,30092.119140625,30291.98046875,29911.7109375,30291.98046875,30335800
2025-10-27,30376.7109375,30423.5,30093.859375,30140.880859375,29626900
2025-10-28,30068.0390625,30273.830078125,29976.169921875,30236.9609375,31601700
2025-10-29,30184.220703125,30259.2890625,29937.94921875,29940.390625,25836700
2025-10-30,30005.849609375,30091.349609375,29830.4609375,29884.310546875,34149400
2025-10-31,29925.560546875,29974.140625,29750.080078125,29751.619140625,29288100
2025-11-03,29782.640625,30036.259765625,29743.689453125,29835.060546875,34783300
2025-11-04,29614.0,29614.0,29210.73046875,29427.529296875,38291800
2025-11-05,29303.369140625,29519.80078125,29236.990234375,29374.55078125,29838500
2025-11-06,29399.55078125,29415.109375,28955.83984375,28959.630859375,37225300
2025-11-07,29040.44921875,29212.330078125,28769.609375,28793.939453125,26599600
2025-11-10,29107.2890625,29330.48046875,29106.9296875,29141.19921875,24810100
2025-11-11,29130.01953125,29253.6796875,28938.849609375,29204.44921875,26235100
2025-11-12,29295.01953125,29620.310546875,29274.640625,29573.630859375,31882500
2025-11-13,29658.119140625,30109.390625,29610.5703125,29610.5703125,26466800
2025-11-14,29554.4296875,29575.580078125,29064.390625,29412.359375,28297600
2025-11-17,29432.609375,29445.689453125,29033.279296875,29086.9296875,20534300
2025-11-18,28738.55078125,28774.19921875,28398.509765625,28493.4296875,26801000
2025-11-19,28466.490234375,28939.259765625,28355.490234375,28656.560546875,27430900
2025-11-20,28773.599609375,28901.83984375,28439.55078125,28443.44921875,23411400
2025-11-21,28255.26953125,28401.58984375,27981.330078125,28263.8203125,33192500
2025-11-24,28406.189453125,28698.640625,28403.05078125,28618.5390625,50614100
2025-11-25,28621.240234375,29016.740234375,28462.439453125,29015.890625,30601000
2025-11-26,29120.779296875,29250.5703125,28942.119140625,29220.0,28568800
2025-11-27,29218.599609375,29531.609375,29218.599609375,29531.25,26249700
2025-11-28,29571.380859375,29955.849609375,29528.58984375,29937.150390625,25549400
2025-12-01,29850.7109375,29877.44921875,29311.7890625,29475.8203125,29341300
2025-12-02,29489.349609375,29577.23046875,29320.369140625,29523.669921875,23982600
2025-12-03,29598.849609375,29652.2890625,29281.8203125,29326.189453125,27159500
2025-12-04,29454.990234375,29643.2890625,29437.099609375,29597.01953125,24518600
2025-12-05,29642.349609375,29877.2890625,29559.25,29696.44921875,26206500
2025-12-08,29749.25,29962.73046875,29632.66015625,29665.080078125,27521600
2025-12-09,29633.240234375,29789.169921875,29516.130859375,29729.05078125,38237100
2025-12-10,29687.759765625,29800.869140625,29574.240234375,29732.650390625,29203900
2025-12-11,29723.240234375,29991.990234375,29603.880859375,29920.080078125,28131200
2025-12-12,29994.76953125,30270.359375,29940.859375,29959.189453125,32819200
2025-12-15,30015.060546875,30230.75,29952.080078125,30214.609375,31263700
2025-12-16,30109.130859375,30194.859375,29972.890625,30047.029296875,34744500
2025-12-17,30105.640625,30105.640625,29854.470703125,29866.359375,28001800
2025-12-18,29816.009765625,30281.1796875,29759.220703125,30281.1796875,31216500
2025-12-19,30276.029296875,30438.189453125,30166.099609375,30361.4609375,50668100
2025-12-22,30402.369140625,30440.94921875,30172.41015625,30437.2890625,22498800
2025-12-23,30438.119140625,30465.029296875,30246.509765625,30302.779296875,16186500
2025-12-29,30289.0,30485.439453125,30236.169921875,30452.529296875,19650400
2025-12-30,30436.990234375,30638.029296875,30390.779296875,30617.669921875,11534000
