date,open,high,low,close,volume
2011-01-03,851.4299926757812,860.760009765625,851.4299926757812,860.0499877929688,95516300
2011-01-04,861.0599975585938,865.27001953125,857.9400024414062,862.260009765625,127347400
2011-01-05,861.8699951171875,866.3900146484375,851.9099731445312,863.0999755859375,153392700
2011-01-06,863.3099975585938,873.0599975585938,862.1799926757812,869.22998046875,165598400
2011-01-07,867.5800170898438,873.2000122070312,865.72998046875,869.219970703125,151161100
2011-01-10,869.0,869.6799926757812,856.02001953125,856.02001953125,135449500
2011-01-11,858.6300048828125,877.8099975585938,858.2999877929688,877.8099975585938,193695800
2011-01-12,878.260009765625,888.5599975585938,876.780029296875,888.5599975585938,0
2011-01-13,890.22998046875,891.6799926757812,877.719970703125,881.02001953125,214405800
2011-01-14,879.97998046875,881.7100219726562,872.739990234375,879.7999877929688,182912400
2011-01-17,878.9000244140625,881.8400268554688,871.5900268554688,877.9099731445312,176431200
2011-01-18,880.4199829101562,893.0599975585938,880.1300048828125,890.0399780273438,235619800
2011-01-19,891.27001953125,893.3800048828125,877.8599853515625,879.7100219726562,320846000
2011-01-20,879.3599853515625,880.030029296875,856.6199951171875,863.1799926757812,207049600
2011-01-21,866.1699829101562,875.6400146484375,862.3400268554688,868.6900024414062,174812000
2011-01-24,870.0999755859375,874.0,858.3099975585938,861.9500122070312,137904700
2011-01-25,863.1599731445312,866.8800048828125,859.530029296875,862.3599853515625,144291900
2011-01-26,864.0599975585938,876.97998046875,863.719970703125,873.9000244140625,162432500
2011-01-27,875.7000122070312,884.3400268554688,875.0399780273438,879.1699829101562,173407500
2011-01-28,878.7899780273438,879.989990234375,867.9600219726562,867.9600219726562,162072500
2011-01-31,863.6900024414062,869.760009765625,856.0999755859375,867.75,127040700
2011-02-01,869.9000244140625,877.8900146484375,869.2999877929688,877.8499755859375,133056400
2011-02-02,880.989990234375,885.4099731445312,873.510009765625,874.760009765625,128298200
2011-02-03,874.989990234375,879.6400146484375,872.4600219726562,876.0700073242188,112048800
2011-02-04,877.4400024414062,882.3800048828125,875.7999877929688,882.3699951171875,133916800
2011-02-07,886.0499877929688,906.5599975585938,885.5399780273438,906.0,233175900
2011-02-08,904.6199951171875,908.4500122070312,899.5,902.8499755859375,188151400
2011-02-09,903.8300170898438,906.2100219726562,895.469970703125,899.3900146484375,175316200
2011-02-10,899.1699829101562,900.1599731445312,886.72998046875,893.780029296875,174237700
2011-02-11,894.5999755859375,897.97998046875,886.5999755859375,896.8400268554688,181160400
2011-02-14,899.6199951171875,909.0,899.6199951171875,908.989990234375,157992800
2011-02-15,908.9299926757812,911.4199829101562,906.5700073242188,908.6199951171875,134160100
2011-02-16,908.5399780273438,913.469970703125,907.52001953125,912.0700073242188,137994100
2011-02-17,912.7000122070312,917.5399780273438,911.219970703125,915.1199951171875,166368200
2011-02-18,916.239990234375,917.7899780273438,907.780029296875,917.0,0
2011-02-21,917.7899780273438,918.22998046875,900.5800170898438,901.1099853515625,180908100
2011-02-22,894.2000122070312,900.4400024414062,885.5999755859375,899.4099731445312,197180200
2011-02-23,897.510009765625,897.8499755859375,881.0,881.0,194669900
2011-02-24,873.5399780273438,877.8099975585938,866.2100219726562,876.030029296875,191659600
2011-02-25,879.510009765625,896.9000244140625,878.3400268554688,896.3099975585938,160813100
2011-02-28,898.239990234375,907.780029296875,896.6500244140625,901.7899780273438,161228100
2011-03-01,904.3099975585938,915.8200073242188,897.0900268554688,900.1300048828125,214051300
2011-03-02,894.5,898.5399780273438,883.219970703125,898.0999755859375,189215500
2011-03-03,900.22998046875,905.3499755859375,898.27001953125,902.3300170898438,0
2011-03-04,904.0399780273438,910.3300170898438,892.3699951171875,893.9299926757812,144119500
2011-03-07,893.22998046875,903.97998046875,889.0700073242188,896.4199829101562,118965600
2011-03-08,897.8699951171875,902.3300170898438,892.5,898.6599731445312,127337000
2011-03-09,900.7100219726562,902.7100219726562,892.25,894.8499755859375,119338900
2011-03-10,891.2100219726562,891.2100219726562,877.0499877929688,878.8800048828125,0
2011-03-11,873.9600219726562,874.1699829101562,865.5499877929688,869.4299926757812,0
2011-03-14,860.1300048828125,882.2000122070312,853.9000244140625,870.75,309010300
2011-03-15,853.510009765625,871.010009765625,843.260009765625,867.3099975585938,719229400
2011-03-16,876.0,884.0,854.760009765625,854.8300170898438,412058600
2011-03-17,856.8699951171875,874.8800048828125,855.989990234375,873.219970703125,240351200
2011-03-18,878.47998046875,887.030029296875,868.5399780273438,868.6500244140625,1625206200
2011-03-21,879.72998046875,897.3900146484375,879.719970703125,897.3900146484375,195749300
2011-03-22,899.8599853515625,901.72998046875,884.0900268554688,887.7000122070312,152961300
2011-03-23,886.010009765625,892.5,878.5399780273438,890.8699951171875,197934800
2011-03-24,888.3800048828125,900.3400268554688,888.22998046875,900.25,139911200
2011-03-25,902.9199829101562,906.530029296875,900.5700073242188,906.4299926757812,120259200
2011-03-28,905.72998046875,922.3599853515625,904.1300048828125,921.0399780273438,230433600
2011-03-29,920.219970703125,921.3099975585938,910.469970703125,915.6099853515625,243027200
2011-03-30,919.780029296875,927.1099853515625,918.72998046875,927.0,214102700
2011-03-31,928.9299926757812,931.1300048828125,924.1799926757812,930.6099853515625,194080800
2011-04-01,933.4199829101562,939.3800048828125,930.8099975585938,938.5399780273438,147921800
2011-04-04,939.75,943.4000244140625,938.239990234375,943.4000244140625,138130600
2011-04-05,943.3099975585938,948.6699829101562,940.75,948.5900268554688,190269600
2011-04-06,950.510009765625,952.6500244140625,942.9600219726562,944.72998046875,154322800
2011-04-07,945.9500122070312,946.3900146484375,935.2100219726562,937.4099731445312,145651900
2011-04-08,939.469970703125,940.75,931.3200073242188,933.6900024414062,126746500
2011-04-11,933.4000244140625,937.0599975585938,927.5599975585938,930.5,176464000
2011-04-12,926.1300048828125,926.469970703125,908.4099731445312,909.530029296875,141980000
2011-04-13,910.7000122070312,923.2899780273438,910.489990234375,921.1699829101562,139663900
2011-04-14,922.510009765625,922.510009765625,914.030029296875,914.1099853515625,133491100
2011-04-15,916.030029296875,921.4099731445312,915.719970703125,917.7000122070312,146056200
2011-04-18,919.3800048828125,922.77001953125,896.9500122070312,898.469970703125,164497200
2011-04-19,899.469970703125,901.3499755859375,896.8699951171875,897.8800048828125,119111300
2011-04-20,899.8599853515625,918.3900146484375,899.8599853515625,917.1900024414062,177015700
2011-04-21,921.3699951171875,926.9299926757812,916.8699951171875,918.5,114691700
2011-04-26,917.8200073242188,923.9099731445312,916.75,920.2000122070312,129395900
2011-04-27,921.97998046875,926.3699951171875,920.5,921.7100219726562,156100200
2011-04-28,922.6300048828125,927.780029296875,918.6599731445312,923.2000122070312,203635200
2011-04-29,924.1300048828125,935.0999755859375,923.7100219726562,935.0999755859375,139200000
2011-05-02,937.969970703125,940.0399780273438,931.0700073242188,932.6300048828125,111100000
2011-05-03,932.3400268554688,933.22998046875,921.5,922.5399780273438,160900000
2011-05-04,920.989990234375,925.9000244140625,915.75,917.9000244140625,0
2011-05-05,919.9600219726562,923.4099731445312,910.22998046875,914.8699951171875,169300000
2011-05-06,914.5900268554688,926.9500122070312,911.1900024414062,926.8599853515625,167000000
2011-05-09,927.0800170898438,932.1300048828125,923.8099975585938,928.1599731445312,138300000
2011-05-10,929.0499877929688,933.719970703125,928.1400146484375,930.3599853515625,123500000
2011-05-11,933.8900146484375,937.530029296875,929.8099975585938,931.52001953125,165435400
2011-05-12,925.5700073242188,927.510009765625,917.1799926757812,922.3699951171875,159187800
2011-05-13,927.7100219726562,932.1300048828125,924.9000244140625,928.3499755859375,149330200
2011-05-16,923.3300170898438,925.6199951171875,914.6500244140625,924.75,128500000
2011-05-17,921.47998046875,925.6699829101562,914.3099975585938,914.530029296875,162841200
2011-05-18,916.760009765625,923.760009765625,915.4600219726562,917.0999755859375,137007500
2011-05-19,918.47998046875,923.6400146484375,916.489990234375,920.6099853515625,160185800
2011-05-20,920.1599731445312,924.6500244140625,914.4600219726562,916.719970703125,133056000
2011-05-23,910.77001953125,910.77001953125,896.3900146484375,899.1300048828125,145915900
2011-05-24,899.3599853515625,902.739990234375,897.3900146484375,898.2999877929688,126737800
2011-05-25,893.1900024414062,898.5399780273438,891.4099731445312,898.3499755859375,142309400
2011-05-26,897.4099731445312,899.8099975585938,890.3800048828125,892.969970703125,132705700
2011-05-27,895.6099853515625,898.9600219726562,893.489990234375,897.0,123408000
2011-05-30,898.5,913.219970703125,898.02001953125,911.4000244140625,116879000
2011-06-01,918.3099975585938,918.3099975585938,912.239990234375,913.1300048828125,174809600
2011-06-02,908.1500244140625,908.8699951171875,901.239990234375,901.5399780273438,61792000
2011-06-03,901.97998046875,905.989990234375,897.8900146484375,901.5999755859375,114002600
2011-06-06,901.52001953125,903.219970703125,895.6199951171875,898.4400024414062,105413500
2011-06-07,899.8900146484375,904.5499877929688,893.4000244140625,894.239990234375,118474200
2011-06-08,892.47998046875,892.47998046875,882.4500122070312,882.6900024414062,117348900
2011-06-09,881.75,889.8200073242188,881.6500244140625,889.0900268554688,108020800
2011-06-10,890.5,891.0599975585938,878.9099731445312,879.6699829101562,110978400
2011-06-13,880.6199951171875,881.9500122070312,876.280029296875,877.6599731445312,60893300
2011-06-14,880.6599731445312,894.510009765625,880.6599731445312,892.2000122070312,128549400
2011-06-15,891.52001953125,891.5800170898438,878.3400268554688,881.780029296875,136810500
2011-06-16,879.1199951171875,879.489990234375,867.239990234375,874.5499877929688,172422900
2011-06-17,871.8099975585938,879.1599731445312,863.739990234375,870.5499877929688,226268400
2011-06-20,866.9400024414062,868.8900146484375,863.3200073242188,864.3599853515625,94740800
2011-06-21,865.9400024414062,876.6500244140625,865.9400024414062,876.469970703125,113972700
2011-06-22,877.1400146484375,879.7100219726562,872.3200073242188,875.0700073242188,118938500
2011-06-23,871.6099853515625,874.0900268554688,861.530029296875,863.8499755859375,122270800
2011-06-24,868.4199829101562,875.989990234375,865.6300048828125,866.6599731445312,113026500
2011-06-27,862.5999755859375,866.22998046875,854.8200073242188,856.22998046875,101164600
2011-06-28,857.7000122070312,860.52001953125,852.8300170898438,858.8699951171875,106933700
2011-06-29,862.1199951171875,882.3800048828125,862.1199951171875,881.989990234375,148660400
2011-06-30,883.5900268554688,893.969970703125,883.469970703125,893.780029296875,150400000
2011-07-01,893.8200073242188,898.9299926757812,888.719970703125,896.6400146484375,143910800
2011-07-04,899.1199951171875,912.6099853515625,898.760009765625,912.1699829101562,103454900
2011-07-05,910.1599731445312,910.760009765625,901.5700073242188,902.5599975585938,164042300
2011-07-06,901.2899780273438,905.1500244140625,895.739990234375,899.6199951171875,144758300
2011-07-07,901.6699829101562,910.6199951171875,898.2999877929688,910.6199951171875,146547500
2011-07-08,909.8599853515625,911.47998046875,898.6500244140625,898.8699951171875,138899500
2011-07-11,893.780029296875,893.780029296875,875.0800170898438,877.6799926757812,124944800
2011-07-12,869.989990234375,872.5999755859375,854.260009765625,870.6400146484375,121890000
2011-07-13,869.510009765625,876.52001953125,868.3200073242188,873.239990234375,121114700
2011-07-14,869.969970703125,869.97998046875,849.4400024414062,850.4199829101562,227094500
2011-07-15,846.780029296875,846.9199829101562,839.3499755859375,840.1699829101562,147163000
2011-07-18,835.5999755859375,836.5499877929688,819.2100219726562,819.2100219726562,128692600
2011-07-19,819.6199951171875,839.5700073242188,819.6199951171875,838.6400146484375,165340700
2011-07-20,841.97998046875,848.1599731445312,837.010009765625,840.0399780273438,150172800
2011-07-21,840.219970703125,847.2100219726562,830.9099731445312,845.5499877929688,172122800
2011-07-22,849.5800170898438,855.3900146484375,845.3599853515625,848.47998046875,125659100
2011-07-25,847.3800048828125,850.8800048828125,843.8099975585938,849.5700073242188,115980500
2011-07-26,850.1699829101562,851.3900146484375,842.280029296875,847.75,144245800
2011-07-27,845.25,848.3200073242188,837.1799926757812,840.969970703125,141934400
2011-07-28,835.52001953125,836.989990234375,816.5499877929688,826.760009765625,221116500
2011-07-29,821.510009765625,824.5800170898438,810.7000122070312,820.7000122070312,136507200
2011-08-01,829.4199829101562,837.6699829101562,815.760009765625,815.77001953125,132014600
2011-08-02,813.1599731445312,813.1599731445312,787.52001953125,787.52001953125,147317200
2011-08-03,780.1099853515625,780.1099853515625,757.3099975585938,762.2100219726562,208722800
2011-08-04,768.6900024414062,775.6599731445312,724.1799926757812,724.3800048828125,202358700
2011-08-05,689.469970703125,738.27001953125,671.2999877929688,717.760009765625,287333300
2011-08-08,706.3400268554688,723.4199829101562,679.3499755859375,679.510009765625,0
2011-08-09,675.72998046875,701.469970703125,641.1900024414062,700.989990234375,269932600
2011-08-10,722.72998046875,743.2000122070312,688.5499877929688,690.3200073242188,239357200
2011-08-11,701.4299926757812,722.510009765625,686.6500244140625,719.4099731445312,169849800
2011-08-12,720.8800048828125,751.75,715.6400146484375,746.3900146484375,160169900
2011-08-15,751.22998046875,764.1900024414062,750.0700073242188,756.7100219726562,111120000
2011-08-16,753.8300170898438,753.9199829101562,729.530029296875,742.1799926757812,108355700
2011-08-17,738.7899780273438,739.0,720.52001953125,721.7100219726562,169155600
2011-08-18,716.0999755859375,716.0999755859375,680.1099853515625,686.5399780273438,167914400
2011-08-19,682.5800170898438,702.4000244140625,664.0900268554688,690.4099731445312,146006700
2011-08-22,685.1900024414062,703.27001953125,684.5999755859375,690.9600219726562,103981000
2011-08-23,696.5800170898438,711.77001953125,692.8099975585938,702.1799926757812,99430700
2011-08-24,706.760009765625,725.469970703125,704.0599975585938,719.280029296875,99723400
2011-08-25,724.7899780273438,733.47998046875,710.260009765625,717.219970703125,95288400
2011-08-26,718.510009765625,719.3400268554688,699.6599731445312,715.0399780273438,74364900
2011-08-29,722.27001953125,734.5700073242188,722.27001953125,732.530029296875,46900400
2011-08-30,737.989990234375,741.6400146484375,730.1799926757812,737.8200073242188,83184400
2011-08-31,739.6699829101562,757.2100219726562,739.260009765625,753.9600219726562,96626300
2011-09-01,754.239990234375,755.739990234375,742.2899780273438,754.3400268554688,90133200
2011-09-02,747.5499877929688,747.5499877929688,721.3599853515625,729.0999755859375,78432300
2011-09-05,721.9000244140625,721.9000244140625,692.8800048828125,696.5800170898438,71806200
2011-09-06,695.3099975585938,701.469970703125,681.489990234375,691.8099975585938,80019700
2011-09-07,703.3300170898438,716.239990234375,703.3300170898438,715.9099731445312,81683600
2011-09-08,717.2999877929688,724.7999877929688,712.4099731445312,721.4299926757812,84416000
2011-09-09,718.0,718.530029296875,701.1900024414062,701.469970703125,74398300
2011-09-12,694.3099975585938,694.489990234375,673.780029296875,683.1400146484375,82241900
2011-09-13,692.7899780273438,695.3599853515625,673.0999755859375,687.5399780273438,85341000
2011-09-14,683.1500244140625,703.7999877929688,681.469970703125,703.7999877929688,84728100
2011-09-15,708.1199951171875,712.5599975585938,695.530029296875,709.3599853515625,195414400
2011-09-16,712.030029296875,712.0399780273438,700.75,706.4299926757812,217602700
2011-09-19,698.1699829101562,698.4199829101562,686.4400024414062,689.8099975585938,99130500
2011-09-20,685.5700073242188,696.7899780273438,684.030029296875,696.2100219726562,86459000
2011-09-21,695.4500122070312,698.010009765625,684.5,687.219970703125,82861500
2011-09-22,679.260009765625,679.5,652.77001953125,654.739990234375,87870500
2011-09-23,657.2899780273438,659.0399780273438,632.3200073242188,653.739990234375,88641100
2011-09-26,647.280029296875,668.5599975585938,642.25,660.469970703125,84129800
2011-09-27,668.52001953125,689.9600219726562,668.52001953125,689.9600219726562,84120400
2011-09-28,687.2899780273438,697.7999877929688,684.0700073242188,686.25,92463000
2011-09-29,682.239990234375,688.1400146484375,677.5700073242188,681.8800048828125,90241500
2011-09-30,679.4500122070312,681.72998046875,659.4400024414062,662.6300048828125,86370700
2011-10-04,639.8400268554688,639.8699951171875,616.9199829101562,626.219970703125,99687400
2011-10-05,633.6500244140625,644.0399780273438,630.1300048828125,642.27001953125,75891100
2011-10-06,645.3599853515625,663.97998046875,645.239990234375,663.8599853515625,91017100
2011-10-07,665.530029296875,672.3699951171875,658.760009765625,660.3300170898438,90521700
2011-10-10,663.4400024414062,672.0499877929688,657.25,672.0499877929688,62907700
2011-10-11,672.4500122070312,675.4400024414062,666.9099731445312,671.8900146484375,58530300
2011-10-12,669.3300170898438,682.77001953125,662.25,682.77001953125,76392300
2011-10-13,681.9299926757812,688.2100219726562,672.9500122070312,677.4000244140625,63979200
2011-10-14,679.8300170898438,695.1599731445312,676.0599975585938,692.1599731445312,87876900
2011-10-17,695.219970703125,701.5700073242188,676.010009765625,680.8400268554688,85717700
2011-10-18,673.739990234375,678.72998046875,665.1099853515625,677.5599975585938,81259900
2011-10-19,678.3200073242188,690.5,677.510009765625,689.02001953125,98667600
2011-10-20,683.2999877929688,692.0700073242188,677.9000244140625,679.8499755859375,85240900
2011-10-21,682.4500122070312,690.5800170898438,678.8499755859375,690.5800170898438,0
2011-10-24,693.8599853515625,710.1599731445312,693.469970703125,709.760009765625,80246400
2011-10-25,705.030029296875,710.1599731445312,696.6400146484375,700.8800048828125,99157300
2011-10-26,698.52001953125,711.9000244140625,696.3200073242188,704.6900024414062,83564900
2011-10-27,714.5800170898438,726.8099975585938,714.5800170898438,718.0399780273438,113723800
2011-10-28,722.760009765625,725.1900024414062,710.5999755859375,716.8200073242188,95612700
2011-10-31,714.2899780273438,715.489990234375,704.9400024414062,705.6799926757812,75878700
2011-11-01,696.4600219726562,696.4600219726562,667.760009765625,673.5700073242188,98425300
2011-11-02,678.8800048828125,687.9000244140625,675.0599975585938,682.989990234375,67998400
2011-11-03,675.1599731445312,700.9500122070312,672.8900146484375,699.6900024414062,111933200
2011-11-04,704.5800170898438,709.9400024414062,698.010009765625,706.75,138325500
2011-11-07,705.7899780273438,709.1599731445312,683.4600219726562,689.5999755859375,151364700
2011-11-08,688.9099731445312,708.0499877929688,688.9099731445312,702.47998046875,150499200
2011-11-09,705.1099853515625,709.6099853515625,687.719970703125,691.6500244140625,106135800
2011-11-10,685.4099731445312,693.0,678.5,682.3699951171875,82933600
2011-11-11,684.719970703125,706.760009765625,684.0499877929688,706.75,79233500
2011-11-14,710.6900024414062,711.9199829101562,696.510009765625,698.5499877929688,66219600
2011-11-15,693.719970703125,697.260009765625,683.52001953125,685.6400146484375,78344300
2011-11-16,685.97998046875,695.47998046875,682.260009765625,688.030029296875,76507300
2011-11-17,685.4500122070312,687.6500244140625,673.5599975585938,680.4000244140625,80873800
2011-11-18,677.6500244140625,677.6500244140625,668.4000244140625,670.989990234375,75745000
2011-11-21,670.469970703125,670.469970703125,646.7899780273438,647.2999877929688,68829400
2011-11-22,646.7100219726562,653.6799926757812,642.6199951171875,642.6300048828125,63598700
2011-11-23,640.6500244140625,645.6199951171875,635.4199829101562,636.25,68155600
2011-11-25,648.6699829101562,656.760009765625,642.7000122070312,653.469970703125,56866000
2011-11-28,660.1799926757812,675.2999877929688,660.1799926757812,674.8699951171875,65276000
2011-11-29,674.739990234375,684.77001953125,672.3099975585938,684.77001953125,64383000
2011-11-30,681.280029296875,705.02001953125,677.1400146484375,704.8400268554688,103809400
2011-12-01,705.0,705.3599853515625,695.27001953125,696.2000122070312,73776600
2011-12-02,701.510009765625,704.2999877929688,695.280029296875,697.0999755859375,61086100
2011-12-05,701.22998046875,704.1099853515625,699.4600219726562,702.1300048828125,0
2011-12-06,694.4000244140625,697.6300048828125,690.9500122070312,693.7899780273438,60456100
2011-12-07,696.0599975585938,699.8099975585938,681.8300170898438,686.5599975585938,60883300
2011-12-08,689.5900268554688,690.7000122070312,674.280029296875,675.2899780273438,70421400
2011-12-09,670.6099853515625,684.02001953125,669.8599853515625,679.4600219726562,58691700
2011-12-12,678.6599731445312,678.6599731445312,665.5999755859375,665.5999755859375,44071700
2011-12-13,667.1699829101562,675.52001953125,666.6500244140625,672.3699951171875,54345000
2011-12-14,669.5499877929688,671.7100219726562,661.1300048828125,661.1799926757812,68584000
2011-12-15,661.97998046875,670.9199829101562,659.7100219726562,667.4000244140625,70208100
2011-12-16,669.3099975585938,670.4600219726562,662.3200073242188,663.1799926757812,80021600
2011-12-19,659.9099731445312,665.1400146484375,656.0700073242188,660.0,53464100
2011-12-20,659.8499755859375,676.4500122070312,658.4400024414062,676.2999877929688,67103700
2011-12-21,677.27001953125,684.8800048828125,666.52001953125,666.52001953125,70605000
2011-12-22,668.6400146484375,676.8900146484375,668.6400146484375,676.8900146484375,51387800
2011-12-23,677.719970703125,681.4400024414062,676.22998046875,681.3499755859375,27684000
2011-12-27,681.0,682.1400146484375,677.7999877929688,678.3499755859375,18685700
2011-12-28,677.1799926757812,680.25,673.02001953125,674.4500122070312,40311400
2011-12-29,675.5499877929688,679.719970703125,674.4199829101562,679.719970703125,34506400
2011-12-30,680.4600219726562,685.1799926757812,679.7100219726562,685.0599975585938,19518400
2012-01-03,702.969970703125,711.3900146484375,702.72998046875,711.1599731445312,62427900
2012-01-04,707.7999877929688,712.1400146484375,705.0399780273438,706.989990234375,67824100
2012-01-05,707.7100219726562,710.6799926757812,703.780029296875,707.1900024414062,62854500
2012-01-06,707.6199951171875,716.8499755859375,707.5900268554688,713.0499877929688,75934000
2012-01-09,714.3800048828125,716.8099975585938,709.3200073242188,713.239990234375,73378600
2012-01-10,715.8599853515625,719.5900268554688,700.6599731445312,706.7000122070312,167787100
2012-01-11,706.0999755859375,713.8099975585938,704.9099731445312,713.5399780273438,104335600
2012-01-12,714.1199951171875,724.9600219726562,713.75,722.1099853515625,121929700
2012-01-13,726.3300170898438,728.489990234375,711.5599975585938,717.8900146484375,101215300
2012-01-16,715.27001953125,725.6500244140625,713.4600219726562,725.1799926757812,59492800
2012-01-17,727.47998046875,733.6500244140625,727.47998046875,733.3599853515625,95624500
2012-01-18,732.4000244140625,744.260009765625,729.3300170898438,744.260009765625,126636200
2012-01-19,745.5900268554688,752.77001953125,745.3699951171875,751.9000244140625,113801400
2012-01-20,751.3800048828125,751.6500244140625,743.27001953125,745.2000122070312,106640700
2012-01-23,745.5900268554688,751.219970703125,744.1500244140625,748.9600219726562,76841700
2012-01-24,746.3300170898438,746.3300170898438,732.2000122070312,735.6900024414062,101990200
2012-01-25,737.1400146484375,743.5,734.5,739.3300170898438,93845000
2012-01-26,742.5900268554688,748.3499755859375,741.6699829101562,745.780029296875,103833300
2012-01-27,744.719970703125,748.1400146484375,742.9099731445312,744.5399780273438,85716300
2012-01-30,741.219970703125,745.760009765625,736.6099853515625,737.5399780273438,73179800
2012-01-31,739.510009765625,750.5,739.1500244140625,743.8599853515625,92664600
2012-02-01,745.3200073242188,756.260009765625,744.6799926757812,755.8400268554688,118611900
2012-02-02,756.010009765625,761.8400268554688,755.47998046875,761.0999755859375,103535300
2012-02-03,762.1500244140625,773.1500244140625,759.8099975585938,771.75,99678400
2012-02-06,769.4600219726562,772.0900268554688,767.1199951171875,769.6199951171875,89657300
2012-02-07,771.0999755859375,771.9500122070312,759.52001953125,763.75,96728400
2012-02-08,766.489990234375,774.4199829101562,766.489990234375,773.6099853515625,98744500
2012-02-09,775.1900024414062,777.1900024414062,769.1900024414062,773.22998046875,98452400
2012-02-10,770.5900268554688,778.280029296875,768.1400146484375,769.8900146484375,105087800
2012-02-13,771.6400146484375,776.8800048828125,769.9400024414062,775.3300170898438,73937600
2012-02-14,774.0700073242188,782.030029296875,772.6500244140625,773.8499755859375,84233100
2012-02-15,777.760009765625,783.47998046875,777.6599731445312,780.9199829101562,115214000
2012-02-16,776.0,776.02001953125,766.4500122070312,772.72998046875,98499000
2012-02-17,776.4199829101562,781.77001953125,776.4199829101562,778.3599853515625,96379000
2012-02-21,794.0599975585938,794.3300170898438,784.5399780273438,785.4099731445312,0
2012-02-22,786.1699829101562,787.1300048828125,775.1300048828125,777.52001953125,126203500
2012-02-23,777.1099853515625,781.47998046875,766.5499877929688,771.5499877929688,103222300
2012-02-24,774.280029296875,777.5700073242188,772.739990234375,775.3300170898438,90136200
2012-02-27,772.719970703125,772.719970703125,760.4000244140625,768.72998046875,0
2012-02-28,770.0499877929688,776.260009765625,768.6699829101562,776.030029296875,109800000
2012-02-29,777.510009765625,778.6300048828125,769.1199951171875,771.9600219726562,0
2012-03-01,770.8699951171875,773.2999877929688,763.5700073242188,773.1500244140625,152694000
2012-03-02,773.780029296875,778.489990234375,771.9500122070312,775.6799926757812,101514100
2012-03-05,775.010009765625,775.010009765625,767.6799926757812,772.6400146484375,79373200
2012-03-06,771.3800048828125,771.3800048828125,744.780029296875,744.8499755859375,111971800
2012-03-07,742.7999877929688,751.5800170898438,739.97998046875,750.72998046875,91223700
2012-03-08,753.530029296875,760.9500122070312,750.4199829101562,759.2100219726562,126929700
2012-03-09,760.989990234375,771.5499877929688,759.5800170898438,769.2100219726562,83587600
2012-03-12,769.780029296875,770.6900024414062,763.1199951171875,765.1099853515625,59923100
2012-03-13,767.5599975585938,774.97998046875,766.280029296875,774.97998046875,96574800
2012-03-14,777.5700073242188,782.6900024414062,776.72998046875,778.75,105877300
2012-03-15,779.4600219726562,790.8099975585938,778.9299926757812,790.6699829101562,0
2012-03-16,791.0,793.5599975585938,787.8599853515625,790.7999877929688,188900000
2012-03-19,788.8900146484375,798.5999755859375,788.0700073242188,796.5800170898438,100193500
2012-03-20,796.1599731445312,796.1599731445312,782.9199829101562,786.7000122070312,111782000
2012-03-21,788.6599731445312,791.9099731445312,780.4299926757812,784.3800048828125,94062500
2012-03-22,782.6300048828125,784.8599853515625,775.1699829101562,777.7999877929688,88178900
2012-03-23,777.9400024414062,788.1900024414062,777.9000244140625,787.0,0
2012-03-26,789.6099853515625,801.9500122070312,788.4000244140625,801.9299926757812,83598300
2012-03-27,804.0,810.739990234375,801.6099853515625,802.6099853515625,96690900
2012-03-28,801.260009765625,804.8800048828125,793.9199829101562,794.1699829101562,105920000
2012-03-29,792.72998046875,794.27001953125,781.97998046875,782.1799926757812,91287700
2012-03-30,784.9099731445312,790.72998046875,784.9099731445312,789.8699951171875,89874600
2012-04-02,790.989990234375,797.719970703125,788.27001953125,797.719970703125,0
2012-04-03,800.0999755859375,805.9099731445312,797.6799926757812,797.6799926757812,0
2012-04-04,795.8499755859375,795.8499755859375,773.6599731445312,775.239990234375,112559700
2012-04-05,777.3099975585938,784.5499877929688,772.280029296875,781.6199951171875,87754600
2012-04-10,777.4500122070312,777.530029296875,763.6099853515625,763.8200073242188,95372700
2012-04-11,761.77001953125,768.780029296875,758.8099975585938,766.5499877929688,96599800
2012-04-12,769.47998046875,783.3499755859375,768.510009765625,782.25,101825600
2012-04-13,782.2000122070312,786.489990234375,773.280029296875,777.219970703125,111466600
2012-04-16,775.8099975585938,779.7000122070312,770.8499755859375,775.2000122070312,97994300
2012-04-17,774.739990234375,786.719970703125,772.9299926757812,786.719970703125,97700000
2012-04-18,786.1799926757812,786.72998046875,779.3099975585938,783.0399780273438,85064000
2012-04-19,784.5399780273438,787.0999755859375,774.5,775.9299926757812,97393200
2012-04-20,775.5399780273438,776.760009765625,769.7999877929688,774.9199829101562,105327300
2012-04-23,772.3699951171875,772.3699951171875,754.7899780273438,757.6400146484375,90007300
2012-04-24,759.4099731445312,767.75,759.2100219726562,767.72998046875,100504300
2012-04-25,768.8099975585938,783.6400146484375,768.719970703125,782.4299926757812,110327800
2012-04-26,782.47998046875,790.47998046875,779.75,786.6199951171875,123100000
2012-04-27,784.1699829101562,794.5499877929688,780.3300170898438,791.47998046875,111300000
2012-04-30,794.030029296875,799.52001953125,794.010009765625,796.72998046875,77900000
2012-05-02,800.4500122070312,813.469970703125,789.5700073242188,795.3200073242188,138658100
2012-05-03,798.4000244140625,802.02001953125,794.0800170898438,795.9199829101562,91966900
2012-05-04,795.4400024414062,795.469970703125,779.4600219726562,781.530029296875,78900000
2012-05-07,772.3400268554688,784.6099853515625,763.4600219726562,783.7100219726562,72500000
2012-05-08,783.489990234375,783.7999877929688,770.1099853515625,772.489990234375,79700000
2012-05-09,775.0999755859375,776.510009765625,761.5800170898438,767.9099731445312,94400000
2012-05-10,770.1699829101562,776.3800048828125,768.489990234375,775.4099731445312,86400000
2012-05-11,774.8300170898438,783.4500122070312,773.1699829101562,783.0499877929688,84800000
2012-05-14,782.6699829101562,782.6699829101562,768.6599731445312,771.739990234375,69700000
2012-05-15,773.8400268554688,777.8800048828125,765.239990234375,769.469970703125,70000000
2012-05-16,768.4500122070312,768.4500122070312,754.3099975585938,759.5700073242188,81817800
2012-05-17,761.6199951171875,762.5900268554688,754.72998046875,754.8099975585938,53300000
2012-05-18,748.6799926757812,749.719970703125,741.9600219726562,742.489990234375,71700000
2012-05-21,741.6699829101562,753.2100219726562,741.6599731445312,751.4000244140625,0
2012-05-22,753.5499877929688,763.02001953125,753.5499877929688,762.5700073242188,61900000
2012-05-23,758.2000122070312,758.2000122070312,750.030029296875,750.9600219726562,64499200
2012-05-24,754.4000244140625,758.25,750.1699829101562,751.8499755859375,63512300
2012-05-25,752.2899780273438,759.47998046875,747.5900268554688,752.469970703125,61766700
2012-05-28,754.0999755859375,760.2100219726562,754.0999755859375,755.969970703125,24902900
2012-05-29,758.1900024414062,767.2899780273438,758.1900024414062,764.510009765625,0
2012-05-30,764.5800170898438,764.5800170898438,750.77001953125,751.0900268554688,60752000
2012-05-31,753.3200073242188,758.510009765625,746.780029296875,751.010009765625,77449500
2012-06-01,751.27001953125,751.5399780273438,726.9299926757812,730.9000244140625,76749600
2012-06-04,723.75,723.9600219726562,709.469970703125,713.9000244140625,67461100
2012-06-05,714.219970703125,718.0499877929688,709.2000122070312,716.3800048828125,53454000
2012-06-06,718.1900024414062,737.4299926757812,718.1900024414062,736.219970703125,71191700
2012-06-07,738.3400268554688,749.9600219726562,736.6699829101562,748.8800048828125,55666900
2012-06-08,746.02001953125,746.0999755859375,734.72998046875,745.0900268554688,54786200
2012-06-11,751.2899780273438,758.8300170898438,739.0700073242188,739.510009765625,0
2012-06-12,737.5800170898438,743.9000244140625,731.2899780273438,737.239990234375,65086400
2012-06-13,738.6500244140625,742.9400024414062,730.8800048828125,733.969970703125,60219600
2012-06-14,732.489990234375,733.219970703125,720.2899780273438,722.8599853515625,84835600
2012-06-15,724.3900146484375,728.3200073242188,723.0700073242188,726.8400268554688,121381800
2012-06-18,731.5800170898438,737.72998046875,728.2000122070312,731.1599731445312,48879300
2012-06-19,733.7899780273438,740.030029296875,732.6300048828125,740.030029296875,47256400
2012-06-20,740.489990234375,748.260009765625,737.5800170898438,748.0900268554688,65740500
2012-06-21,745.3300170898438,752.9400024414062,742.3200073242188,747.8599853515625,56132500
2012-06-22,741.280029296875,742.7000122070312,736.6300048828125,741.0900268554688,38299100
2012-06-25,739.1300048828125,739.4000244140625,725.52001953125,725.52001953125,39992100
2012-06-26,724.27001953125,725.5999755859375,718.2100219726562,718.9099731445312,45722800
2012-06-27,720.739990234375,729.4000244140625,719.280029296875,729.4000244140625,44194600
2012-06-28,730.1400146484375,732.4600219726562,721.8900146484375,725.75,43094400
2012-06-29,729.780029296875,744.219970703125,729.780029296875,743.739990234375,57277800
2012-07-02,744.6400146484375,757.0399780273438,742.6400146484375,756.780029296875,66133800
2012-07-03,758.9000244140625,769.5700073242188,758.9000244140625,768.3300170898438,74180600
2012-07-04,768.5599975585938,773.47998046875,766.989990234375,772.9199829101562,0
2012-07-05,774.469970703125,774.489990234375,764.3099975585938,770.8900146484375,47973000
2012-07-06,766.6900024414062,768.72998046875,755.969970703125,756.6300048828125,50009900
2012-07-09,756.0499877929688,758.25,751.0800170898438,752.9000244140625,41650000
2012-07-10,753.760009765625,765.7999877929688,753.3499755859375,760.1599731445312,53017000
2012-07-11,756.77001953125,758.9099731445312,750.6799926757812,752.3599853515625,51841100
2012-07-12,749.239990234375,749.4600219726562,736.8200073242188,739.469970703125,75899300
2012-07-13,741.1300048828125,751.6300048828125,740.8200073242188,751.2899780273438,45047200
2012-07-16,751.6500244140625,756.1699829101562,750.02001953125,755.25,0
2012-07-17,754.6099853515625,758.510009765625,753.5999755859375,755.4600219726562,46235400
2012-07-18,757.6900024414062,764.8400268554688,756.6900024414062,764.8400268554688,51134000
2012-07-19,765.8300170898438,775.8900146484375,765.6199951171875,775.4099731445312,69139400
2012-07-20,773.239990234375,775.27001953125,767.02001953125,768.5499877929688,66344400
2012-07-23,763.010009765625,763.010009765625,741.4400024414062,745.260009765625,68962900
2012-07-24,746.0700073242188,750.75,742.9600219726562,748.6300048828125,95372500
2012-07-25,746.6900024414062,760.22998046875,744.8300170898438,756.2000122070312,69183800
2012-07-26,754.7899780273438,772.5700073242188,754.4000244140625,772.5700073242188,70550500
2012-07-27,774.4500122070312,777.9299926757812,768.27001953125,777.9299926757812,56762200
2012-07-30,780.780029296875,782.0700073242188,777.5,780.1699829101562,45497100
2012-07-31,779.989990234375,784.6500244140625,776.8400268554688,777.6900024414062,0
2012-08-01,776.8599853515625,785.1099853515625,775.4299926757812,783.239990234375,59128000
2012-08-02,782.0499877929688,784.7999877929688,772.219970703125,773.4500122070312,72618300
2012-08-03,773.5,788.25,772.5499877929688,785.6699829101562,52316300
2012-08-06,785.3599853515625,796.6799926757812,784.260009765625,795.8300170898438,66616800
2012-08-07,794.5800170898438,796.8300170898438,789.6199951171875,796.3699951171875,66240300
2012-08-08,795.1500244140625,795.1799926757812,782.6599731445312,786.969970703125,58672100
2012-08-09,788.6599731445312,788.8300170898438,779.1400146484375,786.3699951171875,58509500
2012-08-10,784.6900024414062,785.02001953125,780.8200073242188,782.5,46771600
2012-08-13,782.2000122070312,782.5900268554688,772.6400146484375,774.4600219726562,46822000
2012-08-14,776.5800170898438,782.219970703125,775.9299926757812,778.260009765625,50892500
2012-08-15,776.9299926757812,779.77001953125,774.7000122070312,779.3099975585938,42153300
2012-08-16,778.530029296875,787.9099731445312,777.8400268554688,785.9299926757812,47627900
2012-08-17,787.3099975585938,796.9500122070312,787.3099975585938,796.1099853515625,54012000
2012-08-20,796.239990234375,798.1199951171875,790.3200073242188,792.1500244140625,37558000
2012-08-21,793.5,797.6099853515625,792.1900024414062,796.3499755859375,46099700
2012-08-22,792.7899780273438,792.8699951171875,787.4400024414062,787.8099975585938,40512300
2012-08-23,790.5800170898438,792.1199951171875,783.47998046875,785.0,42147400
2012-08-24,783.1300048828125,787.1699829101562,780.25,786.1099853515625,41201800
2012-08-27,786.1199951171875,793.3099975585938,785.8499755859375,792.3400268554688,27534200
2012-08-28,790.530029296875,791.9400024414062,787.2899780273438,791.1900024414062,35840100
2012-08-29,791.5700073242188,795.4199829101562,788.9400024414062,795.4199829101562,34887600
2012-08-30,793.1699829101562,795.6300048828125,788.9600219726562,791.3200073242188,36180000
2012-08-31,792.3699951171875,799.4000244140625,790.6599731445312,797.8300170898438,49512300
2012-09-03,794.780029296875,799.5399780273438,794.1300048828125,798.8400268554688,40739200
2012-09-04,798.4000244140625,798.4099731445312,791.6199951171875,792.5399780273438,38311800
2012-09-05,791.8200073242188,799.3699951171875,790.97998046875,795.3200073242188,45056600
2012-09-06,795.3599853515625,804.1699829101562,794.530029296875,804.010009765625,53188800
2012-09-07,803.4400024414062,811.8099975585938,803.0399780273438,810.1300048828125,52695600
2012-09-10,809.3300170898438,812.0499877929688,802.8699951171875,803.5499877929688,48852600
2012-09-11,802.6699829101562,807.9000244140625,798.489990234375,806.9000244140625,50160500
2012-09-12,807.6099853515625,811.8599853515625,806.6400146484375,811.239990234375,60232700
2012-09-13,810.9400024414062,811.1300048828125,804.530029296875,806.3800048828125,52522600
2012-09-14,810.6400146484375,818.5399780273438,810.6400146484375,814.0999755859375,56886600
2012-09-17,814.0800170898438,816.239990234375,811.27001953125,814.6099853515625,0
2012-09-18,812.8099975585938,812.8099975585938,806.6199951171875,811.3900146484375,46969100
2012-09-19,813.3900146484375,814.3800048828125,809.8599853515625,812.5900268554688,55888100
2012-09-20,808.969970703125,815.5399780273438,807.4400024414062,815.280029296875,50900800
2012-09-21,816.0800170898438,822.530029296875,816.0800170898438,819.1300048828125,85126100
2012-09-24,818.0499877929688,820.4199829101562,813.1699829101562,816.1199951171875,67108900
2012-09-25,816.9299926757812,818.22998046875,814.5499877929688,816.0399780273438,60332900
2012-09-26,811.6599731445312,811.6599731445312,801.0700073242188,802.75,81557600
2012-09-27,803.6799926757812,810.280029296875,803.25,809.8400268554688,65883800
2012-09-28,812.6199951171875,815.9400024414062,806.5,809.47998046875,71868600
2012-10-01,809.760009765625,819.969970703125,809.4299926757812,818.489990234375,70180200
2012-10-02,816.739990234375,822.739990234375,816.22998046875,820.1099853515625,71002700
2012-10-04,821.22998046875,823.6799926757812,817.0700073242188,821.2899780273438,63647600
2012-10-05,823.010009765625,830.9099731445312,822.969970703125,829.719970703125,63300000
2012-10-08,827.6799926757812,827.72998046875,822.6099853515625,824.760009765625,47419400
2012-10-09,825.4400024414062,825.6699829101562,816.8800048828125,820.1500244140625,45941300
2012-10-10,819.4400024414062,819.4400024414062,809.0599975585938,809.4000244140625,52146400
2012-10-11,808.469970703125,813.010009765625,803.6400146484375,810.4500122070312,69530600
2012-10-12,810.0599975585938,818.7899780273438,803.719970703125,814.25,89158100
2012-10-15,814.260009765625,815.8300170898438,809.8800048828125,815.8300170898438,76460400
2012-10-16,818.72998046875,827.510009765625,818.72998046875,827.4000244140625,74072900
2012-10-17,827.0900268554688,829.3599853515625,825.8400268554688,827.25,74749700
2012-10-18,827.239990234375,829.3300170898438,824.7999877929688,826.8200073242188,56077900
2012-10-19,825.27001953125,825.3200073242188,810.6599731445312,811.0900268554688,84525200
2012-10-22,809.75,809.8900146484375,804.97998046875,806.3800048828125,54127000
2012-10-23,807.1400146484375,807.4199829101562,792.4500122070312,793.3200073242188,80281400
2012-10-24,794.6699829101562,800.9600219726562,788.47998046875,800.3699951171875,75407600
2012-10-25,800.3200073242188,803.5399780273438,797.1699829101562,801.0599975585938,66594200
2012-10-26,799.1699829101562,801.510009765625,795.4299926757812,801.1500244140625,50353700
2012-10-29,800.9000244140625,800.9000244140625,795.0900268554688,799.530029296875,0
2012-10-30,799.510009765625,804.1099853515625,798.5499877929688,803.0900268554688,37950700
2012-10-31,804.010009765625,809.7999877929688,802.2999877929688,802.2999877929688,56631400
2012-11-01,803.1799926757812,807.77001953125,798.5800170898438,806.77001953125,48218600
2012-11-02,806.0399780273438,808.0800170898438,803.530029296875,807.760009765625,58442000
2012-11-05,806.47998046875,807.489990234375,803.9000244140625,806.0,54403400
2012-11-06,805.469970703125,814.3300170898438,805.2100219726562,813.1099853515625,60833400
2012-11-07,816.530029296875,825.0499877929688,812.9000244140625,814.1099853515625,82770700
2012-11-08,815.3800048828125,819.1500244140625,804.989990234375,806.6799926757812,68900800
2012-11-09,806.9600219726562,808.77001953125,798.6099853515625,803.0900268554688,62832000
2012-11-12,803.9600219726562,808.4600219726562,803.5900268554688,806.8900146484375,56306200
2012-11-13,806.030029296875,807.010009765625,800.489990234375,805.3300170898438,57688600
2012-11-14,805.1699829101562,805.7999877929688,801.3099975585938,802.5499877929688,47909800
2012-11-15,799.3800048828125,800.4099731445312,794.6699829101562,794.7100219726562,50882400
2012-11-16,794.5499877929688,796.9099731445312,789.1300048828125,790.989990234375,51338200
2012-11-19,794.010009765625,804.97998046875,794.010009765625,804.47998046875,48660100
2012-11-20,803.7000122070312,810.3300170898438,802.989990234375,809.6099853515625,60663700
2012-11-21,808.0,811.489990234375,806.9299926757812,810.3499755859375,44738800
2012-11-22,812.1599731445312,824.3099975585938,811.8699951171875,824.25,0
2012-11-23,825.489990234375,827.8599853515625,823.4400024414062,826.3699951171875,43949500
2012-11-26,826.47998046875,830.510009765625,822.8800048828125,830.0,42098300
2012-11-27,832.2000122070312,836.969970703125,832.2000122070312,836.8200073242188,50831000
2012-11-28,834.9400024414062,835.1900024414062,828.719970703125,834.1099853515625,45298300
2012-11-29,835.7100219726562,844.2999877929688,834.5700073242188,844.0900268554688,54541700
2012-11-30,843.9199829101562,845.989990234375,840.5700073242188,840.7899780273438,64526700
2012-12-03,840.52001953125,846.9099731445312,840.0499877929688,842.6400146484375,51930300
2012-12-04,841.1400146484375,841.1400146484375,831.4199829101562,833.2100219726562,91113800
2012-12-05,834.0499877929688,835.0800170898438,831.6799926757812,834.3699951171875,58430500
2012-12-06,835.4500122070312,841.5,835.4500122070312,840.260009765625,62302400
2012-12-07,841.0,841.260009765625,832.5399780273438,835.7899780273438,61544400
2012-12-10,834.0999755859375,834.1300048828125,829.3099975585938,831.7100219726562,59697700
2012-12-11,832.27001953125,833.4000244140625,830.3200073242188,832.760009765625,66067300
2012-12-12,834.4299926757812,836.1799926757812,832.7100219726562,835.780029296875,68289900
2012-12-13,836.3200073242188,836.969970703125,832.1799926757812,833.280029296875,58180000
2012-12-14,835.3499755859375,836.280029296875,829.280029296875,830.0399780273438,45771000
2012-12-17,830.3599853515625,833.1799926757812,825.8200073242188,826.9400024414062,64535700
2012-12-18,828.3699951171875,834.0399780273438,828.3699951171875,833.780029296875,66581500
2012-12-19,835.489990234375,840.8200073242188,835.3900146484375,839.2899780273438,72390900
2012-12-20,838.2999877929688,841.280029296875,835.719970703125,839.4400024414062,54267200
2012-12-21,837.72998046875,837.72998046875,829.3900146484375,835.989990234375,99808500
2012-12-27,834.1300048828125,835.4299926757812,829.469970703125,830.1900024414062,47174700
2012-12-28,830.3099975585938,832.4199829101562,826.530029296875,828.1099853515625,36968200
2013-01-02,831.1599731445312,842.75,831.1599731445312,842.75,70447100
2013-01-03,842.9299926757812,855.260009765625,842.8599853515625,854.02001953125,73503500
2013-01-04,854.8099975585938,855.3699951171875,849.780029296875,855.239990234375,66532300
2013-01-07,855.8599853515625,859.8200073242188,851.989990234375,859.6099853515625,74693700
2013-01-08,860.2899780273438,871.7899780273438,859.6799926757812,864.52001953125,96888600
2013-01-09,865.469970703125,875.27001953125,865.469970703125,875.27001953125,70103900
2013-01-10,876.0399780273438,881.780029296875,873.6900024414062,875.2999877929688,101345000
2013-01-11,876.6599731445312,879.9199829101562,871.0999755859375,873.6599731445312,64029400
2013-01-14,874.9600219726562,878.2899780273438,867.469970703125,868.6400146484375,82674500
2013-01-15,868.22998046875,869.1199951171875,857.4500122070312,859.0399780273438,75617800
2013-01-16,857.6599731445312,863.719970703125,856.9199829101562,862.8499755859375,63138800
2013-01-17,863.6699829101562,871.6599731445312,861.8400268554688,871.6599731445312,68613000
2013-01-18,872.9600219726562,875.3900146484375,870.9600219726562,871.5599975585938,63684300
2013-01-21,874.97998046875,875.489990234375,870.5,874.1500244140625,44327900
2013-01-22,874.1500244140625,874.7899780273438,864.989990234375,871.260009765625,69222100
2013-01-23,872.6300048828125,887.8699951171875,872.0599975585938,887.6400146484375,104072300
2013-01-24,887.6300048828125,891.8599853515625,883.3400268554688,888.4500122070312,87926000
2013-01-25,888.8499755859375,893.3099975585938,885.5499877929688,889.1300048828125,81002800
2013-01-28,890.489990234375,892.260009765625,887.8300170898438,888.8599853515625,80267000
2013-01-29,889.1199951171875,890.4500122070312,873.4299926757812,875.1599731445312,178181200
2013-01-30,875.2100219726562,882.7000122070312,874.7999877929688,880.2000122070312,113541700
2013-01-31,878.77001953125,880.1300048828125,864.8400268554688,866.4000244140625,149379000
2013-02-01,867.9199829101562,881.0900268554688,867.6199951171875,880.3200073242188,112244700
2013-02-04,882.3900146484375,885.6300048828125,872.97998046875,873.010009765625,84838400
2013-02-05,872.1199951171875,876.8699951171875,867.780029296875,875.3099975585938,95115200
2013-02-06,877.5999755859375,888.3800048828125,877.239990234375,880.1500244140625,101007500
2013-02-07,880.969970703125,882.3900146484375,876.219970703125,877.4000244140625,65479000
2013-02-08,878.6599731445312,886.239990234375,878.6599731445312,885.3099975585938,81086100
2013-02-11,886.1099853515625,886.6300048828125,880.2000122070312,881.02001953125,59189000
2013-02-12,882.1099853515625,890.9600219726562,880.2999877929688,890.9600219726562,75547100
2013-02-13,891.989990234375,904.5499877929688,891.9299926757812,901.6099853515625,104988200
2013-02-14,901.6099853515625,902.72998046875,891.3099975585938,897.0399780273438,84136800
2013-02-15,897.3300170898438,902.0399780273438,892.530029296875,899.5499877929688,84259300
2013-02-18,900.530029296875,903.4400024414062,894.3599853515625,897.739990234375,72591900
2013-02-19,898.8400268554688,905.77001953125,896.1699829101562,905.760009765625,88245600
2013-02-20,907.47998046875,912.1400146484375,906.0700073242188,908.6500244140625,96281300
2013-02-21,907.3499755859375,907.8499755859375,894.3900146484375,896.7899780273438,96285500
2013-02-22,897.9099731445312,909.489990234375,897.1300048828125,906.7100219726562,82028300
2013-02-25,908.0999755859375,918.3400268554688,908.0999755859375,912.9099731445312,97284000
2013-02-26,905.3300170898438,906.1900024414062,896.0399780273438,903.4099731445312,96588600
2013-02-27,905.6699829101562,909.3900146484375,902.4000244140625,908.1500244140625,78785700
2013-02-28,910.7899780273438,919.6099853515625,910.1799926757812,918.1900024414062,126430300
2013-03-01,918.5,922.5900268554688,906.9000244140625,915.9600219726562,112792500
2013-03-04,914.1500244140625,914.5700073242188,908.0399780273438,909.2000122070312,70500500
2013-03-05,911.6599731445312,922.1400146484375,911.6599731445312,920.1300048828125,100026500
2013-03-06,921.8800048828125,930.5,920.1199951171875,920.3099975585938,113089300
2013-03-07,922.0599975585938,924.5900268554688,920.0,922.1500244140625,87006600
2013-03-08,923.8099975585938,925.9099731445312,914.3499755859375,919.0800170898438,90758600
2013-03-11,920.469970703125,921.6900024414062,917.2000122070312,921.27001953125,85374000
2013-03-12,920.9600219726562,928.25,920.47998046875,926.760009765625,89115500
2013-03-13,926.97998046875,927.5800170898438,919.0399780273438,923.0399780273438,87754900
2013-03-14,925.6199951171875,929.3300170898438,923.52001953125,927.3900146484375,89503300
2013-03-15,928.3099975585938,931.510009765625,924.7899780273438,924.8200073242188,125545000
2013-03-18,919.1500244140625,926.6799926757812,913.3400268554688,924.6300048828125,93679600
2013-03-19,924.5900268554688,925.5999755859375,915.6699829101562,917.25,94229600
2013-03-20,919.030029296875,926.1699829101562,917.010009765625,921.22998046875,91178200
2013-03-21,922.4600219726562,923.97998046875,912.3699951171875,915.3099975585938,101770700
2013-03-22,913.780029296875,916.8699951171875,909.1400146484375,914.4299926757812,81441800
2013-03-25,918.1099853515625,927.2999877929688,917.2000122070312,920.4000244140625,109505400
2013-03-26,921.5700073242188,928.7000122070312,921.5700073242188,928.5399780273438,85425400
2013-03-27,929.2999877929688,931.3499755859375,913.8599853515625,918.3300170898438,96870000
2013-03-28,917.9500122070312,933.77001953125,917.5900268554688,932.030029296875,101621900
2013-04-02,932.9400024414062,943.0700073242188,932.9400024414062,940.9199829101562,103140000
2013-04-03,942.7100219726562,949.0700073242188,938.8599853515625,941.969970703125,97523500
2013-04-04,943.1199951171875,943.530029296875,921.47998046875,922.8200073242188,100558800
2013-04-05,925.4199829101562,926.0399780273438,901.0999755859375,903.489990234375,103463200
2013-04-08,905.4099731445312,916.7000122070312,905.4099731445312,912.6400146484375,79255900
2013-04-09,915.7000122070312,918.030029296875,906.1500244140625,910.3699951171875,75187000
2013-04-10,911.77001953125,924.469970703125,911.27001953125,924.0499877929688,93825400
2013-04-11,925.3800048828125,939.0499877929688,924.6500244140625,938.2999877929688,94907100
2013-04-12,937.4600219726562,937.4600219726562,925.75,929.3099975585938,87356800
2013-04-15,929.530029296875,931.25,921.27001953125,923.9299926757812,101248700
2013-04-16,919.72998046875,920.3300170898438,911.0900268554688,911.719970703125,105973700
2013-04-17,913.47998046875,916.530029296875,898.3599853515625,898.3900146484375,132960700
2013-04-18,900.25,905.760009765625,893.719970703125,896.6300048828125,145199900
2013-04-19,896.9500122070312,909.8099975585938,896.47998046875,906.6900024414062,106411800
2013-04-22,910.3699951171875,918.3800048828125,907.2999877929688,910.8599853515625,89875100
2013-04-23,910.8699951171875,920.0599975585938,905.1900024414062,919.8499755859375,124975300
2013-04-24,919.9199829101562,922.8800048828125,917.3200073242188,921.0399780273438,114010900
2013-04-25,922.1400146484375,926.4299926757812,914.7899780273438,923.8499755859375,116212700
2013-04-26,923.010009765625,926.530029296875,916.239990234375,920.8200073242188,93672500
2013-04-29,923.8900146484375,927.7899780273438,921.719970703125,924.72998046875,101165400
2013-04-30,927.47998046875,931.9600219726562,918.8599853515625,923.1900024414062,150790700
2013-05-02,923.7899780273438,926.780029296875,917.1099853515625,921.6099853515625,114945300
2013-05-03,921.1500244140625,931.72998046875,919.1799926757812,929.6799926757812,117731800
2013-05-06,931.1099853515625,936.3099975585938,930.6099853515625,932.6500244140625,80528600
2013-05-07,933.8400268554688,939.2000122070312,933.6400146484375,935.9199829101562,124140500
2013-05-08,936.9500122070312,945.6199951171875,936.5499877929688,945.25,137047300
2013-05-09,944.52001953125,946.489990234375,942.3599853515625,946.489990234375,69173400
2013-05-10,948.0,952.489990234375,944.77001953125,948.3599853515625,143246900
2013-05-13,948.9400024414062,953.0,945.6199951171875,951.3200073242188,125552100
2013-05-14,952.7000122070312,962.72998046875,949.6599731445312,962.72998046875,127820000
2013-05-15,964.3599853515625,967.2999877929688,962.72998046875,966.6900024414062,129306800
2013-05-16,966.7100219726562,973.6099853515625,966.7100219726562,970.4000244140625,139410700
2013-05-17,971.5499877929688,971.5499877929688,964.219970703125,967.4600219726562,141095400
2013-05-20,968.1199951171875,972.3300170898438,968.0900268554688,971.280029296875,71258500
2013-05-21,971.7999877929688,973.6799926757812,959.6199951171875,968.8699951171875,146075300
2013-05-22,968.8900146484375,978.4299926757812,968.27001953125,975.7999877929688,130178800
2013-05-23,968.7000122070312,968.7000122070312,950.27001953125,960.989990234375,133182800
2013-05-24,961.4099731445312,966.47998046875,953.3699951171875,957.97998046875,123731700
2013-05-27,959.5900268554688,969.5499877929688,959.5900268554688,968.530029296875,54003500
2013-05-28,970.7100219726562,985.030029296875,970.7100219726562,979.260009765625,137015700
2013-05-29,978.5800170898438,978.9500122070312,965.77001953125,966.3800048828125,117234700
2013-05-30,965.27001953125,969.8200073242188,963.239990234375,969.0599975585938,83095600
2013-05-31,969.9099731445312,971.1799926757812,960.4000244140625,964.9199829101562,251233900
2013-06-03,960.7000122070312,965.1099853515625,948.3400268554688,955.0499877929688,120624000
2013-06-04,958.760009765625,963.5800170898438,954.6500244140625,957.9199829101562,112276200
2013-06-05,956.4299926757812,960.7000122070312,949.97998046875,950.5900268554688,98640800
2013-06-06,950.0,957.1599731445312,946.8499755859375,947.1900024414062,99166500
2013-06-07,948.8800048828125,958.030029296875,939.0399780273438,956.030029296875,83379700
2013-06-10,957.469970703125,964.75,957.469970703125,961.97998046875,88773400
2013-06-11,961.530029296875,962.1799926757812,950.5900268554688,955.469970703125,74309700
2013-06-12,953.989990234375,959.969970703125,951.4099731445312,953.1099853515625,87063500
2013-06-13,948.0800170898438,948.1199951171875,935.3499755859375,945.0,109937500
2013-06-14,947.6300048828125,953.2899780273438,946.3099975585938,947.3599853515625,74466400
2013-06-17,949.510009765625,954.260009765625,949.510009765625,952.1099853515625,75752100
2013-06-18,952.77001953125,959.9000244140625,951.1099853515625,959.02001953125,0
2013-06-19,960.3800048828125,960.77001953125,953.3900146484375,958.3699951171875,96868100
2013-06-20,951.2899780273438,951.2899780273438,932.77001953125,933.6199951171875,97254700
2013-06-21,932.010009765625,936.3800048828125,920.02001953125,920.1199951171875,206581800
2013-06-24,919.469970703125,919.9600219726562,898.1300048828125,898.3099975585938,123756000
2013-06-25,900.0700073242188,911.1400146484375,900.0700073242188,909.739990234375,103161100
2013-06-26,911.0800170898438,931.6699829101562,910.1900024414062,931.1300048828125,102398800
2013-06-27,933.6400146484375,955.260009765625,933.6400146484375,952.8200073242188,118420800
2013-06-28,954.1900024414062,954.8099975585938,940.52001953125,946.3499755859375,97185100
2013-07-01,948.0399780273438,955.2100219726562,943.9400024414062,955.1500244140625,73415300
2013-07-02,955.1300048828125,955.8800048828125,946.3900146484375,952.3300170898438,84511500
2013-07-03,950.3200073242188,950.3200073242188,938.5800170898438,944.9600219726562,72074300
2013-07-04,947.9099731445312,961.5599975585938,947.9099731445312,961.3300170898438,0
2013-07-05,963.1400146484375,966.5599975585938,952.239990234375,952.4199829101562,80284500
2013-07-08,955.280029296875,969.9099731445312,955.280029296875,966.3099975585938,72749900
2013-07-09,967.030029296875,973.780029296875,965.0800170898438,972.52001953125,84821100
2013-07-10,972.5499877929688,981.3800048828125,967.0,971.6300048828125,93425100
2013-07-11,975.4299926757812,986.9299926757812,975.4299926757812,986.719970703125,100459500
2013-07-12,987.52001953125,995.4299926757812,986.8699951171875,991.6799926757812,85217300
2013-07-15,994.6199951171875,998.4199829101562,992.6900024414062,994.469970703125,75738500
2013-07-16,994.5599975585938,995.3400268554688,988.9299926757812,990.989990234375,64669600
2013-07-17,990.6099853515625,990.7100219726562,978.9099731445312,987.8200073242188,95027100
2013-07-18,988.0700073242188,997.5800170898438,984.4400024414062,997.5800170898438,87447000
2013-07-19,995.0499877929688,995.0499877929688,989.6199951171875,991.969970703125,86833400
2013-07-22,992.22998046875,999.5800170898438,991.3300170898438,997.6099853515625,88429400
2013-07-23,1000.0900268554688,1006.97998046875,989.97998046875,991.6099853515625,0
2013-07-24,992.9199829101562,1003.1300048828125,992.739990234375,999.5499877929688,103290500
2013-07-25,998.1500244140625,999.4199829101562,984.6900024414062,987.8300170898438,111598500
2013-07-26,989.4099731445312,992.1799926757812,985.22998046875,987.1799926757812,79346200
2013-07-29,990.3099975585938,994.7000122070312,987.469970703125,988.6099853515625,0
2013-07-30,989.7999877929688,998.5399780273438,989.760009765625,996.2100219726562,0
2013-07-31,996.0499877929688,998.22998046875,991.5800170898438,996.760009765625,0
2013-08-01,997.4600219726562,1006.8599853515625,997.27001953125,1004.4099731445312,0
2013-08-02,1006.2000122070312,1007.7000122070312,1000.9099731445312,1002.760009765625,0
2013-08-05,1002.6400146484375,1011.0999755859375,1002.6400146484375,1010.1900024414062,0
2013-08-06,1009.9400024414062,1015.8300170898438,1007.3800048828125,1009.9099731445312,0
2013-08-07,1008.5499877929688,1015.2899780273438,1007.0599975585938,1014.8099975585938,0
2013-08-08,1015.6900024414062,1019.6699829101562,1013.5700073242188,1018.8200073242188,0
2013-08-09,1021.6699829101562,1023.4600219726562,1017.719970703125,1020.9199829101562,0
2013-08-12,1020.719970703125,1028.2099609375,1018.5599975585938,1027.010009765625,0
2013-08-13,1027.550048828125,1032.9000244140625,1027.3299560546875,1030.3699951171875,0
2013-08-14,1030.530029296875,1043.030029296875,1030.280029296875,1042.050048828125,0
2013-08-15,1040.9100341796875,1042.300048828125,1029.0999755859375,1032.1500244140625,0
2013-08-16,1031.0699462890625,1031.489990234375,1024.489990234375,1030.989990234375,0
2013-08-19,1031.5799560546875,1034.81005859375,1025.300048828125,1028.68994140625,0
2013-08-20,1025.550048828125,1025.8900146484375,1016.2999877929688,1022.5,0
2013-08-21,1021.9600219726562,1022.9199829101562,1016.530029296875,1020.9299926757812,0
2013-08-22,1021.8599853515625,1040.8399658203125,1021.8099975585938,1039.1500244140625,0
2013-08-23,1040.6099853515625,1043.2900390625,1038.0799560546875,1041.199951171875,0
2013-08-26,1044.7900390625,1051.22998046875,1040.5999755859375,1045.81005859375,0
2013-08-27,1042.699951171875,1043.8699951171875,1018.6500244140625,1021.030029296875,0
2013-08-28,1016.6500244140625,1016.6500244140625,1000.8200073242188,1010.1199951171875,0
2013-08-29,1013.1599731445312,1026.68994140625,1013.1599731445312,1026.22998046875,0
2013-08-30,1027.0999755859375,1028.81005859375,1018.22998046875,1019.8400268554688,0
2013-09-02,1022.9400024414062,1036.56005859375,1022.7100219726562,1036.56005859375,0
2013-09-03,1038.949951171875,1041.3499755859375,1033.1400146484375,1035.530029296875,0
2013-09-04,1036.6500244140625,1042.1500244140625,1031.3599853515625,1041.97998046875,0
2013-09-05,1046.0,1050.9599609375,1043.52001953125,1050.9300537109375,0
2013-09-06,1050.25,1052.280029296875,1039.81005859375,1044.1099853515625,0
2013-09-09,1044.56005859375,1047.52001953125,1042.3800048828125,1046.75,0
2013-09-10,1050.8800048828125,1065.969970703125,1050.8800048828125,1063.6300048828125,0
2013-09-11,1064.97998046875,1066.4000244140625,1056.530029296875,1058.010009765625,0
2013-09-12,1059.8199462890625,1064.9000244140625,1055.239990234375,1062.7900390625,0
2013-09-13,1063.1199951171875,1065.5899658203125,1060.4300537109375,1063.449951171875,0
2013-09-16,1066.93994140625,1076.010009765625,1066.93994140625,1075.9300537109375,0
2013-09-17,1075.8399658203125,1077.1500244140625,1070.18994140625,1070.6099853515625,0
2013-09-18,1071.9000244140625,1073.47998046875,1067.6800537109375,1072.18994140625,0
2013-09-19,1076.4599609375,1081.31005859375,1073.5999755859375,1074.5400390625,0
2013-09-20,1072.949951171875,1074.949951171875,1067.1600341796875,1067.489990234375,0
2013-09-23,1068.739990234375,1072.6700439453125,1065.2099609375,1070.52001953125,0
2013-09-24,1073.469970703125,1074.1800537109375,1069.719970703125,1071.75,0
2013-09-25,1071.3199462890625,1078.1400146484375,1068.699951171875,1077.9000244140625,0
2013-09-26,1078.0899658203125,1079.5400390625,1071.6400146484375,1079.5400390625,0
2013-09-27,1079.93994140625,1087.72998046875,1079.93994140625,1087.68994140625,0
2013-09-30,1083.4599609375,1083.5799560546875,1074.3199462890625,1083.510009765625,0
2013-10-01,1082.0699462890625,1090.8900146484375,1079.4200439453125,1090.72998046875,0
2013-10-02,1091.5699462890625,1097.760009765625,1090.22998046875,1095.1600341796875,0
2013-10-04,1093.5699462890625,1094.72998046875,1088.719970703125,1094.469970703125,0
2013-10-07,1093.2900390625,1094.0799560546875,1081.2099609375,1089.1400146484375,0
2013-10-08,1089.3399658203125,1090.260009765625,1078.75,1079.8800048828125,0
2013-10-09,1077.8199462890625,1077.8199462890625,1064.9200439453125,1068.699951171875,0
2013-10-10,1071.8399658203125,1085.050048828125,1068.9300537109375,1085.050048828125,0
2013-10-11,1085.9599609375,1090.1400146484375,1085.9599609375,1088.199951171875,0
2013-10-14,1086.6099853515625,1087.3699951171875,1082.1400146484375,1087.27001953125,0
2013-10-15,1090.68994140625,1100.3299560546875,1090.68994140625,1099.219970703125,0
2013-10-16,1097.5899658203125,1098.2900390625,1088.780029296875,1098.260009765625,0
2013-10-17,1100.239990234375,1102.52001953125,1094.06005859375,1097.1700439453125,0
2013-10-18,1099.43994140625,1104.0999755859375,1098.9300537109375,1104.0999755859375,0
2013-10-21,1106.4100341796875,1118.8399658203125,1106.4100341796875,1118.81005859375,0
2013-10-22,1119.969970703125,1124.300048828125,1117.6800537109375,1122.77001953125,0
2013-10-23,1121.8900146484375,1122.260009765625,1115.4100341796875,1118.719970703125,0
2013-10-24,1119.3900146484375,1125.5999755859375,1118.1500244140625,1120.47998046875,0
2013-10-25,1120.199951171875,1122.4000244140625,1116.0699462890625,1119.449951171875,0
2013-10-28,1121.530029296875,1128.5400390625,1121.1500244140625,1122.31005859375,0
2013-10-29,1121.6800537109375,1125.2900390625,1118.52001953125,1125.2900390625,0
2013-10-30,1127.7900390625,1136.6300048828125,1124.4000244140625,1128.030029296875,0
2013-10-31,1126.030029296875,1130.0699462890625,1116.1500244140625,1129.8499755859375,0
2013-11-01,1130.1600341796875,1137.260009765625,1127.8399658203125,1136.0799560546875,0
2013-11-04,1140.2099609375,1143.0999755859375,1137.3399658203125,1139.25,0
2013-11-05,1141.6400146484375,1144.5400390625,1129.06005859375,1130.68994140625,0
2013-11-06,1132.5799560546875,1146.02001953125,1132.4100341796875,1141.8499755859375,0
2013-11-07,1143.050048828125,1152.8199462890625,1139.27001953125,1141.9100341796875,0
2013-11-08,1140.31005859375,1140.3800048828125,1120.2099609375,1134.06005859375,0
2013-11-11,1137.68994140625,1144.5,1133.0899658203125,1140.7099609375,16108900
2013-11-12,1142.760009765625,1144.1700439453125,1125.239990234375,1126.2900390625,16281900
2013-11-13,1126.3800048828125,1126.3800048828125,1115.6099853515625,1124.27001953125,14311000
2013-11-14,1129.989990234375,1146.449951171875,1129.800048828125,1145.9100341796875,13846700
2013-11-15,1148.0999755859375,1154.18994140625,1146.2099609375,1153.219970703125,9501100
2013-11-18,1155.6500244140625,1160.800048828125,1154.219970703125,1157.3699951171875,10455700
2013-11-19,1156.260009765625,1157.1500244140625,1142.0,1146.3599853515625,10230700
2013-11-20,1144.010009765625,1144.4100341796875,1130.3199462890625,1139.1500244140625,9200900
2013-11-21,1136.6700439453125,1136.6700439453125,1131.239990234375,1135.2900390625,7777500
2013-11-22,1135.7099609375,1140.550048828125,1134.0,1135.550048828125,8773400
2013-11-25,1138.75,1145.97998046875,1138.75,1145.199951171875,8459200
2013-11-26,1143.8499755859375,1148.9000244140625,1143.81005859375,1147.81005859375,8445800
2013-11-27,1147.31005859375,1150.8199462890625,1144.5699462890625,1149.93994140625,9273700
2013-11-28,1151.8299560546875,1155.31005859375,1150.3800048828125,1151.530029296875,6585200
2013-11-29,1151.3299560546875,1156.0799560546875,1149.6600341796875,1154.8900146484375,7145700
2013-12-02,1155.3199462890625,1158.93994140625,1150.9599609375,1156.239990234375,6951500
2013-12-03,1154.8699951171875,1156.75,1133.75,1134.760009765625,10261900
2013-12-04,1133.969970703125,1135.93994140625,1118.010009765625,1121.97998046875,11704200
2013-12-05,1120.0400390625,1125.3399658203125,1110.9100341796875,1118.0699462890625,11138900
2013-12-06,1119.02001953125,1131.4300537109375,1118.280029296875,1131.4300537109375,8318200
2013-12-09,1134.739990234375,1142.1400146484375,1134.4100341796875,1141.9000244140625,9108600
2013-12-10,1142.0799560546875,1150.010009765625,1136.1199951171875,1137.0,9525000
2013-12-11,1135.989990234375,1139.8900146484375,1130.260009765625,1130.2900390625,6352800
2013-12-12,1128.18994140625,1128.18994140625,1113.739990234375,1115.0799560546875,10108100
2013-12-13,1115.969970703125,1118.0,1108.530029296875,1110.9200439453125,14349900
2013-12-16,1109.719970703125,1123.1500244140625,1109.719970703125,1122.3399658203125,10115200
2013-12-17,1121.7900390625,1131.72998046875,1121.530029296875,1128.2900390625,8022300
2013-12-18,1129.4599609375,1145.4300537109375,1129.4599609375,1143.030029296875,9007700
2013-12-19,1148.6199951171875,1158.489990234375,1148.6199951171875,1154.5400390625,6903500
2013-12-20,1157.3199462890625,1158.9000244140625,1151.5999755859375,1156.8800048828125,13087800
2013-12-23,1158.93994140625,1164.1500244140625,1158.93994140625,1164.1500244140625,6943800
2013-12-27,1166.0799560546875,1169.1500244140625,1161.4100341796875,1164.4300537109375,6221400
2013-12-30,1163.56005859375,1167.4000244140625,1160.719970703125,1166.8199462890625,4946800
2014-01-02,1169.3199462890625,1177.1700439453125,1166.6300048828125,1166.6500244140625,7561200
2014-01-03,1167.6800537109375,1183.550048828125,1164.8599853515625,1182.989990234375,7654700
2014-01-06,1184.0799560546875,1188.550048828125,1177.52001953125,1182.3800048828125,9582700
2014-01-07,1185.699951171875,1195.4599609375,1182.3199462890625,1194.68994140625,12346900
2014-01-08,1198.3499755859375,1200.030029296875,1193.25,1194.699951171875,12405100
2014-01-09,1197.02001953125,1206.93994140625,1195.5400390625,1199.8800048828125,8734800
2014-01-10,1204.4100341796875,1218.3199462890625,1203.6099853515625,1215.2900390625,8605900
2014-01-13,1218.7099609375,1227.56005859375,1218.7099609375,1227.4599609375,10035500
2014-01-14,1221.760009765625,1227.1099853515625,1209.9000244140625,1226.9100341796875,8905000
2014-01-15,1231.3699951171875,1246.9599609375,1231.3699951171875,1246.489990234375,11134300
2014-01-16,1248.4200439453125,1250.219970703125,1239.6400146484375,1242.8199462890625,10560100
2014-01-17,1241.8499755859375,1253.530029296875,1240.22998046875,1252.9000244140625,9482400
2014-01-20,1252.5,1253.510009765625,1248.0899658203125,1249.6700439453125,7380200
2014-01-21,1251.4100341796875,1258.56005859375,1249.4300537109375,1253.4599609375,7705700
2014-01-22,1254.030029296875,1264.3699951171875,1254.030029296875,1264.219970703125,7046000
2014-01-23,1263.760009765625,1267.199951171875,1246.0899658203125,1249.3399658203125,10300100
2014-01-24,1247.02001953125,1249.9599609375,1217.6400146484375,1219.8599853515625,11392800
2014-01-27,1211.56005859375,1212.3399658203125,1189.3599853515625,1194.27001953125,14162900
2014-01-28,1198.4599609375,1225.1600341796875,1198.4599609375,1224.0,11464100
2014-01-29,1231.030029296875,1244.3900146484375,1208.6300048828125,1217.6700439453125,10636300
2014-01-30,1218.8299560546875,1221.6400146484375,1208.719970703125,1219.72998046875,9041500
2014-01-31,1221.22998046875,1224.050048828125,1206.0899658203125,1221.1500244140625,9473300
2014-02-03,1221.5999755859375,1227.8699951171875,1211.6800537109375,1211.93994140625,8418500
2014-02-04,1203.760009765625,1204.2900390625,1185.5799560546875,1202.9100341796875,11497900
2014-02-05,1202.550048828125,1210.6800537109375,1197.6500244140625,1199.1600341796875,7388200
2014-02-06,1202.2099609375,1221.6099853515625,1202.2099609375,1220.8900146484375,8524200
2014-02-07,1223.4100341796875,1227.56005859375,1221.1199951171875,1224.780029296875,6714000
2014-02-10,1229.719970703125,1234.0699462890625,1227.050048828125,1228.469970703125,5945300
2014-02-11,1232.2900390625,1242.5699462890625,1232.2900390625,1242.3399658203125,7021700
2014-02-12,1244.0699462890625,1254.5,1244.0699462890625,1251.8199462890625,7980000
2014-02-13,1250.1800537109375,1256.6500244140625,1244.22998046875,1256.489990234375,6721900
2014-02-14,1258.8699951171875,1265.52001953125,1255.949951171875,1257.260009765625,6856000
2014-02-18,1272.1099853515625,1275.1800537109375,1267.8399658203125,1269.969970703125,7987100
2014-02-19,1267.93994140625,1273.8499755859375,1263.5899658203125,1269.989990234375,8823900
2014-02-20,1263.0699462890625,1263.0699462890625,1249.3599853515625,1260.2900390625,10411900
2014-02-21,1262.8599853515625,1266.9200439453125,1261.8399658203125,1265.3199462890625,7509600
2014-02-24,1264.510009765625,1275.9000244140625,1261.7099609375,1275.9000244140625,10275100
2014-02-25,1276.8900146484375,1277.5699462890625,1263.5699462890625,1270.219970703125,9671900
2014-02-26,1270.300048828125,1271.7099609375,1266.0899658203125,1269.239990234375,11854800
2014-02-27,1269.27001953125,1269.3299560546875,1243.5999755859375,1262.0899658203125,12371700
2014-02-28,1263.0400390625,1286.0999755859375,1262.260009765625,1286.0999755859375,12151100
2014-03-03,1267.719970703125,1267.719970703125,1237.9300537109375,1241.2099609375,15370600
2014-03-04,1245.1400146484375,1276.47998046875,1245.0899658203125,1275.75,10255000
2014-03-05,1275.550048828125,1283.0999755859375,1273.3599853515625,1281.3199462890625,8217700
2014-03-06,1284.449951171875,1295.25,1284.449951171875,1292.52001953125,8843100
2014-03-07,1291.02001953125,1292.489990234375,1272.0999755859375,1273.6600341796875,8005200
2014-03-10,1270.7900390625,1277.6700439453125,1262.9100341796875,1266.5999755859375,6500500
2014-03-11,1268.06005859375,1273.4100341796875,1265.489990234375,1267.5999755859375,5890100
2014-03-12,1263.8900146484375,1263.8900146484375,1241.77001953125,1247.800048828125,6409600
2014-03-13,1248.6099853515625,1251.9200439453125,1222.760009765625,1222.760009765625,9073400
2014-03-14,1215.1700439453125,1215.469970703125,1192.31005859375,1211.97998046875,11876900
2014-03-17,1214.3499755859375,1244.0400390625,1214.0,1244.0400390625,7573200
2014-03-18,1246.3199462890625,1257.75,1241.1300048828125,1253.4300537109375,8121200
2014-03-19,1253.2900390625,1259.6099853515625,1247.6300048828125,1256.22998046875,6709000
2014-03-20,1252.9200439453125,1252.9200439453125,1232.06005859375,1244.780029296875,6105900
2014-03-21,1245.25,1252.97998046875,1237.02001953125,1237.02001953125,9163700
2014-03-24,1238.3499755859375,1241.4100341796875,1201.2099609375,1206.25,8731600
2014-03-25,1209.0899658203125,1227.010009765625,1209.0899658203125,1221.050048828125,7730800
2014-03-26,1226.8599853515625,1239.5999755859375,1226.8599853515625,1236.4599609375,6593000
2014-03-27,1234.1700439453125,1240.6400146484375,1229.3900146484375,1240.6400146484375,8039700
2014-03-28,1243.18994140625,1251.8900146484375,1242.6300048828125,1246.050048828125,6423300
2014-03-31,1250.02001953125,1254.550048828125,1248.1300048828125,1251.97998046875,8278800
2014-04-01,1256.81005859375,1269.06005859375,1256.81005859375,1265.72998046875,7868300
2014-04-02,1271.1700439453125,1275.5999755859375,1269.800048828125,1272.52001953125,8811300
2014-04-03,1275.3299560546875,1275.8800048828125,1267.1500244140625,1270.3499755859375,7377700
2014-04-04,1273.8900146484375,1278.1199951171875,1272.219970703125,1273.949951171875,5811200
2014-04-07,1266.43994140625,1266.43994140625,1233.800048828125,1236.0799560546875,8600800
2014-04-08,1237.2099609375,1237.6600341796875,1205.22998046875,1220.93994140625,11130900
2014-04-09,1224.68994140625,1247.1199951171875,1224.52001953125,1241.2099609375,8094900
2014-04-10,1248.93994140625,1256.8299560546875,1224.5400390625,1224.5400390625,8107300
2014-04-11,1217.9100341796875,1218.0,1196.3399658203125,1206.780029296875,8266700
2014-04-14,1199.0799560546875,1199.5699462890625,1161.1400146484375,1177.1500244140625,11872900
2014-04-15,1178.5400390625,1182.22998046875,1155.3900146484375,1156.8499755859375,11986800
2014-04-16,1162.6700439453125,1187.510009765625,1162.6700439453125,1187.510009765625,10249500
2014-04-17,1189.8299560546875,1200.0400390625,1186.1099853515625,1199.1199951171875,7755800
2014-04-22,1204.72998046875,1228.1400146484375,1204.719970703125,1228.1400146484375,8413300
2014-04-23,1229.449951171875,1231.0899658203125,1217.3499755859375,1224.0400390625,6649400
2014-04-24,1229.699951171875,1239.9200439453125,1214.010009765625,1223.3800048828125,9056000
2014-04-25,1219.989990234375,1219.989990234375,1208.4100341796875,1210.56005859375,7136900
2014-04-28,1215.8499755859375,1219.93994140625,1200.22998046875,1204.219970703125,6719300
2014-04-29,1211.510009765625,1224.300048828125,1211.3599853515625,1221.6199951171875,7416400
2014-04-30,1222.1600341796875,1227.97998046875,1220.1400146484375,1227.9000244140625,7345500
2014-05-02,1232.5400390625,1233.43994140625,1225.1400146484375,1227.56005859375,8942000
2014-05-05,1227.3800048828125,1232.6800537109375,1217.4599609375,1230.25,6652500
2014-05-06,1235.22998046875,1240.0799560546875,1229.9599609375,1232.8499755859375,7907800
2014-05-07,1228.6500244140625,1235.3900146484375,1221.3399658203125,1226.52001953125,9810400
2014-05-08,1228.050048828125,1230.1199951171875,1218.7099609375,1229.4300537109375,11012800
2014-05-09,1228.3900146484375,1236.3399658203125,1225.18994140625,1235.8599853515625,11509100
2014-05-12,1240.72998046875,1250.510009765625,1237.8199462890625,1249.9300537109375,9371600
2014-05-13,1253.77001953125,1259.22998046875,1240.510009765625,1241.800048828125,8528400
2014-05-14,1243.93994140625,1248.969970703125,1235.699951171875,1239.0799560546875,11225800
2014-05-15,1241.510009765625,1249.989990234375,1228.8199462890625,1231.6600341796875,10019800
2014-05-16,1232.8699951171875,1235.2099609375,1214.5799560546875,1218.260009765625,8184400
2014-05-19,1219.449951171875,1229.6199951171875,1218.5999755859375,1224.5899658203125,7529800
2014-05-20,1226.969970703125,1245.300048828125,1226.969970703125,1238.219970703125,8298500
2014-05-21,1237.8399658203125,1246.1400146484375,1232.719970703125,1244.6099853515625,8822600
2014-05-22,1248.77001953125,1251.3199462890625,1246.3399658203125,1250.6400146484375,8231400
2014-05-23,1251.949951171875,1258.8900146484375,1249.239990234375,1257.3900146484375,6416600
2014-05-26,1261.5899658203125,1277.6500244140625,1261.5899658203125,1277.6500244140625,5596900
2014-05-27,1279.010009765625,1287.4100341796875,1276.18994140625,1285.6700439453125,7960500
2014-05-28,1289.260009765625,1293.27001953125,1285.5400390625,1291.75,8678300
2014-05-29,1290.3800048828125,1295.02001953125,1285.81005859375,1291.3299560546875,4522000
2014-05-30,1291.6500244140625,1293.0799560546875,1285.719970703125,1291.81005859375,8975900
2014-06-02,1296.3800048828125,1299.280029296875,1290.989990234375,1297.8399658203125,6042300
2014-06-03,1298.1400146484375,1298.27001953125,1284.5799560546875,1287.52001953125,7733500
2014-06-04,1286.0,1301.8499755859375,1280.8699951171875,1301.6700439453125,8986200
2014-06-05,1302.3199462890625,1308.27001953125,1299.239990234375,1304.5400390625,6347800
2014-06-06,1304.3299560546875,1319.4200439453125,1304.3299560546875,1317.47998046875,7581800
2014-06-09,1319.0799560546875,1324.8699951171875,1318.1400146484375,1324.699951171875,3239500
2014-06-10,1323.3900146484375,1327.22998046875,1322.1400146484375,1324.530029296875,6960400
2014-06-11,1324.1700439453125,1326.800048828125,1308.3599853515625,1314.469970703125,7364000
2014-06-12,1314.8399658203125,1322.25,1313.739990234375,1319.5999755859375,5798300
2014-06-13,1316.1600341796875,1316.1700439453125,1295.030029296875,1302.8299560546875,6422800
2014-06-16,1300.3699951171875,1307.2900390625,1296.550048828125,1296.550048828125,4898000
2014-06-17,1300.2900390625,1313.7900390625,1300.18994140625,1312.9300537109375,7887700
2014-06-18,1314.469970703125,1323.489990234375,1311.9599609375,1320.280029296875,9060200
2014-06-19,1326.6500244140625,1337.010009765625,1326.6400146484375,1327.8299560546875,8361100
2014-06-20,1328.25,1336.0400390625,1325.4100341796875,1332.300048828125,11060300
2014-06-23,1332.3299560546875,1332.9300537109375,1317.9100341796875,1322.4300537109375,6729400
2014-06-24,1324.2900390625,1325.8800048828125,1318.43994140625,1322.030029296875,4818400
2014-06-25,1319.010009765625,1319.010009765625,1299.18994140625,1305.6600341796875,9577800
2014-06-26,1308.5899658203125,1316.56005859375,1303.0799560546875,1306.530029296875,9851500
2014-06-27,1307.030029296875,1307.18994140625,1299.6700439453125,1306.6199951171875,5344100
2014-06-30,1308.6500244140625,1314.3900146484375,1306.6400146484375,1309.0,7248600
2014-07-01,1310.780029296875,1325.8800048828125,1310.780029296875,1323.5799560546875,5821100
2014-07-02,1324.8900146484375,1327.1500244140625,1320.8499755859375,1323.739990234375,6920200
2014-07-03,1325.4300537109375,1334.3199462890625,1324.0699462890625,1334.300048828125,5946300
2014-07-04,1334.97998046875,1336.050048828125,1327.8699951171875,1329.6199951171875,4169200
2014-07-07,1329.1400146484375,1330.43994140625,1318.8800048828125,1319.56005859375,4694100
2014-07-08,1319.2900390625,1322.969970703125,1302.5,1302.5,7526800
2014-07-09,1303.3299560546875,1303.4200439453125,1292.25,1293.9000244140625,6129000
2014-07-10,1294.3800048828125,1296.6600341796875,1262.18994140625,1267.1600341796875,9544900
2014-07-11,1268.0999755859375,1276.030029296875,1266.969970703125,1272.77001953125,6532900
2014-07-14,1277.530029296875,1284.9599609375,1277.530029296875,1284.0699462890625,5158700
2014-07-15,1285.47998046875,1285.47998046875,1260.1600341796875,1262.3800048828125,8988000
2014-07-16,1261.93994140625,1270.239990234375,1257.780029296875,1268.5699462890625,6492500
2014-07-17,1266.43994140625,1266.469970703125,1255.3599853515625,1258.68994140625,6766300
2014-07-18,1255.699951171875,1255.699951171875,1238.8699951171875,1247.3399658203125,8319900
2014-07-21,1246.8199462890625,1248.27001953125,1238.550048828125,1240.3800048828125,6096200
2014-07-22,1243.1099853515625,1262.0999755859375,1243.1099853515625,1261.5,7413700
2014-07-23,1261.7099609375,1268.0999755859375,1261.050048828125,1266.1800537109375,7813900
2014-07-24,1266.56005859375,1274.719970703125,1262.1400146484375,1271.780029296875,7844200
2014-07-25,1268.5899658203125,1271.68994140625,1251.989990234375,1253.6400146484375,10839900
2014-07-28,1254.6099853515625,1258.8900146484375,1235.8299560546875,1242.2900390625,10095600
2014-07-29,1242.8499755859375,1256.1600341796875,1242.1099853515625,1252.969970703125,9576400
2014-07-30,1253.77001953125,1257.1300048828125,1247.31005859375,1248.699951171875,10215900
2014-07-31,1248.02001953125,1249.93994140625,1217.8299560546875,1218.1199951171875,12495300
2014-08-01,1213.9200439453125,1213.9200439453125,1175.18994140625,1188.2099609375,17121200
2014-08-04,1187.47998046875,1188.800048828125,1172.8499755859375,1176.760009765625,9815000
2014-08-05,1179.030029296875,1188.0799560546875,1177.800048828125,1180.699951171875,8692400
2014-08-06,1174.77001953125,1179.8499755859375,1166.0,1170.6400146484375,12038700
2014-08-07,1167.47998046875,1173.300048828125,1162.8499755859375,1163.3299560546875,7190000
2014-08-08,1153.81005859375,1158.1500244140625,1137.550048828125,1155.510009765625,11071900
2014-08-11,1161.43994140625,1188.719970703125,1161.02001953125,1187.6800537109375,10861000
2014-08-12,1189.4599609375,1195.81005859375,1179.9100341796875,1182.3900146484375,8784600
2014-08-13,1185.6600341796875,1189.5999755859375,1172.3299560546875,1185.81005859375,10003300
2014-08-14,1186.510009765625,1205.5699462890625,1186.43994140625,1204.56005859375,8958800
2014-08-15,1208.1700439453125,1210.43994140625,1188.68994140625,1188.969970703125,13455300
2014-08-18,1197.800048828125,1210.780029296875,1197.800048828125,1210.780029296875,7948400
2014-08-19,1213.8699951171875,1224.4000244140625,1212.9200439453125,1224.219970703125,7923500
2014-08-20,1225.81005859375,1226.7900390625,1215.27001953125,1222.6300048828125,6578900
2014-08-21,1224.6099853515625,1227.2900390625,1219.989990234375,1227.260009765625,6450100
2014-08-22,1228.8199462890625,1232.5400390625,1221.3699951171875,1228.8800048828125,5853700
2014-08-25,1234.97998046875,1245.6800537109375,1234.81005859375,1245.6800537109375,4535900
2014-08-26,1244.469970703125,1248.6800537109375,1239.050048828125,1248.5400390625,5419000
2014-08-27,1249.6400146484375,1258.1700439453125,1249.5999755859375,1255.8499755859375,7627400
2014-08-28,1255.25,1255.25,1236.260009765625,1239.8299560546875,7917300
2014-08-29,1238.0899658203125,1243.699951171875,1230.219970703125,1241.43994140625,5678100
2014-09-01,1245.0899658203125,1250.3599853515625,1244.510009765625,1248.22998046875,4575000
2014-09-02,1251.3299560546875,1259.93994140625,1249.3299560546875,1251.1400146484375,5106600
2014-09-03,1254.77001953125,1268.3299560546875,1254.3900146484375,1260.8599853515625,7536600
2014-09-04,1261.2099609375,1268.75,1257.3399658203125,1267.02001953125,7354400
2014-09-05,1266.6199951171875,1267.4599609375,1260.8900146484375,1260.8900146484375,6427900
2014-09-08,1263.3199462890625,1268.969970703125,1263.3199462890625,1265.4000244140625,5009900
2014-09-09,1265.3900146484375,1266.4599609375,1258.0899658203125,1258.239990234375,15545100
2014-09-10,1256.7099609375,1256.7099609375,1245.780029296875,1248.97998046875,14045600
2014-09-11,1252.5699462890625,1258.9000244140625,1251.3499755859375,1254.97998046875,13827800
2014-09-12,1258.1400146484375,1259.6400146484375,1252.8399658203125,1256.6400146484375,13112700
2014-09-15,1254.8399658203125,1257.0,1247.3800048828125,1251.050048828125,15681700
2014-09-16,1249.1400146484375,1249.530029296875,1227.469970703125,1230.31005859375,18489200
2014-09-17,1235.4100341796875,1243.8800048828125,1235.4100341796875,1241.030029296875,20564400
2014-09-18,1242.4599609375,1251.3900146484375,1242.3499755859375,1249.6800537109375,23274100
2014-09-19,1252.239990234375,1262.06005859375,1252.239990234375,1252.5899658203125,34925200
2014-09-22,1251.030029296875,1257.280029296875,1248.4599609375,1250.5999755859375,9814100
2014-09-23,1250.8699951171875,1252.43994140625,1232.760009765625,1232.9100341796875,9500000
2014-09-24,1233.0799560546875,1241.3800048828125,1225.31005859375,1241.050048828125,12704200
2014-09-25,1241.719970703125,1264.7900390625,1241.06005859375,1241.969970703125,17613300
2014-09-26,1242.989990234375,1243.8900146484375,1230.4200439453125,1239.8599853515625,15974600
2014-09-29,1239.9300537109375,1249.6199951171875,1236.4200439453125,1246.3900146484375,12614700
2014-09-30,1248.1500244140625,1251.22998046875,1242.1099853515625,1249.3599853515625,9606800
2014-10-01,1248.0799560546875,1261.1800537109375,1244.6800537109375,1247.6099853515625,11454800
2014-10-02,1245.010009765625,1246.239990234375,1214.449951171875,1214.449951171875,12512000
2014-10-06,1225.97998046875,1243.050048828125,1225.77001953125,1226.25,12225500
2014-10-07,1223.949951171875,1228.3699951171875,1202.949951171875,1203.050048828125,12744200
2014-10-08,1195.4000244140625,1195.449951171875,1179.8399658203125,1181.530029296875,12572800
2014-10-09,1187.5899658203125,1203.7900390625,1182.6199951171875,1184.2099609375,12109600
2014-10-10,1173.4100341796875,1173.4100341796875,1138.25,1157.4000244140625,21934000
2014-10-13,1148.010009765625,1161.3199462890625,1134.77001953125,1143.9000244140625,12424200
2014-10-14,1141.3900146484375,1152.9100341796875,1129.3699951171875,1150.06005859375,11356700
2014-10-15,1153.4200439453125,1161.010009765625,1119.6300048828125,1120.2900390625,14494700
2014-10-16,1124.510009765625,1136.3299560546875,1089.9200439453125,1112.9100341796875,19097100
2014-10-17,1118.8299560546875,1164.6500244140625,1118.8299560546875,1164.489990234375,16930000
2014-10-20,1168.9200439453125,1174.260009765625,1152.75,1159.9599609375,12285800
2014-10-21,1158.050048828125,1189.0799560546875,1152.0699462890625,1189.0799560546875,12580400
2014-10-22,1195.0899658203125,1210.1099853515625,1195.02001953125,1208.22998046875,10255700
2014-10-23,1206.3800048828125,1218.0899658203125,1195.719970703125,1209.6600341796875,11498500
2014-10-24,1207.530029296875,1210.22998046875,1201.239990234375,1204.31005859375,8587600
2014-10-27,1213.3499755859375,1215.489990234375,1188.5,1193.1600341796875,7941200
2014-10-28,1198.969970703125,1208.6300048828125,1198.8800048828125,1204.6800537109375,7754600
2014-10-29,1209.199951171875,1221.1500244140625,1208.8800048828125,1216.5400390625,11306300
2014-10-30,1220.6800537109375,1228.31005859375,1201.4599609375,1228.1500244140625,10674700
2014-10-31,1239.800048828125,1247.0,1237.77001953125,1242.3199462890625,11839500
2014-11-03,1241.8900146484375,1253.5999755859375,1240.3800048828125,1249.1400146484375,9002800
2014-11-04,1249.8399658203125,1258.6300048828125,1239.52001953125,1242.219970703125,10215800
2014-11-05,1246.760009765625,1261.1300048828125,1246.760009765625,1259.25,10264600
2014-11-06,1257.300048828125,1267.6800537109375,1248.3800048828125,1260.739990234375,10479300
2014-11-07,1263.02001953125,1270.1199951171875,1251.050048828125,1256.3900146484375,9890000
2014-11-10,1256.8499755859375,1275.6099853515625,1251.6300048828125,1275.6099853515625,10509500
2014-11-11,1277.77001953125,1286.530029296875,1277.6700439453125,1280.77001953125,9334900
2014-11-12,1280.02001953125,1281.199951171875,1267.4599609375,1270.3599853515625,10337200
2014-11-13,1272.9300537109375,1286.3299560546875,1269.530029296875,1271.72998046875,10821800
2014-11-14,1274.6600341796875,1281.0899658203125,1261.280029296875,1263.6400146484375,10951100
2014-11-17,1257.7900390625,1283.0,1250.5899658203125,1280.4300537109375,9843200
2014-11-18,1282.18994140625,1305.3699951171875,1282.18994140625,1305.219970703125,10657900
2014-11-19,1307.8199462890625,1312.739990234375,1301.699951171875,1307.6300048828125,10349500
2014-11-20,1306.25,1318.5999755859375,1305.3299560546875,1318.5999755859375,8576600
2014-11-21,1321.4300537109375,1332.760009765625,1321.3499755859375,1329.02001953125,11218500
2014-11-24,1330.3199462890625,1345.4000244140625,1329.949951171875,1341.1700439453125,11468300
2014-11-25,1343.5899658203125,1347.1300048828125,1336.9300537109375,1340.68994140625,13331800
2014-11-26,1341.219970703125,1346.800048828125,1336.77001953125,1342.0899658203125,8026300
2014-11-27,1343.3800048828125,1350.75,1340.6300048828125,1350.3900146484375,6148800
2014-11-28,1351.260009765625,1353.3299560546875,1343.52001953125,1347.02001953125,10059700
2014-12-01,1345.8399658203125,1349.77001953125,1341.5699462890625,1345.8900146484375,9180000
2014-12-02,1347.5400390625,1348.969970703125,1334.7900390625,1339.02001953125,8492400
2014-12-03,1341.9100341796875,1365.030029296875,1341.9100341796875,1363.43994140625,11903600
2014-12-04,1365.4000244140625,1372.5799560546875,1352.9200439453125,1356.81005859375,11131900
2014-12-05,1362.4100341796875,1379.5699462890625,1361.8399658203125,1379.469970703125,9619300
2014-12-08,1378.8599853515625,1384.8900146484375,1377.0999755859375,1381.4100341796875,6787300
2014-12-09,1376.8800048828125,1376.8800048828125,1337.050048828125,1341.4599609375,11373800
2014-12-10,1348.949951171875,1360.4599609375,1342.1099853515625,1348.199951171875,0
2014-12-11,1341.25,1353.739990234375,1334.52001953125,1351.5899658203125,0
2014-12-12,1345.3900146484375,1346.7900390625,1331.4000244140625,1331.469970703125,0
2014-12-15,1326.7900390625,1341.1600341796875,1304.1199951171875,1304.1199951171875,0
2014-12-16,1306.199951171875,1310.6800537109375,1283.1500244140625,1309.8299560546875,0
2014-12-17,1303.52001953125,1317.56005859375,1293.3399658203125,1316.3900146484375,0
2014-12-18,1330.739990234375,1366.5400390625,1330.6400146484375,1366.5400390625,0
2014-12-19,1372.52001953125,1375.0799560546875,1354.3599853515625,1360.3399658203125,0
2014-12-22,1364.0899658203125,1377.449951171875,1363.989990234375,1374.9300537109375,0
2014-12-23,1375.81005859375,1378.9599609375,1368.6800537109375,1372.6099853515625,0
2014-12-29,1368.0799560546875,1374.8900146484375,1362.22998046875,1369.6800537109375,0
2014-12-30,1366.3599853515625,1373.239990234375,1362.0899658203125,1371.3599853515625,0
2015-01-02,1370.9200439453125,1390.030029296875,1369.4100341796875,1382.06005859375,0
2015-01-05,1380.550048828125,1399.300048828125,1371.719970703125,1372.800048828125,0
2015-01-06,1373.68994140625,1378.7099609375,1361.1600341796875,1361.4000244140625,0
2015-01-07,1365.3699951171875,1376.31005859375,1358.949951171875,1368.4599609375,0
2015-01-08,1376.239990234375,1411.760009765625,1375.4000244140625,1411.760009765625,0
2015-01-09,1410.6700439453125,1421.6500244140625,1402.449951171875,1408.2099609375,0
2015-01-12,1411.280029296875,1422.68994140625,1408.3199462890625,1416.9000244140625,0
2015-01-13,1415.5999755859375,1435.1400146484375,1415.030029296875,1435.1400146484375,0
2015-01-14,1426.8900146484375,1437.97998046875,1415.280029296875,1421.6300048828125,0
2015-01-15,1427.4300537109375,1436.6099853515625,1407.2900390625,1436.6099853515625,0
2015-01-16,1434.68994140625,1440.550048828125,1422.6099853515625,1439.47998046875,0
2015-01-19,1441.949951171875,1459.0,1440.5799560546875,1453.4100341796875,0
2015-01-20,1455.3499755859375,1465.300048828125,1453.550048828125,1456.8299560546875,0
2015-01-21,1454.8800048828125,1457.760009765625,1441.010009765625,1451.7900390625,0
2015-01-22,1451.8599853515625,1462.1199951171875,1441.18994140625,1458.550048828125,0
2015-01-23,1462.5699462890625,1488.9599609375,1462.5699462890625,1479.4599609375,0
2015-01-26,1474.0899658203125,1501.719970703125,1469.0,1501.68994140625,0
2015-01-27,1502.199951171875,1506.1800537109375,1475.030029296875,1477.9599609375,0
2015-01-28,1484.030029296875,1503.1600341796875,1484.030029296875,1499.06005859375,0
2015-01-29,1495.8900146484375,1496.1700439453125,1483.6600341796875,1488.0,0
2015-01-30,1494.72998046875,1504.719970703125,1491.489990234375,1496.5899658203125,0
2015-02-02,1497.8199462890625,1503.050048828125,1469.969970703125,1483.6099853515625,0
2015-02-03,1487.8199462890625,1499.8299560546875,1487.8199462890625,1490.4300537109375,0
2015-02-04,1491.9300537109375,1499.530029296875,1486.06005859375,1499.3399658203125,0
2015-02-05,1491.3399658203125,1508.9599609375,1487.5799560546875,1507.81005859375,0
2015-02-06,1509.97998046875,1511.1800537109375,1497.449951171875,1506.9300537109375,0
2015-02-09,1501.8599853515625,1501.8599853515625,1475.72998046875,1478.949951171875,0
2015-02-10,1474.719970703125,1499.72998046875,1471.1199951171875,1499.72998046875,0
2015-02-11,1501.3900146484375,1505.3599853515625,1494.780029296875,1504.18994140625,0
2015-02-12,1504.800048828125,1528.6199951171875,1503.4200439453125,1526.6600341796875,0
2015-02-13,1529.22998046875,1531.52001953125,1515.56005859375,1517.4000244140625,0
2015-02-16,1517.3900146484375,1524.4599609375,1516.2099609375,1523.010009765625,0
2015-02-17,1520.199951171875,1522.949951171875,1505.0400390625,1521.739990234375,0
2015-02-18,1525.6600341796875,1537.3299560546875,1524.77001953125,1535.219970703125,0
2015-02-19,1537.2099609375,1540.3499755859375,1524.3299560546875,1539.719970703125,0
2015-02-20,1539.949951171875,1555.219970703125,1534.6300048828125,1551.2099609375,0
2015-02-23,1559.9300537109375,1569.6400146484375,1558.68994140625,1569.6400146484375,0
2015-02-24,1569.97998046875,1582.5,1564.97998046875,1570.22998046875,0
2015-02-25,1572.6600341796875,1575.989990234375,1564.8199462890625,1574.3900146484375,0
2015-02-26,1576.6099853515625,1579.3800048828125,1568.8499755859375,1578.949951171875,0
2015-02-27,1581.2099609375,1583.800048828125,1574.1300048828125,1581.800048828125,0
2015-03-02,1582.1199951171875,1587.8900146484375,1579.4300537109375,1584.7900390625,0
2015-03-03,1587.550048828125,1593.969970703125,1567.02001953125,1567.6099853515625,0
2015-03-04,1573.219970703125,1573.25,1549.5,1569.4000244140625,0
2015-03-05,1575.4100341796875,1593.9000244140625,1575.4100341796875,1590.4200439453125,8597200
2015-03-06,1594.8800048828125,1605.9100341796875,1593.699951171875,1603.530029296875,0
2015-03-09,1602.1800537109375,1602.780029296875,1590.3299560546875,1599.6199951171875,0
2015-03-10,1602.0699462890625,1608.719970703125,1588.77001953125,1593.3599853515625,0
2015-03-11,1595.699951171875,1631.5400390625,1595.699951171875,1631.5400390625,0
2015-03-12,1631.6500244140625,1642.699951171875,1628.3299560546875,1642.699951171875,0
2015-03-13,1648.800048828125,1659.75,1639.2900390625,1656.25,0
2015-03-16,1660.9000244140625,1676.300048828125,1658.260009765625,1673.1099853515625,0
2015-03-17,1674.81005859375,1681.9000244140625,1619.5,1637.0999755859375,0
2015-03-18,1642.6400146484375,1648.969970703125,1610.8199462890625,1627.77001953125,0
2015-03-19,1628.6300048828125,1639.949951171875,1622.7099609375,1639.72998046875,0
2015-03-20,1644.31005859375,1659.3699951171875,1643.81005859375,1652.4000244140625,0
2015-03-23,1652.219970703125,1652.8800048828125,1624.6199951171875,1636.8299560546875,0
2015-03-24,1634.0,1645.6400146484375,1621.3299560546875,1642.219970703125,0
2015-03-25,1641.2099609375,1646.3199462890625,1610.47998046875,1610.949951171875,0
2015-03-26,1602.199951171875,1603.1600341796875,1555.469970703125,1581.1500244140625,0
2015-03-27,1584.280029296875,1608.06005859375,1584.0799560546875,1597.469970703125,0
2015-03-30,1605.530029296875,1629.0699462890625,1605.530029296875,1628.9200439453125,0
2015-03-31,1632.27001953125,1640.5999755859375,1612.3599853515625,1615.4599609375,0
2015-04-01,1610.5699462890625,1624.1500244140625,1600.9200439453125,1614.0,0
2015-04-02,1615.02001953125,1620.0899658203125,1612.0799560546875,1614.239990234375,0
2015-04-07,1620.6400146484375,1635.4100341796875,1620.6400146484375,1634.3499755859375,0
2015-04-08,1632.81005859375,1632.81005859375,1619.800048828125,1625.3499755859375,0
2015-04-09,1628.68994140625,1647.8699951171875,1628.68994140625,1647.8199462890625,0
2015-04-10,1653.81005859375,1677.989990234375,1653.5899658203125,1676.3399658203125,0
2015-04-13,1677.1600341796875,1687.8900146484375,1669.6700439453125,1687.8900146484375,0
2015-04-14,1687.280029296875,1694.300048828125,1672.6800537109375,1677.8800048828125,0
2015-04-15,1680.219970703125,1687.1400146484375,1673.1099853515625,1674.699951171875,0
2015-04-16,1675.3900146484375,1676.27001953125,1652.43994140625,1654.3299560546875,0
2015-04-17,1650.8900146484375,1658.489990234375,1617.969970703125,1618.510009765625,0
2015-04-20,1621.6600341796875,1648.97998046875,1621.6600341796875,1648.97998046875,0
2015-04-21,1657.510009765625,1676.4200439453125,1657.510009765625,1666.3199462890625,0
2015-04-22,1669.719970703125,1680.93994140625,1654.97998046875,1666.3299560546875,0
2015-04-23,1666.8599853515625,1677.8699951171875,1649.1700439453125,1654.1099853515625,0
2015-04-24,1658.72998046875,1663.93994140625,1649.239990234375,1655.06005859375,0
2015-04-27,1659.18994140625,1678.800048828125,1642.5400390625,1677.7900390625,0
2015-04-28,1677.8599853515625,1678.300048828125,1632.0400390625,1647.75,0
2015-04-29,1653.4000244140625,1659.3499755859375,1604.47998046875,1604.8800048828125,0
2015-04-30,1604.9200439453125,1619.43994140625,1579.7099609375,1605.9300537109375,0
2015-05-04,1611.1199951171875,1637.47998046875,1609.8399658203125,1637.1700439453125,0
2015-05-05,1637.72998046875,1654.800048828125,1595.3800048828125,1596.1700439453125,0
2015-05-06,1601.199951171875,1609.02001953125,1582.47998046875,1591.530029296875,0
2015-05-07,1589.9300537109375,1617.969970703125,1574.9599609375,1614.81005859375,0
2015-05-08,1621.760009765625,1662.4300537109375,1621.760009765625,1662.4300537109375,0
2015-05-11,1665.7099609375,1674.3599853515625,1660.5699462890625,1672.199951171875,0
2015-05-12,1662.5799560546875,1663.1400146484375,1633.300048828125,1654.469970703125,0
2015-05-13,1657.9300537109375,1677.219970703125,1652.010009765625,1656.9100341796875,0
2015-05-14,1653.1600341796875,1670.77001953125,1643.260009765625,1668.5799560546875,0
2015-05-15,1675.02001953125,1682.199951171875,1664.1199951171875,1669.300048828125,0
2015-05-18,1674.6500244140625,1689.3599853515625,1663.0999755859375,1689.3599853515625,0
2015-05-19,1693.6300048828125,1734.31005859375,1693.6300048828125,1734.31005859375,0
2015-05-20,1736.6700439453125,1738.75,1724.7099609375,1735.72998046875,0
2015-05-21,1733.5999755859375,1737.1700439453125,1726.030029296875,1736.68994140625,0
2015-05-22,1737.3800048828125,1737.7099609375,1722.4100341796875,1731.27001953125,0
2015-05-26,1735.6199951171875,1740.5999755859375,1708.199951171875,1710.1199951171875,0
2015-05-27,1709.0999755859375,1722.0400390625,1708.4599609375,1718.3599853515625,0
2015-05-28,1718.25,1733.52001953125,1716.3900146484375,1720.719970703125,0
2015-05-29,1723.239990234375,1723.3599853515625,1692.1600341796875,1692.5400390625,0
2015-06-01,1699.18994140625,1708.4599609375,1688.8699951171875,1697.5999755859375,0
2015-06-02,1700.7900390625,1705.1600341796875,1682.02001953125,1690.5799560546875,0
2015-06-03,1694.010009765625,1712.030029296875,1691.9599609375,1703.7099609375,0
2015-06-04,1699.97998046875,1702.280029296875,1675.8599853515625,1692.300048828125,0
2015-06-05,1690.719970703125,1690.719970703125,1666.1700439453125,1668.300048828125,0
2015-06-08,1670.5899658203125,1674.8599853515625,1660.5,1660.5,0
2015-06-09,1653.9100341796875,1654.1199951171875,1614.3599853515625,1628.81005859375,0
2015-06-10,1625.449951171875,1660.489990234375,1614.8499755859375,1660.0999755859375,0
2015-06-11,1663.3299560546875,1690.800048828125,1663.3299560546875,1678.81005859375,0
2015-06-12,1675.280029296875,1678.18994140625,1645.97998046875,1656.239990234375,0
2015-06-15,1641.260009765625,1641.260009765625,1620.6300048828125,1622.6400146484375,0
2015-06-16,1619.3199462890625,1641.4200439453125,1598.7900390625,1640.1099853515625,0
2015-06-17,1642.27001953125,1653.1099853515625,1622.8299560546875,1626.4000244140625,0
2015-06-18,1622.9000244140625,1639.010009765625,1590.050048828125,1637.780029296875,0
2015-06-19,1641.4000244140625,1656.760009765625,1630.8800048828125,1635.300048828125,0
2015-06-22,1648.1400146484375,1680.3299560546875,1647.1800537109375,1671.7099609375,0
2015-06-23,1679.6400146484375,1710.800048828125,1679.6400146484375,1702.9100341796875,0
2015-06-24,1704.739990234375,1707.02001953125,1674.97998046875,1689.3299560546875,0
2015-06-25,1682.449951171875,1701.0,1675.0400390625,1696.3199462890625,0
2015-06-26,1690.6099853515625,1701.47998046875,1681.81005859375,1695.989990234375,0
2015-06-29,1616.780029296875,1672.68994140625,1604.1700439453125,1647.7900390625,0
2015-06-30,1644.280029296875,1656.3199462890625,1626.3900146484375,1642.2099609375,0
2015-07-01,1652.1300048828125,1684.81005859375,1651.4599609375,1672.3900146484375,0
2015-07-02,1674.5899658203125,1683.489990234375,1656.739990234375,1658.4200439453125,0
2015-07-03,1657.6600341796875,1672.3399658203125,1652.3499755859375,1656.9599609375,0
2015-07-06,1647.68994140625,1657.489990234375,1632.72998046875,1651.0899658203125,0
2015-07-07,1653.3399658203125,1665.9100341796875,1624.3399658203125,1625.1700439453125,0
2015-07-08,1625.3499755859375,1627.1700439453125,1608.8499755859375,1614.780029296875,0
2015-07-09,1619.06005859375,1648.260009765625,1617.9100341796875,1645.4599609375,0
2015-07-10,1660.8800048828125,1702.8699951171875,1660.8800048828125,1702.52001953125,0
2015-07-13,1710.75,1740.4599609375,1710.68994140625,1740.050048828125,0
2015-07-14,1741.739990234375,1747.1700439453125,1733.0,1745.6600341796875,0
2015-07-15,1748.3499755859375,1773.5,1748.3499755859375,1773.5,0
2015-07-16,1779.77001953125,1801.5400390625,1779.5,1795.5699462890625,0
2015-07-17,1797.550048828125,1806.719970703125,1790.6500244140625,1801.0799560546875,0
2015-07-20,1799.81005859375,1840.27001953125,1799.81005859375,1828.1099853515625,0
2015-07-21,1829.469970703125,1833.81005859375,1808.3299560546875,1814.18994140625,0
2015-07-22,1806.8900146484375,1806.8900146484375,1788.5899658203125,1802.6600341796875,0
2015-07-23,1811.780029296875,1820.4200439453125,1809.4599609375,1816.22998046875,0
2015-07-24,1813.3399658203125,1819.739990234375,1801.0699462890625,1804.469970703125,0
2015-07-27,1799.6600341796875,1799.6600341796875,1751.9599609375,1751.9599609375,0
2015-07-28,1755.9100341796875,1774.22998046875,1755.8699951171875,1769.4100341796875,0
2015-07-29,1780.9100341796875,1784.31005859375,1761.800048828125,1769.47998046875,0
2015-07-30,1776.989990234375,1783.75,1741.68994140625,1761.52001953125,0
2015-07-31,1764.6300048828125,1771.1500244140625,1756.5799560546875,1770.43994140625,0
2015-08-03,1768.4000244140625,1805.5799560546875,1765.030029296875,1803.06005859375,0
2015-08-04,1804.1600341796875,1809.5,1796.68994140625,1799.75,0
2015-08-05,1803.9300537109375,1817.2099609375,1803.9300537109375,1816.9100341796875,0
2015-08-06,1816.239990234375,1817.7099609375,1793.0,1794.02001953125,0
2015-08-07,1793.260009765625,1793.260009765625,1758.6600341796875,1759.780029296875,0
2015-08-10,1767.1700439453125,1783.9599609375,1757.81005859375,1783.27001953125,0
2015-08-11,1783.1300048828125,1784.5,1757.6500244140625,1758.6300048828125,0
2015-08-12,1745.6600341796875,1746.52001953125,1712.1300048828125,1713.9200439453125,0
2015-08-13,1735.5699462890625,1774.31005859375,1735.5699462890625,1758.3299560546875,0
2015-08-14,1759.4599609375,1771.9000244140625,1748.949951171875,1761.18994140625,0
2015-08-17,1770.4000244140625,1778.52001953125,1747.949951171875,1764.199951171875,0
2015-08-18,1763.3800048828125,1788.9599609375,1762.3599853515625,1780.469970703125,0
2015-08-19,1770.969970703125,1772.93994140625,1748.4200439453125,1748.4200439453125,0
2015-08-20,1734.93994140625,1734.93994140625,1684.300048828125,1685.6199951171875,0
2015-08-21,1659.1700439453125,1667.989990234375,1624.5999755859375,1624.5999755859375,0
2015-08-24,1582.3299560546875,1582.3599853515625,1500.52001953125,1574.6600341796875,0
2015-08-25,1594.489990234375,1668.530029296875,1594.489990234375,1662.9100341796875,0
2015-08-26,1653.3900146484375,1672.010009765625,1622.3399658203125,1642.780029296875,0
2015-08-27,1670.6800537109375,1696.77001953125,1670.56005859375,1693.219970703125,0
2015-08-28,1700.5899658203125,1703.0699462890625,1680.3800048828125,1695.5899658203125,0
2015-08-31,1685.489990234375,1707.0899658203125,1678.25,1706.97998046875,0
2015-09-01,1688.4200439453125,1688.6800537109375,1650.22998046875,1663.6800537109375,0
2015-09-02,1669.1199951171875,1684.7099609375,1656.4100341796875,1676.6700439453125,0
2015-09-03,1689.1500244140625,1726.1600341796875,1689.1500244140625,1718.219970703125,0
2015-09-04,1708.0799560546875,1708.0999755859375,1682.3499755859375,1687.989990234375,7659600
2015-09-07,1696.719970703125,1706.7900390625,1678.31005859375,1693.510009765625,0
2015-09-08,1697.93994140625,1731.4300537109375,1697.93994140625,1719.3900146484375,0
2015-09-09,1739.6199951171875,1754.8800048828125,1732.6700439453125,1734.7099609375,0
2015-09-10,1726.300048828125,1745.6700439453125,1719.3800048828125,1729.780029296875,0
2015-09-11,1734.2900390625,1735.760009765625,1705.4300537109375,1714.5999755859375,0
2015-09-14,1713.6400146484375,1732.739990234375,1713.4100341796875,1719.0,0
2015-09-15,1719.800048828125,1742.68994140625,1714.5799560546875,1736.68994140625,0
2015-09-16,1742.18994140625,1761.3800048828125,1742.18994140625,1755.239990234375,0
2015-09-17,1757.050048828125,1772.4200439453125,1754.8800048828125,1770.1199951171875,0
2015-09-18,1767.760009765625,1772.81005859375,1748.2099609375,1760.3299560546875,0
2015-09-21,1756.1600341796875,1756.1600341796875,1717.5799560546875,1746.969970703125,0
2015-09-22,1751.300048828125,1753.2099609375,1696.72998046875,1698.300048828125,0
2015-09-23,1697.199951171875,1719.75,1686.31005859375,1711.68994140625,0
2015-09-24,1715.0,1723.030029296875,1679.050048828125,1686.68994140625,0
2015-09-25,1703.8199462890625,1746.3499755859375,1703.8199462890625,1738.52001953125,0
2015-09-28,1738.4200439453125,1740.469970703125,1714.5400390625,1715.6600341796875,0
2015-09-29,1697.489990234375,1718.0,1684.300048828125,1713.75,0
2015-09-30,1728.5400390625,1752.4100341796875,1728.5400390625,1747.739990234375,0
2015-10-01,1760.6400146484375,1765.6800537109375,1721.8699951171875,1727.1800537109375,0
2015-10-02,1738.3399658203125,1753.030029296875,1712.8800048828125,1737.780029296875,0
2015-10-05,1758.7900390625,1785.780029296875,1757.5899658203125,1783.27001953125,0
2015-10-06,1783.949951171875,1800.6600341796875,1774.9200439453125,1788.449951171875,0
2015-10-07,1798.8199462890625,1799.489990234375,1765.25,1767.739990234375,0
2015-10-08,1767.3599853515625,1780.52001953125,1765.489990234375,1773.239990234375,0
2015-10-09,1787.1800537109375,1791.0999755859375,1756.77001953125,1763.0,0
2015-10-12,1769.219970703125,1771.75,1745.9200439453125,1755.9599609375,0
2015-10-13,1753.77001953125,1754.8599853515625,1724.8499755859375,1726.8199462890625,0
2015-10-14,1719.6700439453125,1719.6700439453125,1691.219970703125,1691.5999755859375,0
2015-10-15,1698.239990234375,1729.1400146484375,1695.97998046875,1728.6600341796875,0
2015-10-16,1739.0799560546875,1749.22998046875,1735.3299560546875,1741.2900390625,0
2015-10-19,1741.469970703125,1760.9200439453125,1741.449951171875,1760.9200439453125,0
2015-10-20,1761.1800537109375,1773.1199951171875,1755.22998046875,1759.8399658203125,0
2015-10-21,1764.2900390625,1779.760009765625,1757.3699951171875,1771.6199951171875,0
2015-10-22,1771.7900390625,1786.719970703125,1763.6199951171875,1785.4100341796875,0
2015-10-23,1794.9300537109375,1821.6700439453125,1794.9300537109375,1820.52001953125,0
2015-10-26,1821.8599853515625,1824.6600341796875,1798.4300537109375,1801.3499755859375,0
2015-10-27,1801.050048828125,1801.93994140625,1772.6099853515625,1772.6099853515625,0
2015-10-28,1778.4599609375,1801.18994140625,1778.4599609375,1800.0799560546875,0
2015-10-29,1802.8599853515625,1819.050048828125,1783.6700439453125,1797.260009765625,0
2015-10-30,1802.239990234375,1805.760009765625,1783.780029296875,1799.47998046875,0
2015-11-02,1798.260009765625,1824.6199951171875,1795.0400390625,1822.5799560546875,0
2015-11-03,1825.0400390625,1826.47998046875,1814.43994140625,1821.4200439453125,0
2015-11-04,1824.3900146484375,1826.6600341796875,1793.989990234375,1796.77001953125,0
2015-11-05,1800.9200439453125,1822.31005859375,1800.22998046875,1810.8199462890625,0
2015-11-06,1812.47998046875,1840.02001953125,1812.47998046875,1831.550048828125,0
2015-11-09,1835.4200439453125,1838.18994140625,1811.1300048828125,1813.239990234375,0
2015-11-10,1814.0699462890625,1819.4100341796875,1804.06005859375,1815.3800048828125,0
2015-11-11,1820.31005859375,1843.1099853515625,1820.0699462890625,1831.0999755859375,0
2015-11-12,1833.3599853515625,1844.3599853515625,1804.02001953125,1809.469970703125,0
2015-11-13,1805.56005859375,1805.56005859375,1772.81005859375,1783.9100341796875,0
2015-11-16,1768.25,1807.780029296875,1761.2099609375,1799.8399658203125,0
2015-11-17,1808.7900390625,1825.719970703125,1808.7900390625,1823.219970703125,0
2015-11-18,1816.8499755859375,1823.1300048828125,1808.0899658203125,1818.6500244140625,0
2015-11-19,1827.6700439453125,1844.81005859375,1822.510009765625,1826.7900390625,0
2015-11-20,1829.77001953125,1833.93994140625,1819.8399658203125,1829.239990234375,0
2015-11-23,1827.4100341796875,1832.31005859375,1820.4000244140625,1827.699951171875,0
2015-11-24,1828.1300048828125,1828.4200439453125,1786.260009765625,1795.77001953125,0
2015-11-25,1798.6700439453125,1822.6300048828125,1795.1800537109375,1820.7099609375,0
2015-11-26,1822.449951171875,1842.0899658203125,1820.969970703125,1835.27001953125,0
2015-11-27,1833.5799560546875,1844.81005859375,1828.22998046875,1843.8699951171875,0
2015-11-30,1848.1400146484375,1861.4300537109375,1844.77001953125,1858.8699951171875,0
2015-12-01,1861.699951171875,1865.4200439453125,1843.8800048828125,1843.8800048828125,0
2015-12-02,1849.72998046875,1876.18994140625,1849.72998046875,1873.6600341796875,0
2015-12-03,1872.800048828125,1886.6700439453125,1829.1800537109375,1836.7099609375,0
2015-12-04,1833.5,1839.4200439453125,1817.1700439453125,1835.3299560546875,0
2015-12-07,1844.97998046875,1889.31005859375,1844.97998046875,1869.3199462890625,0
2015-12-08,1872.3599853515625,1872.9000244140625,1830.0400390625,1840.199951171875,0
2015-12-09,1843.8399658203125,1848.8399658203125,1824.6199951171875,1831.68994140625,0
2015-12-10,1826.0699462890625,1826.3599853515625,1791.3900146484375,1799.6400146484375,0
2015-12-11,1798.5999755859375,1800.3699951171875,1761.27001953125,1766.6400146484375,0
2015-12-14,1773.300048828125,1781.239990234375,1740.0799560546875,1741.56005859375,0
2015-12-15,1749.6400146484375,1791.06005859375,1735.530029296875,1789.1600341796875,0
2015-12-16,1793.5999755859375,1808.739990234375,1788.489990234375,1792.530029296875,0
2015-12-17,1805.6600341796875,1830.699951171875,1805.5999755859375,1819.8299560546875,0
2015-12-18,1812.3699951171875,1817.780029296875,1795.989990234375,1814.81005859375,0
2015-12-21,1814.9100341796875,1828.3800048828125,1796.1199951171875,1796.1199951171875,0
2015-12-22,1800.3199462890625,1812.9100341796875,1782.8299560546875,1789.4100341796875,0
2015-12-23,1794.8299560546875,1816.3399658203125,1791.22998046875,1814.3499755859375,0
2015-12-28,1813.22998046875,1819.9100341796875,1804.9599609375,1808.1600341796875,0
2015-12-29,1814.699951171875,1844.5,1814.510009765625,1843.300048828125,0
2015-12-30,1844.68994140625,1847.1500244140625,1829.239990234375,1830.739990234375,0
2016-01-04,1818.9000244140625,1818.9000244140625,1775.260009765625,1793.5999755859375,0
2016-01-05,1800.3299560546875,1812.97998046875,1781.8499755859375,1810.3399658203125,0
2016-01-06,1807.72998046875,1808.199951171875,1770.3399658203125,1787.52001953125,0
2016-01-07,1758.27001953125,1758.68994140625,1705.0699462890625,1745.3399658203125,0
2016-01-08,1742.739990234375,1762.8299560546875,1725.050048828125,1725.050048828125,0
2016-01-11,1716.989990234375,1718.8199462890625,1688.25,1698.1300048828125,0
2016-01-12,1701.0400390625,1730.97998046875,1694.1300048828125,1714.4599609375,0
2016-01-13,1725.47998046875,1751.27001953125,1714.6500244140625,1719.260009765625,0
2016-01-14,1708.219970703125,1708.3299560546875,1651.300048828125,1672.5400390625,0
2016-01-15,1673.3199462890625,1689.3299560546875,1602.97998046875,1614.25,0
2016-01-18,1609.9000244140625,1631.5400390625,1582.7900390625,1591.27001953125,0
2016-01-19,1608.43994140625,1650.25,1608.43994140625,1647.56005859375,0
2016-01-20,1628.7099609375,1628.739990234375,1589.030029296875,1596.760009765625,0
2016-01-21,1597.469970703125,1632.25,1595.7099609375,1622.0699462890625,0
2016-01-22,1640.0699462890625,1676.6700439453125,1640.0699462890625,1668.9000244140625,0
2016-01-25,1680.280029296875,1693.9599609375,1671.6800537109375,1688.469970703125,0
2016-01-26,1676.72998046875,1693.4200439453125,1656.3800048828125,1688.010009765625,0
2016-01-27,1688.68994140625,1699.97998046875,1677.0899658203125,1695.449951171875,0
2016-01-28,1693.780029296875,1697.7099609375,1641.0799560546875,1643.1800537109375,0
2016-01-29,1658.72998046875,1688.699951171875,1654.260009765625,1688.6300048828125,0
2016-02-01,1693.6600341796875,1705.77001953125,1687.6400146484375,1698.3499755859375,0
2016-02-02,1697.1500244140625,1700.3399658203125,1671.8900146484375,1677.199951171875,0
2016-02-03,1674.8900146484375,1678.530029296875,1636.97998046875,1645.52001953125,0
2016-02-04,1661.8399658203125,1665.43994140625,1614.760009765625,1627.8699951171875,0
2016-02-05,1626.530029296875,1631.719970703125,1589.550048828125,1592.719970703125,0
2016-02-08,1590.4000244140625,1596.56005859375,1498.6600341796875,1500.1400146484375,0
2016-02-09,1497.56005859375,1509.300048828125,1463.5,1490.489990234375,0
2016-02-10,1495.77001953125,1552.510009765625,1492.8599853515625,1529.5,0
2016-02-11,1516.43994140625,1516.43994140625,1481.030029296875,1485.010009765625,0
2016-02-12,1491.81005859375,1512.5799560546875,1491.81005859375,1512.22998046875,0
2016-02-15,1535.739990234375,1567.0999755859375,1535.739990234375,1562.0799560546875,0
2016-02-16,1569.1099853515625,1576.8699951171875,1538.030029296875,1544.719970703125,0
2016-02-17,1548.469970703125,1588.239990234375,1548.469970703125,1586.97998046875,0
2016-02-18,1598.550048828125,1631.0899658203125,1595.6400146484375,1619.4100341796875,0
2016-02-19,1615.1500244140625,1624.18994140625,1599.1099853515625,1612.6700439453125,0
2016-02-22,1625.5,1644.97998046875,1619.489990234375,1625.8199462890625,0
2016-02-23,1624.6700439453125,1636.52001953125,1611.5899658203125,1619.52001953125,0
2016-02-24,1620.75,1623.4200439453125,1526.239990234375,1536.4000244140625,0
2016-02-25,1548.1099853515625,1589.4200439453125,1548.1099853515625,1589.4200439453125,0
2016-02-26,1600.6099853515625,1620.6600341796875,1590.0,1603.719970703125,0
2016-02-29,1594.02001953125,1612.6700439453125,1573.25,1612.6700439453125,0
2016-03-01,1615.0,1647.6199951171875,1610.199951171875,1647.6199951171875,0
2016-03-02,1656.2900390625,1679.3199462890625,1639.8199462890625,1651.77001953125,0
2016-03-03,1657.1500244140625,1661.31005859375,1644.6300048828125,1649.6500244140625,0
2016-03-04,1657.0999755859375,1670.1300048828125,1646.1500244140625,1653.5699462890625,0
2016-03-07,1652.9000244140625,1653.0699462890625,1635.739990234375,1639.8499755859375,0
2016-03-08,1631.800048828125,1631.800048828125,1595.4200439453125,1603.530029296875,0
2016-03-09,1605.5,1613.760009765625,1595.199951171875,1598.81005859375,0
2016-03-10,1603.1199951171875,1631.06005859375,1566.469970703125,1566.6500244140625,0
2016-03-11,1583.239990234375,1621.0699462890625,1583.239990234375,1618.530029296875,0
2016-03-14,1628.3900146484375,1648.1700439453125,1628.3900146484375,1644.780029296875,0
2016-03-15,1641.2900390625,1641.6199951171875,1623.77001953125,1631.1600341796875,0
2016-03-16,1636.7099609375,1640.52001953125,1630.2099609375,1632.7099609375,0
2016-03-17,1641.739990234375,1645.280029296875,1589.68994140625,1601.31005859375,0
2016-03-18,1603.800048828125,1615.22998046875,1598.239990234375,1610.699951171875,0
2016-03-21,1607.8299560546875,1623.27001953125,1588.739990234375,1594.7900390625,0
2016-03-22,1586.68994140625,1603.219970703125,1563.6800537109375,1603.219970703125,0
2016-03-23,1605.969970703125,1623.0899658203125,1605.969970703125,1616.2099609375,0
2016-03-24,1615.449951171875,1615.6800537109375,1595.25,1599.489990234375,0
2016-03-29,1605.22998046875,1613.0999755859375,1586.3399658203125,1598.8499755859375,0
2016-03-30,1608.25,1635.77001953125,1608.25,1627.0799560546875,0
2016-03-31,1625.4100341796875,1626.5899658203125,1614.1700439453125,1625.9200439453125,0
2016-04-01,1615.2099609375,1641.93994140625,1606.0899658203125,1641.4300537109375,0
2016-04-04,1643.4000244140625,1654.6800537109375,1636.010009765625,1641.5899658203125,9370600
2016-04-05,1631.7099609375,1631.7099609375,1606.1400146484375,1615.6199951171875,0
2016-04-06,1616.489990234375,1633.760009765625,1604.6199951171875,1632.7900390625,0
2016-04-07,1639.1099853515625,1653.510009765625,1615.280029296875,1620.3900146484375,0
2016-04-08,1620.4000244140625,1640.2900390625,1620.4000244140625,1635.2900390625,0
2016-04-11,1636.300048828125,1645.0,1625.260009765625,1631.8199462890625,0
2016-04-12,1634.75,1636.8800048828125,1615.3900146484375,1635.0799560546875,0
2016-04-13,1651.56005859375,1666.469970703125,1651.56005859375,1666.469970703125,0
2016-04-14,1671.0799560546875,1671.27001953125,1654.5899658203125,1657.72998046875,0
2016-04-15,1657.760009765625,1657.9100341796875,1646.0999755859375,1649.8299560546875,0
2016-04-18,1638.5,1658.6800537109375,1626.199951171875,1653.6800537109375,0
2016-04-19,1659.280029296875,1682.31005859375,1656.47998046875,1677.6600341796875,0
2016-04-20,1677.8599853515625,1682.949951171875,1666.550048828125,1671.4200439453125,0
2016-04-21,1677.949951171875,1680.010009765625,1639.4200439453125,1654.75,0
2016-04-22,1650.02001953125,1662.02001953125,1644.199951171875,1645.1600341796875,0
2016-04-25,1648.4599609375,1655.3499755859375,1638.52001953125,1645.6700439453125,0
2016-04-26,1651.9599609375,1656.3299560546875,1634.25,1638.27001953125,0
2016-04-27,1642.5899658203125,1674.4599609375,1633.8800048828125,1662.5899658203125,0
2016-04-28,1661.1800537109375,1661.1800537109375,1631.1600341796875,1649.1500244140625,0
2016-04-29,1642.3399658203125,1642.3399658203125,1619.219970703125,1624.93994140625,0
2016-05-02,1628.7900390625,1636.9599609375,1625.7900390625,1632.6500244140625,0
2016-05-03,1630.0699462890625,1630.0699462890625,1606.3699951171875,1615.3800048828125,0
2016-05-04,1613.31005859375,1613.93994140625,1588.31005859375,1598.8199462890625,0
2016-05-05,1600.6099853515625,1609.3699951171875,1594.260009765625,1601.8900146484375,0
2016-05-06,1598.3399658203125,1609.0999755859375,1594.43994140625,1600.199951171875,0
2016-05-09,1608.260009765625,1627.010009765625,1607.8299560546875,1620.9000244140625,0
2016-05-10,1626.219970703125,1631.75,1621.4599609375,1630.4000244140625,0
2016-05-11,1632.739990234375,1643.02001953125,1630.530029296875,1640.1500244140625,0
2016-05-12,1638.22998046875,1653.0699462890625,1629.050048828125,1630.8900146484375,0
2016-05-13,1627.280029296875,1645.4300537109375,1624.199951171875,1645.4300537109375,0
2016-05-17,1655.52001953125,1667.7099609375,1653.0799560546875,1660.43994140625,0
2016-05-18,1653.6800537109375,1663.5,1651.0400390625,1663.5,0
2016-05-19,1652.510009765625,1658.050048828125,1639.3900146484375,1647.1500244140625,0
2016-05-20,1651.9100341796875,1668.550048828125,1651.8800048828125,1667.6800537109375,0
2016-05-23,1671.3800048828125,1684.280029296875,1669.6600341796875,1674.510009765625,0
2016-05-24,1671.300048828125,1677.9599609375,1665.3900146484375,1673.8199462890625,0
2016-05-25,1681.9000244140625,1687.3299560546875,1676.5899658203125,1684.219970703125,0
2016-05-26,1683.5799560546875,1696.260009765625,1683.5799560546875,1690.1800537109375,0
2016-05-27,1689.52001953125,1692.260009765625,1683.2900390625,1690.2900390625,0
2016-05-30,1691.9300537109375,1697.3599853515625,1687.530029296875,1691.8299560546875,0
2016-05-31,1693.969970703125,1696.949951171875,1683.5999755859375,1688.1099853515625,0
2016-06-01,1690.06005859375,1698.4100341796875,1688.47998046875,1695.5400390625,0
2016-06-02,1696.6300048828125,1701.8299560546875,1691.949951171875,1698.0,0
2016-06-03,1702.9599609375,1715.469970703125,1677.719970703125,1688.3699951171875,0
2016-06-06,1691.739990234375,1693.1600341796875,1681.1300048828125,1683.4100341796875,0
2016-06-07,1687.3699951171875,1697.7099609375,1686.6800537109375,1697.6800537109375,0
2016-06-08,1695.3699951171875,1705.719970703125,1680.489990234375,1698.469970703125,0
2016-06-09,1696.56005859375,1696.56005859375,1675.6500244140625,1679.3299560546875,0
2016-06-10,1674.6800537109375,1674.6800537109375,1641.8199462890625,1641.8199462890625,0
2016-06-13,1628.4200439453125,1628.4200439453125,1605.780029296875,1611.8199462890625,0
2016-06-14,1605.469970703125,1606.0400390625,1574.219970703125,1574.719970703125,0
2016-06-15,1582.5999755859375,1596.7900390625,1582.3699951171875,1582.550048828125,0
2016-06-16,1570.760009765625,1576.530029296875,1554.8299560546875,1559.449951171875,0
2016-06-17,1567.1400146484375,1589.6600341796875,1567.1099853515625,1575.469970703125,0
2016-06-20,1591.25,1622.9000244140625,1591.25,1618.4599609375,0
2016-06-21,1618.8599853515625,1620.300048828125,1607.5400390625,1614.4000244140625,0
2016-06-22,1623.449951171875,1635.5400390625,1613.3199462890625,1626.510009765625,0
2016-06-23,1632.06005859375,1652.3299560546875,1628.030029296875,1641.6199951171875,0
2016-06-24,1512.68994140625,1596.449951171875,1489.699951171875,1586.6700439453125,0
2016-06-27,1584.1800537109375,1595.9000244140625,1514.739990234375,1520.8800048828125,0
2016-06-28,1536.199951171875,1563.0699462890625,1536.199951171875,1554.7099609375,0
2016-06-29,1567.7099609375,1586.8199462890625,1561.0999755859375,1583.8599853515625,0
2016-06-30,1586.9300537109375,1604.1800537109375,1583.93994140625,1601.0400390625,0
2016-07-01,1607.4300537109375,1621.68994140625,1595.3900146484375,1620.510009765625,0
2016-07-04,1624.06005859375,1629.06005859375,1600.8900146484375,1603.7099609375,0
2016-07-05,1599.6700439453125,1600.68994140625,1573.5899658203125,1577.010009765625,0
2016-07-06,1571.68994140625,1572.0899658203125,1543.5699462890625,1551.68994140625,0
2016-07-07,1559.719970703125,1589.1400146484375,1559.719970703125,1582.0899658203125,0
2016-07-08,1582.5999755859375,1613.9100341796875,1580.5999755859375,1610.199951171875,0
2016-07-11,1621.8499755859375,1638.18994140625,1620.1500244140625,1636.3399658203125,0
2016-07-12,1639.1400146484375,1642.8599853515625,1626.6400146484375,1627.3699951171875,0
2016-07-13,1625.550048828125,1629.0,1620.43994140625,1625.3399658203125,0
2016-07-14,1635.2900390625,1642.699951171875,1626.3199462890625,1634.06005859375,0
2016-07-15,1633.68994140625,1633.68994140625,1607.06005859375,1625.6600341796875,0
2016-07-18,1628.5400390625,1650.219970703125,1628.5400390625,1644.31005859375,0
2016-07-19,1644.2099609375,1644.2099609375,1633.1300048828125,1639.6500244140625,0
2016-07-20,1645.6800537109375,1665.260009765625,1642.739990234375,1664.77001953125,0
2016-07-21,1665.030029296875,1671.9300537109375,1658.010009765625,1667.5699462890625,0
2016-07-22,1665.6300048828125,1674.97998046875,1655.699951171875,1674.97998046875,0
2016-07-25,1677.030029296875,1688.989990234375,1671.1400146484375,1683.75,0
2016-07-26,1682.72998046875,1697.1199951171875,1677.550048828125,1691.9300537109375,0
2016-07-27,1698.56005859375,1718.93994140625,1698.56005859375,1716.2099609375,0
2016-07-28,1717.4599609375,1721.3599853515625,1701.1600341796875,1703.27001953125,0
2016-07-29,1706.9000244140625,1721.6600341796875,1703.4000244140625,1717.3699951171875,0
2016-08-01,1722.300048828125,1731.93994140625,1713.489990234375,1723.3299560546875,0
2016-08-02,1719.5,1720.8900146484375,1694.8699951171875,1695.1199951171875,0
2016-08-03,1697.260009765625,1697.8599853515625,1678.260009765625,1683.8699951171875,0
2016-08-04,1689.2900390625,1703.989990234375,1689.2900390625,1698.22998046875,0
2016-08-05,1698.280029296875,1709.1300048828125,1697.780029296875,1707.47998046875,0
2016-08-08,1712.5799560546875,1716.27001953125,1699.6199951171875,1704.1199951171875,0
2016-08-09,1702.25,1730.6800537109375,1702.1700439453125,1729.5400390625,0
2016-08-10,1728.52001953125,1732.1500244140625,1721.75,1728.530029296875,0
2016-08-11,1733.5999755859375,1743.989990234375,1721.1500244140625,1743.989990234375,0
2016-08-12,1742.77001953125,1744.6700439453125,1732.6300048828125,1737.550048828125,0
2016-08-15,1738.9100341796875,1755.739990234375,1738.8800048828125,1746.8199462890625,0
2016-08-16,1740.25,1741.0,1727.9300537109375,1728.6700439453125,0
2016-08-17,1726.4599609375,1728.989990234375,1697.25,1698.02001953125,0
2016-08-18,1705.3299560546875,1719.47998046875,1704.93994140625,1717.6400146484375,0
2016-08-19,1717.3599853515625,1720.1099853515625,1705.68994140625,1711.1600341796875,0
2016-08-22,1711.31005859375,1722.989990234375,1706.469970703125,1713.8800048828125,0
2016-08-23,1719.2099609375,1727.7099609375,1714.43994140625,1726.4300537109375,0
2016-08-24,1721.0799560546875,1731.4000244140625,1713.469970703125,1730.5400390625,0
2016-08-25,1726.1800537109375,1726.1800537109375,1703.5799560546875,1717.760009765625,0
2016-08-26,1714.2900390625,1726.43994140625,1708.7099609375,1723.199951171875,0
2016-08-29,1718.6400146484375,1725.469970703125,1707.5,1725.469970703125,0
2016-08-30,1728.260009765625,1750.9000244140625,1728.2099609375,1738.8599853515625,0
2016-08-31,1737.5999755859375,1743.18994140625,1726.0699462890625,1727.4300537109375,0
2016-09-01,1728.47998046875,1740.969970703125,1728.47998046875,1732.97998046875,0
2016-09-02,1737.260009765625,1754.75,1731.43994140625,1753.9100341796875,0
2016-09-05,1757.4599609375,1763.449951171875,1752.6800537109375,1754.550048828125,0
2016-09-06,1753.8499755859375,1771.3399658203125,1753.8399658203125,1766.050048828125,0
2016-09-07,1766.780029296875,1771.0,1761.8499755859375,1768.1300048828125,0
2016-09-08,1768.8299560546875,1769.719970703125,1752.2900390625,1758.5699462890625,0
2016-09-09,1754.81005859375,1756.1400146484375,1744.1300048828125,1748.0899658203125,0
2016-09-12,1732.280029296875,1736.530029296875,1704.4599609375,1736.5,0
2016-09-13,1744.010009765625,1756.1800537109375,1741.68994140625,1742.2900390625,0
2016-09-14,1745.8499755859375,1753.25,1742.6800537109375,1747.969970703125,0
2016-09-15,1748.199951171875,1762.469970703125,1738.1400146484375,1761.0899658203125,0
2016-09-16,1761.8499755859375,1772.02001953125,1759.1400146484375,1768.1700439453125,0
2016-09-19,1775.6300048828125,1780.0400390625,1768.8199462890625,1774.0999755859375,0
2016-09-20,1770.760009765625,1779.0799560546875,1769.469970703125,1773.6500244140625,0
2016-09-21,1782.18994140625,1786.4000244140625,1776.3900146484375,1778.27001953125,0
2016-09-22,1785.43994140625,1811.449951171875,1785.43994140625,1810.3900146484375,0
2016-09-23,1808.77001953125,1808.77001953125,1800.27001953125,1802.1800537109375,0
2016-09-26,1795.6700439453125,1795.6700439453125,1780.1500244140625,1780.47998046875,0
2016-09-27,1788.1400146484375,1790.0799560546875,1764.6099853515625,1779.1300048828125,0
2016-09-28,1786.6800537109375,1798.6600341796875,1786.3800048828125,1792.25,0
2016-09-29,1797.1400146484375,1807.949951171875,1782.8299560546875,1785.4200439453125,0
2016-09-30,1776.010009765625,1802.300048828125,1763.5999755859375,1802.300048828125,0
2016-10-04,1805.1700439453125,1825.18994140625,1801.469970703125,1819.300048828125,0
2016-10-05,1812.4599609375,1813.5799560546875,1802.5999755859375,1809.949951171875,0
2016-10-06,1813.8599853515625,1820.18994140625,1799.3499755859375,1808.52001953125,0
2016-10-07,1806.530029296875,1811.030029296875,1791.5400390625,1793.81005859375,0
2016-10-10,1796.1500244140625,1813.3399658203125,1794.260009765625,1812.5,0
2016-10-11,1810.77001953125,1817.06005859375,1802.93994140625,1805.989990234375,0
2016-10-12,1805.199951171875,1805.72998046875,1779.27001953125,1781.5400390625,0
2016-10-13,1774.719970703125,1775.1600341796875,1763.9200439453125,1770.449951171875,0
2016-10-14,1773.550048828125,1780.239990234375,1766.81005859375,1776.5,0
2016-10-17,1776.27001953125,1778.9100341796875,1760.8900146484375,1762.8699951171875,0
2016-10-18,1770.469970703125,1786.8399658203125,1770.3599853515625,1785.02001953125,0
2016-10-19,1785.9100341796875,1786.72998046875,1776.3599853515625,1785.8499755859375,0
2016-10-20,1789.5699462890625,1791.219970703125,1775.18994140625,1783.4599609375,0
2016-10-21,1785.1800537109375,1788.3599853515625,1774.6300048828125,1782.5799560546875,0
2016-10-24,1785.949951171875,1791.6500244140625,1767.0699462890625,1767.8199462890625,0
2016-10-25,1770.8699951171875,1776.5899658203125,1756.8900146484375,1758.3399658203125,0
2016-10-26,1759.1700439453125,1761.6800537109375,1740.77001953125,1751.2900390625,0
2016-10-27,1750.8900146484375,1761.2900390625,1737.81005859375,1742.31005859375,0
2016-10-28,1737.31005859375,1737.31005859375,1724.1800537109375,1730.47998046875,0
2016-10-31,1729.77001953125,1731.3900146484375,1718.1500244140625,1723.8800048828125,0
2016-11-01,1728.260009765625,1728.260009765625,1703.4100341796875,1705.8800048828125,0
2016-11-02,1700.449951171875,1700.449951171875,1685.489990234375,1685.6500244140625,0
2016-11-03,1685.0400390625,1710.47998046875,1684.9000244140625,1703.5400390625,0
2016-11-04,1698.260009765625,1698.9100341796875,1686.5,1691.3399658203125,0
2016-11-07,1706.5799560546875,1722.8800048828125,1705.47998046875,1722.489990234375,0
2016-11-08,1726.47998046875,1731.800048828125,1714.31005859375,1730.3199462890625,0
2016-11-09,1699.9100341796875,1751.1199951171875,1687.81005859375,1750.8900146484375,0
2016-11-10,1760.0,1767.72998046875,1710.969970703125,1715.4200439453125,0
2016-11-11,1722.1300048828125,1723.52001953125,1689.5699462890625,1694.6400146484375,0
2016-11-14,1702.75,1715.3599853515625,1687.3800048828125,1688.3399658203125,0
2016-11-15,1692.1800537109375,1702.6300048828125,1687.2900390625,1698.989990234375,0
2016-11-16,1703.31005859375,1718.93994140625,1703.31005859375,1717.219970703125,0
2016-11-17,1717.0799560546875,1725.8199462890625,1710.9300537109375,1725.449951171875,0
2016-11-18,1732.25,1736.6099853515625,1725.8699951171875,1735.8800048828125,0
2016-11-21,1742.1700439453125,1744.0799560546875,1722.1300048828125,1737.9000244140625,0
2016-11-22,1741.47998046875,1744.9599609375,1736.7099609375,1740.22998046875,0
2016-11-23,1740.77001953125,1743.8199462890625,1713.469970703125,1717.8199462890625,0
2016-11-24,1723.530029296875,1728.18994140625,1712.2900390625,1727.6400146484375,0
2016-11-25,1730.2099609375,1732.550048828125,1717.5899658203125,1726.6400146484375,0
2016-11-28,1725.2900390625,1725.3699951171875,1706.8299560546875,1709.9300537109375,0
2016-11-29,1707.47998046875,1718.2099609375,1704.739990234375,1713.93994140625,0
2016-11-30,1713.280029296875,1722.72998046875,1712.2900390625,1717.1199951171875,0
2016-12-01,1712.8199462890625,1712.8199462890625,1691.239990234375,1695.699951171875,0
2016-12-02,1683.010009765625,1689.8299560546875,1669.3499755859375,1686.4100341796875,0
2016-12-05,1683.93994140625,1715.22998046875,1682.5999755859375,1700.9000244140625,0
2016-12-06,1704.22998046875,1706.6600341796875,1695.010009765625,1700.3900146484375,0
2016-12-07,1712.469970703125,1721.050048828125,1708.5999755859375,1718.4200439453125,0
2016-12-08,1723.8699951171875,1734.239990234375,1717.9300537109375,1732.97998046875,0
2016-12-09,1733.0699462890625,1753.6099853515625,1733.0699462890625,1753.27001953125,0
2016-12-12,1753.0999755859375,1753.9599609375,1742.6700439453125,1746.75,0
2016-12-13,1746.260009765625,1754.06005859375,1742.219970703125,1750.0899658203125,0
2016-12-14,1748.3800048828125,1750.5999755859375,1731.9300537109375,1740.0400390625,0
2016-12-15,1744.1800537109375,1763.8900146484375,1744.1800537109375,1761.47998046875,0
2016-12-16,1762.449951171875,1772.9200439453125,1760.56005859375,1767.43994140625,0
2016-12-19,1767.699951171875,1783.1500244140625,1765.27001953125,1783.1300048828125,0
2016-12-20,1783.5899658203125,1790.300048828125,1781.47998046875,1786.97998046875,0
2016-12-21,1786.9300537109375,1795.3499755859375,1785.760009765625,1786.4599609375,0
2016-12-22,1784.300048828125,1788.6400146484375,1775.5799560546875,1778.6199951171875,0
2016-12-23,1778.2099609375,1788.969970703125,1776.5,1788.0999755859375,0
2016-12-27,1789.300048828125,1812.280029296875,1789.300048828125,1809.760009765625,0
2016-12-28,1810.72998046875,1815.8299560546875,1808.81005859375,1811.4200439453125,0
2016-12-29,1803.469970703125,1813.0899658203125,1799.27001953125,1813.0899658203125,0
2016-12-30,1809.97998046875,1814.280029296875,1809.0400390625,1811.719970703125,0
2017-01-03,1845.2900390625,1854.300048828125,1834.1700439453125,1839.81005859375,0
2017-01-04,1843.6500244140625,1844.5899658203125,1830.3299560546875,1836.1800537109375,0
2017-01-05,1833.8599853515625,1844.56005859375,1831.47998046875,1839.030029296875,0
2017-01-06,1836.8699951171875,1840.5699462890625,1832.489990234375,1838.8900146484375,0
2017-01-09,1844.47998046875,1852.280029296875,1835.239990234375,1846.949951171875,0
2017-01-10,1843.3900146484375,1852.1199951171875,1834.739990234375,1841.22998046875,0
2017-01-11,1842.9000244140625,1859.739990234375,1837.5799560546875,1847.3499755859375,0
2017-01-12,1844.699951171875,1844.699951171875,1827.4300537109375,1829.5,0
2017-01-13,1836.3499755859375,1840.5899658203125,1835.1800537109375,1840.5899658203125,0
2017-01-16,1834.6400146484375,1851.969970703125,1831.8599853515625,1849.3599853515625,0
2017-01-17,1846.510009765625,1848.6099853515625,1833.0400390625,1835.9000244140625,0
2017-01-18,1841.4599609375,1843.43994140625,1831.6600341796875,1838.469970703125,0
2017-01-19,1839.1600341796875,1839.6700439453125,1824.5999755859375,1836.47998046875,0
2017-01-20,1834.6800537109375,1839.75,1830.8599853515625,1835.8199462890625,0
2017-01-23,1829.6300048828125,1832.8399658203125,1824.1600341796875,1830.3800048828125,0
2017-01-24,1829.6099853515625,1835.510009765625,1825.8599853515625,1831.31005859375,0
2017-01-25,1838.530029296875,1847.6500244140625,1836.3699951171875,1847.4300537109375,0
2017-01-26,1854.4000244140625,1861.6800537109375,1849.5,1859.6500244140625,0
2017-01-27,1858.780029296875,1862.8800048828125,1854.800048828125,1857.5799560546875,0
2017-01-30,1854.780029296875,1861.1600341796875,1843.489990234375,1845.5799560546875,0
2017-01-31,1844.9300537109375,1848.050048828125,1830.6400146484375,1830.6400146484375,0
2017-02-01,1833.8699951171875,1855.8299560546875,1833.8699951171875,1850.2099609375,0
2017-02-02,1851.260009765625,1864.31005859375,1844.8900146484375,1857.780029296875,0
2017-02-03,1858.199951171875,1859.739990234375,1848.68994140625,1854.8800048828125,0
2017-02-06,1854.949951171875,1855.989990234375,1829.969970703125,1830.2099609375,0
2017-02-07,1827.699951171875,1836.1099853515625,1825.469970703125,1834.3800048828125,0
2017-02-08,1835.9300537109375,1846.31005859375,1830.8299560546875,1843.4000244140625,0
2017-02-09,1846.760009765625,1858.3699951171875,1839.050048828125,1856.97998046875,0
2017-02-10,1863.050048828125,1872.68994140625,1862.9200439453125,1870.6500244140625,0
2017-02-13,1873.3800048828125,1882.5999755859375,1871.1099853515625,1878.449951171875,0
2017-02-14,1876.8699951171875,1881.5999755859375,1874.5400390625,1881.239990234375,0
2017-02-15,1888.5,1890.75,1880.219970703125,1889.9100341796875,0
2017-02-16,1890.1099853515625,1893.5899658203125,1885.7099609375,1890.6199951171875,0
2017-02-17,1890.8499755859375,1891.699951171875,1880.22998046875,1888.1300048828125,0
2017-02-20,1898.030029296875,1900.469970703125,1892.9100341796875,1899.27001953125,0
2017-02-21,1898.510009765625,1921.4000244140625,1897.6199951171875,1919.56005859375,0
2017-02-22,1924.5,1935.3399658203125,1906.9300537109375,1919.969970703125,0
2017-02-23,1918.6400146484375,1931.3299560546875,1912.18994140625,1912.3900146484375,0
2017-02-24,1911.5699462890625,1911.6500244140625,1876.199951171875,1885.81005859375,0
2017-02-27,1891.6199951171875,1898.4100341796875,1888.3900146484375,1896.6600341796875,0
2017-02-28,1898.7900390625,1905.8299560546875,1892.719970703125,1904.489990234375,0
2017-03-01,1909.1500244140625,1926.5799560546875,1906.4300537109375,1925.9000244140625,0
2017-03-02,1928.3399658203125,1929.6199951171875,1921.81005859375,1929.6199951171875,0
2017-03-03,1927.43994140625,1930.75,1918.18994140625,1926.6600341796875,0
2017-03-06,1924.8900146484375,1934.0799560546875,1914.469970703125,1930.5699462890625,0
2017-03-07,1931.219970703125,1942.219970703125,1924.3900146484375,1941.9300537109375,0
2017-03-08,1939.760009765625,1957.1300048828125,1936.5899658203125,1955.1800537109375,0
2017-03-09,1953.1400146484375,1953.1400146484375,1934.949951171875,1949.219970703125,0
2017-03-10,1952.199951171875,1970.8499755859375,1952.199951171875,1968.02001953125,0
2017-03-13,1971.4599609375,1975.8499755859375,1966.4200439453125,1974.2099609375,0
2017-03-14,1978.72998046875,1983.4000244140625,1976.8399658203125,1978.3299560546875,0
2017-03-15,1982.06005859375,1982.06005859375,1970.5400390625,1977.260009765625,0
2017-03-16,1986.9100341796875,1991.6700439453125,1979.43994140625,1988.3800048828125,0
2017-03-17,1985.27001953125,1999.22998046875,1980.5899658203125,1998.6500244140625,0
2017-03-20,1996.56005859375,2002.2099609375,1991.6099853515625,1992.8199462890625,0
2017-03-21,1995.2900390625,1998.3599853515625,1966.72998046875,1968.530029296875,0
2017-03-22,1958.5,1958.5,1932.969970703125,1953.510009765625,0
2017-03-23,1955.989990234375,1980.0999755859375,1953.47998046875,1980.0999755859375,0
2017-03-24,1980.800048828125,2004.8900146484375,1978.3699951171875,2003.219970703125,0
2017-03-27,1997.1700439453125,1997.1700439453125,1981.4599609375,1991.52001953125,0
2017-03-28,1998.1400146484375,2020.22998046875,1998.1400146484375,2019.75,0
2017-03-29,2026.3199462890625,2033.2900390625,2021.8900146484375,2030.68994140625,0
2017-03-30,2029.75,2040.27001953125,2027.449951171875,2040.27001953125,0
2017-03-31,2039.6800537109375,2046.8599853515625,2030.7900390625,2046.8599853515625,0
2017-04-03,2050.389892578125,2051.18994140625,2033.2099609375,2035.1700439453125,0
2017-04-04,2033.0899658203125,2048.6201171875,2030.9300537109375,2045.8800048828125,0
2017-04-05,2043.1600341796875,2046.0,2038.8800048828125,2041.68994140625,0
2017-04-06,2034.449951171875,2036.2099609375,2015.3699951171875,2034.4200439453125,0
2017-04-07,2029.719970703125,2046.280029296875,2022.8199462890625,2046.280029296875,0
2017-04-10,2052.610107421875,2056.97998046875,2046.1800537109375,2056.89990234375,0
2017-04-11,2050.77001953125,2050.77001953125,1990.0899658203125,2017.6199951171875,0
2017-04-12,2019.75,2024.72998046875,2013.3900146484375,2020.780029296875,0
2017-04-13,2019.8299560546875,2022.6400146484375,2010.4599609375,2022.6400146484375,0
2017-04-18,2024.3599853515625,2031.2900390625,2001.06005859375,2001.3399658203125,8934900
2017-04-19,1998.5,2018.280029296875,1996.5400390625,2014.010009765625,0
2017-04-20,2009.9300537109375,2018.22998046875,2006.3900146484375,2017.3199462890625,0
2017-04-21,2017.4100341796875,2025.47998046875,2014.31005859375,2016.489990234375,0
2017-04-24,2034.81005859375,2063.89990234375,2034.81005859375,2063.8701171875,0
2017-04-25,2065.330078125,2077.199951171875,2063.530029296875,2066.429931640625,0
2017-04-26,2067.9599609375,2084.889892578125,2066.239990234375,2083.85009765625,0
2017-04-27,2081.93994140625,2087.199951171875,2071.669921875,2084.4599609375,0
2017-04-28,2082.860107421875,2094.429931640625,2081.969970703125,2093.22998046875,0
2017-05-02,2100.2900390625,2125.64990234375,2093.64990234375,2125.64990234375,0
2017-05-03,2122.610107421875,2122.610107421875,2106.93994140625,2116.820068359375,0
2017-05-04,2121.06005859375,2141.830078125,2110.840087890625,2141.489990234375,0
2017-05-05,2137.929931640625,2140.239990234375,2117.97998046875,2129.43994140625,0
2017-05-08,2136.199951171875,2140.739990234375,2120.1201171875,2134.5400390625,0
2017-05-09,2135.64990234375,2148.219970703125,2129.489990234375,2148.179931640625,0
2017-05-10,2144.469970703125,2155.159912109375,2144.159912109375,2155.159912109375,0
2017-05-11,2159.139892578125,2163.449951171875,2143.139892578125,2147.010009765625,0
2017-05-12,2148.39990234375,2210.60009765625,2148.35009765625,2210.429931640625,0
2017-05-15,2215.070068359375,2226.18994140625,2210.93994140625,2226.18994140625,0
2017-05-16,2227.8701171875,2238.18994140625,2215.52001953125,2231.389892578125,0
2017-05-17,2224.449951171875,2231.800048828125,2193.25,2198.050048828125,0
2017-05-18,2194.10009765625,2196.27001953125,2164.739990234375,2195.72998046875,0
2017-05-19,2200.1201171875,2223.989990234375,2200.1201171875,2221.590087890625,0
2017-05-22,2229.1201171875,2231.77001953125,2213.35009765625,2221.5,0
2017-05-23,2219.800048828125,2240.280029296875,2213.409912109375,2236.570068359375,0
2017-05-24,2235.530029296875,2256.090087890625,2233.72998046875,2256.090087890625,0
2017-05-25,2258.60009765625,2275.89990234375,2252.0400390625,2275.89990234375,0
2017-05-26,2274.489990234375,2278.199951171875,2267.2900390625,2275.429931640625,0
2017-05-29,2273.25,2276.81005859375,2267.610107421875,2275.909912109375,0
2017-05-30,2274.1201171875,2287.070068359375,2268.85009765625,2284.47998046875,0
2017-05-31,2283.050048828125,2297.43994140625,2277.3701171875,2289.260009765625,0
2017-06-01,2289.81005859375,2313.169921875,2286.68994140625,2313.169921875,0
2017-06-02,2318.139892578125,2329.179931640625,2316.0,2322.070068359375,0
2017-06-06,2318.8701171875,2318.89990234375,2297.0,2309.8798828125,0
2017-06-07,2305.739990234375,2310.22998046875,2298.7099609375,2303.199951171875,0
2017-06-08,2302.669921875,2305.860107421875,2289.8701171875,2296.1201171875,0
2017-06-09,2294.89990234375,2310.360107421875,2292.469970703125,2308.840087890625,0
2017-06-12,2297.43994140625,2297.81005859375,2236.830078125,2246.840087890625,0
2017-06-13,2256.389892578125,2281.93994140625,2256.179931640625,2275.56005859375,0
2017-06-14,2283.5400390625,2299.719970703125,2280.409912109375,2280.409912109375,0
2017-06-15,2279.25,2279.4599609375,2236.280029296875,2249.02001953125,0
2017-06-16,2255.820068359375,2280.760009765625,2255.4599609375,2275.239990234375,0
2017-06-19,2283.919921875,2298.919921875,2280.9599609375,2297.14990234375,0
2017-06-20,2302.81005859375,2307.72998046875,2289.080078125,2289.3798828125,0
2017-06-21,2286.419921875,2286.469970703125,2263.239990234375,2275.60009765625,0
2017-06-22,2276.909912109375,2287.5400390625,2270.429931640625,2285.239990234375,0
2017-06-23,2281.64990234375,2285.35009765625,2263.77001953125,2268.169921875,0
2017-06-26,2273.72998046875,2279.52001953125,2266.010009765625,2267.449951171875,0
2017-06-27,2265.840087890625,2267.72998046875,2240.43994140625,2245.43994140625,0
2017-06-28,2230.800048828125,2230.800048828125,2201.43994140625,2220.93994140625,0
2017-06-29,2228.219970703125,2231.72998046875,2173.219970703125,2173.219970703125,0
2017-06-30,2171.780029296875,2202.1201171875,2161.52001953125,2188.25,0
2017-07-03,2195.949951171875,2211.780029296875,2195.739990234375,2207.330078125,0
2017-07-04,2202.090087890625,2217.60009765625,2193.469970703125,2207.260009765625,0
2017-07-05,2206.97998046875,2225.719970703125,2199.389892578125,2224.2099609375,0
2017-07-06,2230.0400390625,2236.739990234375,2205.9599609375,2213.64990234375,0
2017-07-07,2214.090087890625,2220.6298828125,2203.830078125,2220.0400390625,0
2017-07-10,2226.39990234375,2244.8798828125,2226.39990234375,2236.219970703125,0
2017-07-11,2239.989990234375,2250.780029296875,2233.219970703125,2236.7099609375,0
2017-07-12,2241.760009765625,2276.889892578125,2241.760009765625,2275.179931640625,0
2017-07-13,2276.97998046875,2292.179931640625,2276.199951171875,2288.909912109375,0
2017-07-14,2289.610107421875,2303.949951171875,2287.050048828125,2298.89990234375,0
2017-07-17,2305.590087890625,2310.60009765625,2296.570068359375,2307.570068359375,0
2017-07-18,2303.2099609375,2305.31005859375,2275.1201171875,2278.699951171875,0
2017-07-19,2283.590087890625,2295.030029296875,2275.570068359375,2292.159912109375,0
2017-07-20,2298.330078125,2302.469970703125,2277.659912109375,2291.85009765625,0
2017-07-21,2293.659912109375,2300.199951171875,2263.77001953125,2274.8701171875,0
2017-07-24,2275.35009765625,2275.699951171875,2251.39990234375,2258.070068359375,0
2017-07-25,2261.550048828125,2273.760009765625,2257.75,2260.169921875,0
2017-07-26,2262.199951171875,2282.179931640625,2258.010009765625,2278.330078125,0
2017-07-27,2278.510009765625,2285.3798828125,2273.60009765625,2283.409912109375,0
2017-07-28,2272.050048828125,2272.14990234375,2249.4599609375,2258.280029296875,0
2017-07-31,2257.530029296875,2274.5,2253.1201171875,2258.919921875,0
2017-08-01,2260.35009765625,2277.3798828125,2259.719970703125,2269.39990234375,0
2017-08-02,2275.60009765625,2293.25,2264.699951171875,2269.22998046875,0
2017-08-03,2271.60009765625,2273.669921875,2257.219970703125,2259.0400390625,0
2017-08-04,2259.72998046875,2282.97998046875,2254.860107421875,2282.830078125,0
2017-08-07,2282.050048828125,2290.580078125,2275.72998046875,2285.43994140625,0
2017-08-08,2284.68994140625,2286.659912109375,2271.030029296875,2284.409912109375,0
2017-08-09,2275.929931640625,2275.929931640625,2247.6201171875,2258.2099609375,0
2017-08-10,2257.330078125,2258.6298828125,2230.889892578125,2233.340087890625,0
2017-08-11,2221.8701171875,2221.949951171875,2194.699951171875,2218.469970703125,0
2017-08-14,2224.030029296875,2260.429931640625,2224.030029296875,2256.8701171875,0
2017-08-15,2263.320068359375,2271.6298828125,2253.389892578125,2256.56005859375,0
2017-08-16,2264.39990234375,2270.760009765625,2262.5,2267.39990234375,0
2017-08-17,2262.719970703125,2277.389892578125,2257.169921875,2270.219970703125,0
2017-08-18,2261.06005859375,2261.06005859375,2241.02001953125,2258.6298828125,0
2017-08-21,2255.35009765625,2258.64990234375,2241.090087890625,2245.52001953125,0
2017-08-22,2256.2900390625,2275.030029296875,2256.070068359375,2274.7099609375,0
2017-08-23,2274.639892578125,2284.39990234375,2265.47998046875,2267.699951171875,0
2017-08-24,2272.06005859375,2276.590087890625,2259.3798828125,2259.3798828125,0
2017-08-25,2261.260009765625,2277.239990234375,2256.93994140625,2266.429931640625,0
2017-08-28,2261.60009765625,2261.97998046875,2247.7099609375,2255.56005859375,0
2017-08-29,2242.43994140625,2242.85009765625,2205.85009765625,2229.179931640625,0
2017-08-30,2240.72998046875,2261.510009765625,2240.72998046875,2259.550048828125,0
2017-08-31,2266.68994140625,2296.72998046875,2265.929931640625,2292.6201171875,0
2017-09-01,2297.4599609375,2321.360107421875,2297.4599609375,2310.989990234375,0
2017-09-05,2300.8701171875,2318.22998046875,2299.639892578125,2308.1201171875,0
2017-09-06,2305.340087890625,2327.409912109375,2296.3701171875,2314.02001953125,0
2017-09-07,2321.659912109375,2341.409912109375,2321.56005859375,2336.72998046875,0
2017-09-08,2332.860107421875,2336.68994140625,2321.14990234375,2331.139892578125,0
2017-09-11,2338.56005859375,2365.639892578125,2338.260009765625,2365.199951171875,0
2017-09-12,2366.31005859375,2377.800048828125,2360.43994140625,2362.68994140625,0
2017-09-13,2359.8798828125,2359.8798828125,2342.419921875,2358.949951171875,0
2017-09-14,2353.85009765625,2368.739990234375,2351.219970703125,2368.739990234375,0
2017-09-15,2365.330078125,2373.14990234375,2361.02001953125,2368.159912109375,0
2017-09-18,2376.7099609375,2387.64990234375,2376.610107421875,2386.1201171875,0
2017-09-19,2386.31005859375,2400.070068359375,2385.8701171875,2398.89990234375,0
2017-09-20,2396.199951171875,2401.860107421875,2389.070068359375,2391.10009765625,0
2017-09-21,2395.010009765625,2400.919921875,2378.330078125,2388.159912109375,0
2017-09-22,2384.510009765625,2408.02001953125,2382.35009765625,2400.719970703125,0
2017-09-25,2400.06005859375,2414.77001953125,2395.989990234375,2409.840087890625,0
2017-09-26,2407.8798828125,2407.8798828125,2397.39990234375,2401.14990234375,0
2017-09-27,2398.719970703125,2406.659912109375,2391.159912109375,2401.1201171875,0
2017-09-28,2403.72998046875,2421.550048828125,2403.280029296875,2420.239990234375,0
2017-09-29,2422.340087890625,2434.139892578125,2422.340087890625,2434.139892578125,0
2017-10-02,2438.5,2474.719970703125,2438.35009765625,2474.719970703125,0
2017-10-04,2479.969970703125,2499.030029296875,2479.969970703125,2499.030029296875,0
2017-10-05,2498.919921875,2498.919921875,2480.2099609375,2489.6201171875,0
2017-10-06,2492.429931640625,2495.43994140625,2478.52001953125,2493.47998046875,0
2017-10-09,2498.39990234375,2502.929931640625,2482.31005859375,2502.330078125,0
2017-10-10,2500.239990234375,2509.590087890625,2492.800048828125,2497.949951171875,0
2017-10-11,2499.18994140625,2511.22998046875,2496.25,2509.889892578125,0
2017-10-12,2515.85009765625,2525.530029296875,2509.330078125,2525.0400390625,0
2017-10-13,2526.4599609375,2530.169921875,2515.60009765625,2526.419921875,0
2017-10-16,2530.6298828125,2540.340087890625,2526.81005859375,2539.77001953125,0
2017-10-17,2537.820068359375,2538.780029296875,2513.8701171875,2513.8701171875,0
2017-10-18,2513.909912109375,2537.889892578125,2508.8798828125,2519.43994140625,0
2017-10-19,2518.449951171875,2526.27001953125,2486.139892578125,2494.89990234375,0
2017-10-20,2501.889892578125,2512.840087890625,2483.1298828125,2486.530029296875,0
2017-10-23,2486.929931640625,2499.93994140625,2483.3798828125,2499.469970703125,0
2017-10-24,2498.93994140625,2519.489990234375,2484.360107421875,2487.530029296875,0
2017-10-25,2483.489990234375,2488.6298828125,2467.330078125,2468.889892578125,0
2017-10-26,2474.199951171875,2492.93994140625,2466.39990234375,2490.31005859375,0
2017-10-27,2496.090087890625,2527.080078125,2494.219970703125,2526.1298828125,0
2017-10-30,2533.510009765625,2555.989990234375,2533.139892578125,2545.0400390625,0
2017-11-01,2552.5400390625,2585.0,2551.860107421875,2571.47998046875,0
2017-11-02,2569.449951171875,2581.8798828125,2555.47998046875,2559.6298828125,0
2017-11-03,2560.81005859375,2581.7900390625,2558.760009765625,2577.300048828125,0
2017-11-06,2578.6201171875,2591.9599609375,2577.35009765625,2591.9599609375,0
2017-11-07,2595.639892578125,2599.030029296875,2549.489990234375,2557.580078125,0
2017-11-08,2558.949951171875,2561.530029296875,2512.0,2521.409912109375,0
2017-11-09,2524.5400390625,2524.93994140625,2453.330078125,2458.7099609375,0
2017-11-10,2461.010009765625,2495.610107421875,2457.22998046875,2491.1298828125,0
2017-11-13,2496.419921875,2503.550048828125,2452.340087890625,2470.18994140625,0
2017-11-14,2471.56005859375,2505.760009765625,2471.56005859375,2491.47998046875,0
2017-11-15,2485.360107421875,2488.47998046875,2433.06005859375,2458.030029296875,0
2017-11-16,2463.760009765625,2506.840087890625,2463.760009765625,2506.219970703125,0
2017-11-17,2508.179931640625,2519.0,2503.050048828125,2512.3701171875,0
2017-11-20,2500.820068359375,2545.2099609375,2491.889892578125,2543.60009765625,0
2017-11-21,2549.300048828125,2585.679931640625,2538.14990234375,2583.889892578125,0
2017-11-22,2587.72998046875,2593.89990234375,2563.25,2564.860107421875,0
2017-11-23,2557.719970703125,2585.239990234375,2545.18994140625,2573.389892578125,11512800
2017-11-24,2575.679931640625,2583.4599609375,2567.699951171875,2571.050048828125,0
2017-11-27,2569.68994140625,2575.830078125,2549.010009765625,2549.219970703125,0
2017-11-28,2552.22998046875,2563.8798828125,2548.1201171875,2562.330078125,0
2017-11-29,2571.64990234375,2584.9599609375,2515.489990234375,2518.320068359375,0
2017-11-30,2518.47998046875,2540.320068359375,2501.699951171875,2515.81005859375,0
2017-12-01,2520.989990234375,2527.739990234375,2483.47998046875,2497.449951171875,0
2017-12-04,2510.300048828125,2525.070068359375,2482.68994140625,2490.4599609375,0
2017-12-05,2489.14990234375,2496.080078125,2455.949951171875,2490.60009765625,0
2017-12-06,2477.9599609375,2479.070068359375,2449.72998046875,2474.719970703125,0
2017-12-07,2481.10009765625,2491.580078125,2474.7900390625,2488.10009765625,0
2017-12-08,2498.760009765625,2518.300048828125,2498.760009765625,2514.830078125,0
2017-12-11,2523.1298828125,2523.419921875,2492.449951171875,2508.56005859375,0
2017-12-12,2509.449951171875,2517.800048828125,2503.6298828125,2517.25,0
2017-12-13,2516.14990234375,2539.68994140625,2506.27001953125,2536.110107421875,0
2017-12-14,2536.39990234375,2545.64990234375,2521.860107421875,2535.830078125,0
2017-12-15,2534.3798828125,2534.3798828125,2513.6298828125,2532.0400390625,0
2017-12-18,2545.139892578125,2567.02001953125,2545.139892578125,2560.570068359375,0
2017-12-19,2561.6298828125,2569.159912109375,2551.60009765625,2561.669921875,0
2017-12-20,2564.1201171875,2567.830078125,2526.1201171875,2531.449951171875,0
2017-12-21,2532.320068359375,2537.679931640625,2518.330078125,2537.679931640625,0
2017-12-22,2534.219970703125,2536.909912109375,2525.830078125,2536.25,0
2017-12-27,2534.030029296875,2539.5,2513.3798828125,2537.780029296875,0
2017-12-28,2535.85009765625,2537.56005859375,2521.300048828125,2524.35009765625,0
2017-12-29,2523.830078125,2529.590087890625,2520.1298828125,2529.0400390625,0
2018-01-02,2535.52001953125,2554.909912109375,2510.56005859375,2554.909912109375,0
2018-01-03,2564.219970703125,2600.429931640625,2563.68994140625,2596.909912109375,0
2018-01-04,2609.550048828125,2623.0,2601.110107421875,2622.3798828125,0
2018-01-05,2623.530029296875,2642.550048828125,2615.5400390625,2642.550048828125,0
2018-01-08,2647.760009765625,2671.469970703125,2647.679931640625,2671.469970703125,0
2018-01-09,2673.739990234375,2686.159912109375,2668.8701171875,2686.159912109375,0
2018-01-10,2677.389892578125,2678.969970703125,2635.719970703125,2649.77001953125,0
2018-01-11,2654.909912109375,2662.530029296875,2646.030029296875,2650.10009765625,0
2018-01-12,2657.7900390625,2663.989990234375,2634.699951171875,2663.909912109375,0
2018-01-15,2667.18994140625,2667.9599609375,2648.72998046875,2653.280029296875,0
2018-01-16,2653.909912109375,2665.949951171875,2641.110107421875,2651.6201171875,0
2018-01-17,2651.449951171875,2652.409912109375,2636.47998046875,2646.030029296875,0
2018-01-18,2656.4599609375,2683.590087890625,2655.18994140625,2683.590087890625,0
2018-01-19,2686.85009765625,2709.47998046875,2681.31005859375,2703.0400390625,0
2018-01-22,2707.72998046875,2709.2099609375,2699.1298828125,2705.780029296875,0
2018-01-23,2721.77001953125,2725.969970703125,2677.919921875,2704.389892578125,0
2018-01-24,2701.5,2701.780029296875,2655.10009765625,2657.4599609375,0
2018-01-25,2654.639892578125,2669.969970703125,2630.169921875,2634.93994140625,0
2018-01-26,2637.18994140625,2665.81005859375,2613.280029296875,2665.72998046875,0
2018-01-29,2675.739990234375,2690.280029296875,2671.27001953125,2673.510009765625,0
2018-01-30,2664.22998046875,2676.419921875,2632.659912109375,2638.669921875,0
2018-01-31,2640.639892578125,2667.360107421875,2638.929931640625,2649.080078125,0
2018-02-01,2657.3701171875,2673.070068359375,2632.860107421875,2639.5,0
2018-02-02,2636.81005859375,2638.68994140625,2599.550048828125,2599.719970703125,0
2018-02-05,2576.909912109375,2576.909912109375,2537.429931640625,2553.830078125,0
2018-02-06,2469.590087890625,2512.550048828125,2437.75,2479.929931640625,0
2018-02-07,2506.179931640625,2561.639892578125,2500.35009765625,2558.919921875,0
2018-02-08,2556.06005859375,2558.080078125,2452.280029296875,2455.760009765625,0
2018-02-09,2445.360107421875,2475.429931640625,2428.47998046875,2441.219970703125,0
2018-02-12,2458.6201171875,2501.110107421875,2458.389892578125,2478.0,0
2018-02-13,2481.35009765625,2491.199951171875,2461.659912109375,2462.5400390625,0
2018-02-14,2474.39990234375,2524.580078125,2471.919921875,2521.27001953125,0
2018-02-15,2534.64990234375,2552.93994140625,2523.110107421875,2534.360107421875,0
2018-02-16,2543.919921875,2580.949951171875,2543.5,2578.090087890625,0
2018-02-19,2587.340087890625,2595.090087890625,2560.110107421875,2563.3798828125,7332300
2018-02-20,2566.820068359375,2593.169921875,2561.25,2591.6298828125,0
2018-02-21,2589.72998046875,2604.300048828125,2570.989990234375,2603.0,0
2018-02-22,2586.239990234375,2588.7900390625,2559.5400390625,2583.27001953125,0
2018-02-23,2588.0400390625,2605.929931640625,2582.81005859375,2602.7099609375,0
2018-02-26,2614.64990234375,2634.080078125,2604.6298828125,2618.409912109375,0
2018-02-27,2625.64990234375,2634.2900390625,2609.7099609375,2621.550048828125,0
2018-02-28,2611.800048828125,2638.159912109375,2609.840087890625,2629.929931640625,0
2018-03-01,2619.68994140625,2620.260009765625,2557.52001953125,2562.22998046875,0
2018-03-02,2537.010009765625,2537.1201171875,2478.949951171875,2482.43994140625,0
2018-03-05,2471.1201171875,2542.139892578125,2464.77001953125,2537.360107421875,12923600
2018-03-06,2559.669921875,2589.25,2559.22998046875,2567.739990234375,0
2018-03-07,2558.179931640625,2600.860107421875,2544.050048828125,2595.389892578125,0
2018-03-08,2599.330078125,2663.199951171875,2599.330078125,2658.3798828125,0
2018-03-09,2657.340087890625,2692.610107421875,2656.929931640625,2692.429931640625,0
2018-03-12,2713.909912109375,2724.489990234375,2700.699951171875,2713.030029296875,0
2018-03-13,2720.27001953125,2732.679931640625,2689.360107421875,2694.239990234375,0
2018-03-14,2694.39990234375,2711.639892578125,2676.8701171875,2679.0,0
2018-03-15,2688.639892578125,2708.179931640625,2679.02001953125,2697.510009765625,0
2018-03-16,2705.68994140625,2709.320068359375,2675.14990234375,2679.85009765625,0
2018-03-19,2678.159912109375,2692.969970703125,2647.43994140625,2650.85009765625,0
2018-03-20,2656.699951171875,2680.340087890625,2652.0400390625,2677.7099609375,0
2018-03-21,2682.070068359375,2687.139892578125,2659.389892578125,2666.169921875,0
2018-03-22,2655.719970703125,2655.719970703125,2567.25,2581.820068359375,0
2018-03-23,2563.60009765625,2565.39990234375,2526.090087890625,2555.43994140625,0
2018-03-26,2560.06005859375,2570.699951171875,2506.050048828125,2512.409912109375,0
2018-03-27,2548.97998046875,2564.27001953125,2544.739990234375,2555.320068359375,0
2018-03-28,2530.25,2530.25,2474.27001953125,2482.60009765625,0
2018-03-29,2487.27001953125,2507.080078125,2479.820068359375,2494.4599609375,0
2018-04-03,2477.60009765625,2482.449951171875,2444.889892578125,2467.02001953125,0
2018-04-04,2468.510009765625,2472.1201171875,2405.889892578125,2425.530029296875,0
2018-04-05,2456.280029296875,2514.449951171875,2456.280029296875,2512.97998046875,0
2018-04-06,2502.739990234375,2511.830078125,2486.68994140625,2500.489990234375,0
2018-04-09,2509.409912109375,2529.22998046875,2503.27001953125,2528.909912109375,0
2018-04-10,2549.7900390625,2570.719970703125,2540.02001953125,2568.469970703125,0
2018-04-11,2568.409912109375,2587.4599609375,2547.330078125,2563.56005859375,0
2018-04-12,2563.679931640625,2608.080078125,2559.429931640625,2607.93994140625,0
2018-04-13,2618.0400390625,2627.199951171875,2612.110107421875,2620.1298828125,0
2018-04-16,2625.360107421875,2632.8701171875,2601.4599609375,2607.6201171875,0
2018-04-17,2615.7099609375,2652.800048828125,2608.179931640625,2649.610107421875,0
2018-04-18,2657.949951171875,2668.889892578125,2648.52001953125,2665.590087890625,0
2018-04-19,2667.489990234375,2668.580078125,2635.1201171875,2638.760009765625,0
2018-04-20,2639.260009765625,2639.27001953125,2620.06005859375,2623.860107421875,0
2018-04-23,2630.8701171875,2647.2900390625,2620.8798828125,2646.030029296875,0
2018-04-24,2646.489990234375,2648.25,2611.89990234375,2626.800048828125,0
2018-04-25,2614.300048828125,2614.300048828125,2550.989990234375,2566.699951171875,0
2018-04-26,2572.22998046875,2616.56005859375,2569.330078125,2616.56005859375,0
2018-04-27,2625.18994140625,2640.760009765625,2618.35009765625,2625.9599609375,0
2018-04-30,2630.1201171875,2638.3798828125,2616.449951171875,2625.60009765625,0
2018-05-02,2634.800048828125,2698.800048828125,2634.800048828125,2693.659912109375,17086200
2018-05-03,2693.2900390625,2706.679931640625,2686.27001953125,2691.0,13750400
2018-05-04,2701.840087890625,2710.81005859375,2691.77001953125,2696.949951171875,12904100
2018-05-07,2708.070068359375,2754.280029296875,2707.72998046875,2754.280029296875,0
2018-05-08,2753.320068359375,2754.570068359375,2726.860107421875,2745.489990234375,0
2018-05-09,2745.580078125,2774.409912109375,2740.340087890625,2773.39990234375,0
2018-05-10,2776.60009765625,2792.25,2772.580078125,2787.22998046875,0
2018-05-11,2791.030029296875,2794.5400390625,2776.429931640625,2779.5,0
2018-05-14,2785.389892578125,2788.7099609375,2758.85009765625,2773.239990234375,0
2018-05-15,2774.0400390625,2785.840087890625,2767.14990234375,2772.260009765625,0
2018-05-16,2778.260009765625,2786.199951171875,2769.070068359375,2781.85009765625,0
2018-05-17,2779.719970703125,2804.9599609375,2776.52001953125,2804.9599609375,0
2018-05-18,2805.260009765625,2820.679931640625,2799.550048828125,2805.989990234375,0
2018-05-22,2818.9599609375,2839.510009765625,2811.60009765625,2818.22998046875,0
2018-05-23,2812.719970703125,2818.39990234375,2780.330078125,2796.27001953125,0
2018-05-24,2799.1298828125,2821.75,2789.179931640625,2800.639892578125,0
2018-05-25,2812.7900390625,2836.97998046875,2812.7900390625,2824.169921875,0
2018-05-28,2838.070068359375,2847.860107421875,2827.52001953125,2832.72998046875,0
2018-05-29,2819.949951171875,2819.949951171875,2775.419921875,2780.5,0
2018-05-30,2781.340087890625,2799.489990234375,2773.760009765625,2798.47998046875,0
2018-05-31,2802.679931640625,2812.239990234375,2779.0400390625,2786.43994140625,0
2018-06-01,2795.780029296875,2805.860107421875,2775.6298828125,2795.14990234375,0
2018-06-04,2810.050048828125,2831.3701171875,2789.860107421875,2815.47998046875,0
2018-06-05,2816.3701171875,2859.760009765625,2816.3701171875,2831.699951171875,0
2018-06-06,2837.8798828125,2848.4599609375,2827.090087890625,2842.1298828125,0
2018-06-07,2850.56005859375,2858.639892578125,2810.409912109375,2815.39990234375,0
2018-06-08,2803.080078125,2808.510009765625,2776.60009765625,2805.10009765625,0
2018-06-11,2813.7099609375,2846.360107421875,2813.68994140625,2843.909912109375,0
2018-06-12,2854.719970703125,2879.3798828125,2853.159912109375,2866.02001953125,0
2018-06-13,2871.360107421875,2906.860107421875,2871.090087890625,2903.3798828125,0
2018-06-14,2894.179931640625,2943.68994140625,2889.159912109375,2943.679931640625,0
2018-06-15,2944.14990234375,2950.43994140625,2863.47998046875,2863.550048828125,0
2018-06-18,2859.110107421875,2870.489990234375,2840.14990234375,2849.3701171875,0
2018-06-19,2833.610107421875,2835.510009765625,2785.139892578125,2801.010009765625,0
2018-06-20,2813.35009765625,2844.570068359375,2813.35009765625,2830.800048828125,0
2018-06-21,2840.219970703125,2847.199951171875,2794.090087890625,2798.739990234375,0
2018-06-22,2800.7099609375,2809.830078125,2782.820068359375,2799.050048828125,0
2018-06-25,2794.699951171875,2795.1201171875,2733.6298828125,2733.6298828125,0
2018-06-26,2738.469970703125,2761.260009765625,2738.469970703125,2745.360107421875,0
2018-06-27,2747.389892578125,2748.830078125,2690.070068359375,2721.14990234375,0
2018-06-28,2716.889892578125,2729.919921875,2625.580078125,2647.699951171875,0
2018-06-29,2667.030029296875,2704.4599609375,2667.030029296875,2691.3798828125,0
2018-07-02,2674.169921875,2683.679931640625,2645.330078125,2667.679931640625,0
2018-07-03,2678.360107421875,2713.320068359375,2677.090087890625,2705.2099609375,0
2018-07-04,2702.89990234375,2705.7900390625,2680.0,2698.239990234375,0
2018-07-05,2700.239990234375,2743.090087890625,2700.239990234375,2743.050048828125,0
2018-07-06,2756.81005859375,2763.68994140625,2744.110107421875,2763.090087890625,0
2018-07-09,2773.0,2792.320068359375,2773.0,2779.929931640625,0
2018-07-10,2788.7099609375,2810.659912109375,2786.77001953125,2809.699951171875,0
2018-07-11,2788.64990234375,2802.0400390625,2776.7900390625,2794.25,0
2018-07-12,2806.360107421875,2827.43994140625,2806.300048828125,2826.97998046875,0
2018-07-13,2830.8798828125,2838.570068359375,2813.280029296875,2823.659912109375,0
2018-07-16,2822.199951171875,2845.14990234375,2817.929931640625,2841.8701171875,0
2018-07-17,2842.1201171875,2856.489990234375,2824.64990234375,2851.639892578125,0
2018-07-18,2867.14990234375,2885.43994140625,2867.14990234375,2877.14990234375,0
2018-07-19,2877.27001953125,2885.360107421875,2858.6201171875,2869.300048828125,0
2018-07-20,2870.64990234375,2901.9599609375,2861.010009765625,2878.89990234375,0
2018-07-23,2873.909912109375,2886.7900390625,2859.800048828125,2886.1298828125,0
2018-07-24,2892.800048828125,2926.010009765625,2892.800048828125,2905.5400390625,0
2018-07-25,2902.389892578125,2924.60009765625,2891.2900390625,2915.830078125,0
2018-07-26,2932.219970703125,2949.360107421875,2918.4599609375,2932.409912109375,0
2018-07-27,2937.989990234375,2970.719970703125,2937.820068359375,2952.760009765625,0
2018-07-30,2950.340087890625,2950.340087890625,2911.800048828125,2912.239990234375,0
2018-07-31,2916.030029296875,2918.02001953125,2879.110107421875,2883.219970703125,0
2018-08-01,2889.139892578125,2920.419921875,2887.31005859375,2899.47998046875,0
2018-08-02,2887.320068359375,2892.320068359375,2866.25,2885.1298828125,0
2018-08-03,2891.35009765625,2938.2900390625,2887.409912109375,2924.800048828125,0
2018-08-06,2931.169921875,2960.6298828125,2923.280029296875,2938.570068359375,0
2018-08-07,2940.14990234375,2957.929931640625,2924.510009765625,2927.6298828125,0
2018-08-08,2927.679931640625,2943.590087890625,2915.0,2927.199951171875,0
2018-08-09,2927.659912109375,2952.97998046875,2925.68994140625,2947.860107421875,0
2018-08-10,2933.97998046875,2941.7900390625,2905.219970703125,2923.1201171875,0
2018-08-13,2909.840087890625,2942.239990234375,2903.02001953125,2938.25,0
2018-08-14,2944.68994140625,2947.679931640625,2907.889892578125,2913.659912109375,0
2018-08-15,2916.780029296875,2922.10009765625,2836.280029296875,2843.139892578125,0
2018-08-16,2845.8798828125,2897.389892578125,2845.8798828125,2888.330078125,0
2018-08-17,2893.280029296875,2902.489990234375,2871.050048828125,2881.169921875,0
2018-08-20,2885.919921875,2928.389892578125,2885.919921875,2917.25,0
2018-08-21,2921.469970703125,2940.0,2916.669921875,2926.510009765625,0
2018-08-22,2926.81005859375,2950.260009765625,2922.760009765625,2936.409912109375,0
2018-08-23,2938.389892578125,2967.389892578125,2938.389892578125,2962.39990234375,0
2018-08-24,2966.169921875,2983.9599609375,2965.8798828125,2982.60009765625,0
2018-08-27,2995.1201171875,3028.550048828125,2995.070068359375,3028.550048828125,0
2018-08-28,3032.320068359375,3041.3701171875,3014.050048828125,3025.969970703125,0
2018-08-29,3030.510009765625,3043.919921875,3025.8798828125,3039.47998046875,0
2018-08-30,3041.8701171875,3045.800048828125,3002.909912109375,3020.429931640625,0
2018-08-31,3015.840087890625,3016.070068359375,2996.139892578125,3012.77001953125,0
2018-09-03,3012.090087890625,3037.830078125,3008.800048828125,3024.469970703125,8901700
2018-09-04,3035.510009765625,3049.60009765625,2982.300048828125,2986.389892578125,0
2018-09-05,2986.56005859375,2997.85009765625,2912.39990234375,2912.39990234375,0
2018-09-06,2914.919921875,2930.10009765625,2890.56005859375,2894.820068359375,0
2018-09-07,2894.6298828125,2912.3798828125,2883.2900390625,2912.070068359375,0
2018-09-10,2917.830078125,2926.179931640625,2882.22998046875,2908.989990234375,0
2018-09-11,2917.7900390625,2926.6201171875,2884.72998046875,2895.2099609375,0
2018-09-12,2899.1201171875,2920.60009765625,2887.320068359375,2899.610107421875,0
2018-09-13,2905.639892578125,2918.739990234375,2876.409912109375,2876.409912109375,0
2018-09-14,2885.22998046875,2913.2900390625,2880.080078125,2910.830078125,0
2018-09-17,2913.31005859375,2913.989990234375,2889.97998046875,2904.2099609375,0
2018-09-18,2899.239990234375,2907.6201171875,2874.969970703125,2907.6201171875,0
2018-09-19,2905.830078125,2913.56005859375,2867.02001953125,2867.02001953125,0
2018-09-20,2865.300048828125,2865.300048828125,2810.9599609375,2824.77001953125,0
2018-09-21,2832.22998046875,2845.93994140625,2816.830078125,2816.830078125,0
2018-09-24,2814.510009765625,2818.6298828125,2804.239990234375,2807.570068359375,0
2018-09-25,2810.280029296875,2854.590087890625,2809.760009765625,2854.590087890625,0
2018-09-26,2859.949951171875,2863.090087890625,2841.31005859375,2851.419921875,0
2018-09-27,2843.25,2843.260009765625,2813.510009765625,2832.89990234375,0
2018-09-28,2833.93994140625,2847.919921875,2801.43994140625,2813.070068359375,0
2018-10-01,2820.1201171875,2858.81005859375,2820.1201171875,2852.22998046875,0
2018-10-02,2844.080078125,2848.530029296875,2817.35009765625,2845.760009765625,0
2018-10-04,2847.110107421875,2850.949951171875,2800.8701171875,2804.820068359375,0
2018-10-05,2798.39990234375,2799.610107421875,2741.510009765625,2745.139892578125,0
2018-10-08,2731.919921875,2732.590087890625,2643.909912109375,2646.159912109375,0
2018-10-09,2646.22998046875,2671.570068359375,2614.8798828125,2667.719970703125,0
2018-10-10,2668.75,2678.280029296875,2554.080078125,2554.110107421875,0
2018-10-11,2506.06005859375,2590.719970703125,2494.8798828125,2547.580078125,0
2018-10-12,2573.64990234375,2613.080078125,2567.570068359375,2584.969970703125,0
2018-10-15,2575.739990234375,2592.260009765625,2556.389892578125,2588.330078125,0
2018-10-16,2594.139892578125,2680.2099609375,2592.780029296875,2678.409912109375,0
2018-10-17,2692.47998046875,2733.14990234375,2675.199951171875,2686.889892578125,0
2018-10-18,2688.169921875,2707.1201171875,2659.340087890625,2659.340087890625,0
2018-10-19,2661.8798828125,2687.280029296875,2633.489990234375,2650.300048828125,0
2018-10-22,2658.570068359375,2674.090087890625,2629.260009765625,2640.550048828125,0
2018-10-23,2621.25,2621.25,2541.5400390625,2550.31005859375,0
2018-10-24,2555.56005859375,2584.219970703125,2530.5400390625,2531.800048828125,0
2018-10-25,2518.52001953125,2557.39990234375,2486.070068359375,2552.43994140625,0
2018-10-26,2539.2900390625,2539.68994140625,2470.929931640625,2508.489990234375,0
2018-10-29,2514.840087890625,2586.3798828125,2514.2900390625,2552.85009765625,0
2018-10-30,2562.419921875,2587.489990234375,2532.68994140625,2571.14990234375,0
2018-10-31,2593.43994140625,2655.570068359375,2593.43994140625,2637.840087890625,0
2018-11-01,2638.56005859375,2673.860107421875,2630.989990234375,2670.340087890625,0
2018-11-02,2689.6201171875,2722.35009765625,2663.969970703125,2668.3701171875,0
2018-11-05,2666.550048828125,2675.8701171875,2637.199951171875,2647.760009765625,0
2018-11-06,2657.340087890625,2669.590087890625,2636.830078125,2656.39990234375,0
2018-11-07,2663.93994140625,2695.679931640625,2662.320068359375,2687.239990234375,0
2018-11-08,2697.22998046875,2715.320068359375,2662.830078125,2670.89990234375,0
2018-11-09,2661.669921875,2675.5400390625,2640.919921875,2665.93994140625,0
2018-11-12,2675.93994140625,2691.97998046875,2566.7900390625,2567.18994140625,0
2018-11-13,2574.0400390625,2612.0400390625,2568.169921875,2607.3701171875,0
2018-11-14,2592.159912109375,2630.669921875,2543.0,2591.330078125,0
2018-11-15,2598.85009765625,2610.72998046875,2544.43994140625,2571.469970703125,0
2018-11-16,2581.7099609375,2600.489990234375,2548.18994140625,2569.530029296875,0
2018-11-19,2575.75,2601.929931640625,2524.9599609375,2526.699951171875,0
2018-11-20,2512.110107421875,2512.22998046875,2434.570068359375,2479.840087890625,0
2018-11-21,2494.4599609375,2529.760009765625,2487.820068359375,2525.820068359375,0
2018-11-22,2521.760009765625,2522.050048828125,2498.25,2503.260009765625,23043800
2018-11-23,2501.429931640625,2539.2099609375,2498.47998046875,2536.64990234375,0
2018-11-26,2548.260009765625,2574.919921875,2541.080078125,2572.840087890625,0
2018-11-27,2575.989990234375,2584.639892578125,2539.159912109375,2561.360107421875,0
2018-11-28,2567.77001953125,2586.25,2564.090087890625,2567.22998046875,0
2018-11-29,2581.47998046875,2625.60009765625,2581.47998046875,2605.159912109375,0
2018-11-30,2611.27001953125,2613.679931640625,2582.699951171875,2591.010009765625,0
2018-12-03,2641.590087890625,2672.35009765625,2641.389892578125,2646.320068359375,0
2018-12-04,2640.489990234375,2645.260009765625,2618.300048828125,2618.300048828125,0
2018-12-05,2596.89990234375,2597.530029296875,2571.7099609375,2574.659912109375,0
2018-12-06,2551.2099609375,2552.050048828125,2496.929931640625,2505.35009765625,0
2018-12-07,2523.56005859375,2558.889892578125,2516.6298828125,2516.6298828125,0
2018-12-10,2500.030029296875,2510.4599609375,2476.18994140625,2481.110107421875,0
2018-12-11,2499.919921875,2551.639892578125,2499.919921875,2522.81005859375,0
2018-12-12,2532.7099609375,2569.93994140625,2521.6298828125,2563.9599609375,0
2018-12-13,2567.330078125,2576.18994140625,2538.919921875,2547.22998046875,0
2018-12-14,2530.85009765625,2530.85009765625,2496.8798828125,2519.830078125,0
2018-12-17,2517.72998046875,2520.68994140625,2474.590087890625,2497.949951171875,0
2018-12-18,2489.449951171875,2501.6298828125,2466.280029296875,2480.06005859375,0
2018-12-19,2475.679931640625,2503.260009765625,2470.639892578125,2495.860107421875,0
2018-12-20,2467.320068359375,2475.6201171875,2431.989990234375,2432.7900390625,0
2018-12-21,2423.800048828125,2443.43994140625,2417.530029296875,2431.159912109375,0
2018-12-27,2436.06005859375,2458.570068359375,2375.590087890625,2400.280029296875,0
2018-12-28,2411.919921875,2455.25,2410.699951171875,2450.179931640625,0
2019-01-02,2447.2099609375,2475.050048828125,2415.97998046875,2464.489990234375,0
2019-01-03,2445.659912109375,2445.659912109375,2386.06005859375,2392.60009765625,0
2019-01-04,2411.580078125,2473.169921875,2409.820068359375,2469.780029296875,0
2019-01-07,2486.8798828125,2512.72998046875,2482.699951171875,2511.719970703125,0
2019-01-08,2511.969970703125,2542.64990234375,2494.77001953125,2519.10009765625,41554000
2019-01-09,2535.179931640625,2564.389892578125,2534.199951171875,2547.669921875,0
2019-01-10,2532.2099609375,2536.800048828125,2512.43994140625,2530.64990234375,0
2019-01-11,2535.25,2541.14990234375,2513.3701171875,2516.9599609375,0
2019-01-14,2497.929931640625,2499.699951171875,2473.3701171875,2478.06005859375,0
2019-01-15,2494.169921875,2511.580078125,2480.6201171875,2502.2099609375,0
2019-01-16,2509.47998046875,2526.6201171875,2502.06005859375,2520.02001953125,0
2019-01-17,2510.469970703125,2522.739990234375,2498.860107421875,2517.030029296875,0
2019-01-18,2530.93994140625,2581.510009765625,2530.929931640625,2579.889892578125,0
2019-01-21,2583.8701171875,2599.889892578125,2574.360107421875,2590.489990234375,0
2019-01-22,2588.070068359375,2603.090087890625,2564.820068359375,2577.429931640625,0
2019-01-23,2563.18994140625,2604.5400390625,2549.679931640625,2593.010009765625,0
2019-01-24,2598.050048828125,2632.780029296875,2596.97998046875,2624.409912109375,0
2019-01-25,2643.7900390625,2664.590087890625,2642.050048828125,2650.300048828125,0
2019-01-28,2646.989990234375,2660.489990234375,2616.56005859375,2624.39990234375,0
2019-01-29,2625.080078125,2644.39990234375,2608.8701171875,2632.4599609375,0
2019-01-30,2634.510009765625,2644.8798828125,2550.429931640625,2591.81005859375,0
2019-01-31,2601.989990234375,2620.97998046875,2568.68994140625,2587.659912109375,0
2019-02-01,2593.639892578125,2616.39990234375,2493.719970703125,2516.5,41193100
2019-02-04,2515.56005859375,2569.56005859375,2514.389892578125,2557.1298828125,0
2019-02-05,2558.4599609375,2611.449951171875,2558.449951171875,2611.449951171875,0
2019-02-06,2620.60009765625,2633.429931640625,2600.360107421875,2621.699951171875,0
2019-02-07,2612.5400390625,2616.909912109375,2534.7900390625,2535.330078125,0
2019-02-08,2527.52001953125,2547.550048828125,2455.169921875,2482.93994140625,0
2019-02-11,2492.22998046875,2525.570068359375,2492.1201171875,2519.85009765625,0
2019-02-12,2539.080078125,2561.070068359375,2530.8701171875,2537.719970703125,0
2019-02-13,2548.800048828125,2565.4599609375,2541.110107421875,2548.639892578125,0
2019-02-14,2560.780029296875,2586.14990234375,2559.02001953125,2564.02001953125,0
2019-02-15,2561.60009765625,2591.659912109375,2548.159912109375,2583.969970703125,0
2019-02-18,2586.06005859375,2625.010009765625,2585.260009765625,2622.14990234375,0
2019-02-19,2621.2099609375,2653.800048828125,2619.919921875,2633.6201171875,0
2019-02-20,2635.0,2645.010009765625,2608.489990234375,2615.6201171875,0
2019-02-21,2621.72998046875,2625.81005859375,2591.659912109375,2601.85009765625,0
2019-02-22,2609.35009765625,2620.27001953125,2601.760009765625,2615.75,0
2019-02-25,2620.5,2639.639892578125,2620.300048828125,2623.989990234375,0
2019-02-26,2620.93994140625,2621.10009765625,2603.25,2617.550048828125,0
2019-02-27,2612.97998046875,2613.8798828125,2586.5,2592.110107421875,0
2019-02-28,2581.760009765625,2602.3798828125,2566.47998046875,2601.929931640625,0
2019-03-01,2614.090087890625,2642.68994140625,2614.090087890625,2637.52001953125,0
2019-03-04,2651.030029296875,2663.52001953125,2648.820068359375,2649.06005859375,0
2019-03-05,2648.639892578125,2662.27001953125,2636.72998046875,2660.919921875,0
2019-03-06,2658.56005859375,2664.2900390625,2641.43994140625,2643.25,0
2019-03-07,2638.25,2640.719970703125,2613.06005859375,2624.8701171875,0
2019-03-08,2614.590087890625,2630.159912109375,2598.300048828125,2626.860107421875,0
2019-03-11,2636.330078125,2668.780029296875,2634.429931640625,2668.330078125,0
2019-03-12,2678.449951171875,2683.840087890625,2644.06005859375,2656.080078125,0
2019-03-13,2656.550048828125,2656.550048828125,2635.080078125,2653.280029296875,0
2019-03-14,2658.360107421875,2664.6201171875,2644.610107421875,2652.489990234375,0
2019-03-15,2656.60009765625,2667.7900390625,2635.639892578125,2666.9599609375,0
2019-03-18,2678.02001953125,2681.7900390625,2655.31005859375,2662.429931640625,0
2019-03-19,2665.969970703125,2709.93994140625,2665.969970703125,2704.969970703125,0
2019-03-20,2703.070068359375,2723.449951171875,2678.909912109375,2678.909912109375,0
2019-03-21,2675.52001953125,2682.27001953125,2653.68994140625,2674.239990234375,0
2019-03-22,2682.219970703125,2706.610107421875,2641.510009765625,2641.570068359375,0
2019-03-25,2624.030029296875,2643.9599609375,2607.93994140625,2627.389892578125,0
2019-03-26,2637.760009765625,2729.68994140625,2627.43994140625,2721.419921875,0
2019-03-27,2730.830078125,2733.0400390625,2671.72998046875,2687.139892578125,0
2019-03-28,2682.820068359375,2693.550048828125,2668.300048828125,2673.929931640625,0
2019-03-29,2669.679931640625,2677.1201171875,2649.5,2671.679931640625,0
2019-04-01,2687.389892578125,2721.27001953125,2687.389892578125,2715.830078125,0
2019-04-02,2722.06005859375,2726.72998046875,2708.590087890625,2719.8701171875,0
2019-04-03,2735.6298828125,2774.510009765625,2735.6298828125,2772.2900390625,0
2019-04-04,2770.4599609375,2777.989990234375,2763.780029296875,2766.199951171875,0
2019-04-05,2761.830078125,2778.139892578125,2761.7099609375,2776.81005859375,0
2019-04-08,2773.2099609375,2773.2099609375,2757.22998046875,2767.14990234375,0
2019-04-09,2758.06005859375,2770.6298828125,2739.679931640625,2741.679931640625,0
2019-04-10,2739.949951171875,2754.0400390625,2735.77001953125,2741.72998046875,0
2019-04-11,2743.570068359375,2748.340087890625,2723.9599609375,2741.830078125,0
2019-04-12,2744.110107421875,2761.669921875,2735.14990234375,2760.68994140625,0
2019-04-15,2764.929931640625,2790.639892578125,2762.77001953125,2789.919921875,0
2019-04-16,2796.97998046875,2817.580078125,2796.97998046875,2816.580078125,0
2019-04-17,2815.469970703125,2831.360107421875,2803.050048828125,2813.090087890625,0
2019-04-18,2803.860107421875,2819.550048828125,2781.1298828125,2802.800048828125,0
2019-04-23,2806.469970703125,2835.6298828125,2782.760009765625,2834.409912109375,0
2019-04-24,2832.5400390625,2913.330078125,2831.909912109375,2895.610107421875,0
2019-04-25,2909.669921875,2911.300048828125,2865.27001953125,2877.7099609375,0
2019-04-26,2877.780029296875,2904.030029296875,2874.330078125,2897.43994140625,0
2019-04-29,2897.469970703125,2915.85009765625,2895.429931640625,2912.320068359375,0
2019-04-30,2905.31005859375,2922.5400390625,2904.14990234375,2911.570068359375,0
2019-05-02,2909.85009765625,2914.6201171875,2878.820068359375,2886.179931640625,0
2019-05-03,2882.820068359375,2893.6298828125,2875.5,2888.5400390625,0
2019-05-06,2843.68994140625,2852.60009765625,2818.2900390625,2850.43994140625,0
2019-05-07,2862.93994140625,2884.72998046875,2823.340087890625,2835.489990234375,0
2019-05-08,2828.4599609375,2871.280029296875,2826.830078125,2867.6201171875,0
2019-05-09,2859.409912109375,2861.7099609375,2789.2900390625,2791.639892578125,0
2019-05-10,2812.81005859375,2833.989990234375,2810.2099609375,2816.030029296875,0
2019-05-13,2817.080078125,2818.10009765625,2739.72998046875,2744.669921875,0
2019-05-14,2747.22998046875,2811.6298828125,2747.22998046875,2811.2900390625,0
2019-05-15,2824.590087890625,2828.8798828125,2777.739990234375,2824.7099609375,0
2019-05-16,2822.409912109375,2882.97998046875,2818.27001953125,2881.909912109375,0
2019-05-17,2873.330078125,2877.64990234375,2848.419921875,2867.199951171875,0
2019-05-20,2863.860107421875,2868.56005859375,2826.110107421875,2838.949951171875,0
2019-05-21,2846.669921875,2882.43994140625,2846.669921875,2872.43994140625,0
2019-05-22,2869.510009765625,2918.31005859375,2869.510009765625,2913.050048828125,0
2019-05-23,2895.6298828125,2898.1201171875,2841.409912109375,2841.469970703125,0
2019-05-24,2853.5400390625,2870.219970703125,2842.179931640625,2844.8701171875,0
2019-05-27,2852.679931640625,2876.260009765625,2852.679931640625,2863.469970703125,16676900
2019-05-28,2861.610107421875,2875.2900390625,2856.580078125,2872.7900390625,0
2019-05-29,2850.840087890625,2851.320068359375,2781.47998046875,2781.669921875,0
2019-05-30,2780.47998046875,2810.570068359375,2779.5400390625,2808.199951171875,0
2019-05-31,2794.14990234375,2794.14990234375,2710.989990234375,2748.47998046875,0
2019-06-03,2741.820068359375,2750.139892578125,2710.669921875,2745.330078125,0
2019-06-04,2736.2900390625,2749.02001953125,2707.6201171875,2743.22998046875,0
2019-06-05,2752.72998046875,2790.68994140625,2748.8701171875,2772.919921875,0
2019-06-06,2777.409912109375,2792.010009765625,2744.56005859375,2760.669921875,0
2019-06-07,2769.739990234375,2797.25,2765.360107421875,2787.090087890625,0
2019-06-11,2797.070068359375,2840.300048828125,2797.030029296875,2821.97998046875,0
2019-06-12,2808.14990234375,2829.179931640625,2803.1298828125,2823.429931640625,0
2019-06-13,2827.570068359375,2865.5400390625,2827.31005859375,2846.75,0
2019-06-14,2840.56005859375,2840.60009765625,2787.179931640625,2794.1201171875,0
2019-06-17,2802.659912109375,2806.590087890625,2783.0,2794.139892578125,0
2019-06-18,2797.7099609375,2846.409912109375,2760.989990234375,2843.840087890625,0
2019-06-19,2845.2900390625,2847.6201171875,2826.89990234375,2838.02001953125,0
2019-06-20,2851.93994140625,2882.219970703125,2851.93994140625,2859.090087890625,0
2019-06-21,2856.449951171875,2861.889892578125,2841.090087890625,2844.550048828125,0
2019-06-24,2846.0,2866.68994140625,2845.419921875,2852.360107421875,0
2019-06-25,2849.3798828125,2856.4599609375,2839.489990234375,2839.77001953125,0
2019-06-26,2835.8701171875,2839.10009765625,2812.7099609375,2816.93994140625,0
2019-06-27,2825.429931640625,2842.219970703125,2820.1298828125,2836.35009765625,0
2019-06-28,2837.610107421875,2876.489990234375,2837.610107421875,2875.60009765625,0
2019-07-01,2899.080078125,2943.919921875,2898.8798828125,2917.469970703125,0
2019-07-02,2925.510009765625,2927.199951171875,2905.030029296875,2914.840087890625,0
2019-07-03,2916.469970703125,2943.419921875,2911.659912109375,2940.909912109375,0
2019-07-04,2948.050048828125,2952.64990234375,2926.3798828125,2944.300048828125,0
2019-07-05,2945.949951171875,2954.0400390625,2913.159912109375,2924.889892578125,0
2019-07-08,2917.280029296875,2931.820068359375,2910.070068359375,2917.800048828125,0
2019-07-09,2915.1201171875,2916.22998046875,2887.530029296875,2897.639892578125,0
2019-07-10,2899.10009765625,2922.7900390625,2885.5,2903.5400390625,0
2019-07-11,2907.409912109375,2914.110107421875,2870.679931640625,2877.139892578125,0
2019-07-12,2867.510009765625,2869.199951171875,2858.35009765625,2863.0,0
2019-07-15,2869.909912109375,2905.260009765625,2868.72998046875,2903.989990234375,0
2019-07-16,2906.800048828125,2911.97998046875,2888.5400390625,2894.2099609375,0
2019-07-17,2896.840087890625,2898.93994140625,2872.3798828125,2876.639892578125,0
2019-07-18,2866.64990234375,2868.9599609375,2829.89990234375,2838.800048828125,0
2019-07-19,2845.239990234375,2878.340087890625,2845.239990234375,2866.580078125,0
2019-07-22,2866.360107421875,2896.280029296875,2862.110107421875,2894.010009765625,27682000
2019-07-23,2903.9599609375,2924.25,2900.06005859375,2912.4599609375,0
2019-07-24,2924.419921875,2947.090087890625,2918.860107421875,2946.719970703125,0
2019-07-25,2955.050048828125,2957.449951171875,2902.909912109375,2908.050048828125,0
2019-07-26,2914.550048828125,2946.6298828125,2914.550048828125,2945.909912109375,0
2019-07-29,2948.7900390625,2971.0400390625,2944.389892578125,2945.60009765625,0
2019-07-30,2948.199951171875,2951.510009765625,2882.110107421875,2892.070068359375,0
2019-07-31,2897.280029296875,2925.679931640625,2891.10009765625,2915.610107421875,0
2019-08-01,2910.780029296875,2944.10009765625,2905.3798828125,2943.7099609375,0
2019-08-02,2919.77001953125,2919.77001953125,2856.590087890625,2856.590087890625,45152600
2019-08-05,2835.360107421875,2837.260009765625,2767.449951171875,2774.489990234375,0
2019-08-06,2776.050048828125,2811.239990234375,2772.340087890625,2773.159912109375,0
2019-08-07,2785.56005859375,2813.739990234375,2758.56005859375,2788.679931640625,0
2019-08-08,2808.6298828125,2829.080078125,2805.469970703125,2829.080078125,0
2019-08-09,2829.050048828125,2847.070068359375,2781.889892578125,2784.830078125,0
2019-08-12,2795.1201171875,2821.409912109375,2756.919921875,2758.989990234375,0
2019-08-13,2754.409912109375,2794.0400390625,2725.139892578125,2772.419921875,0
2019-08-14,2779.260009765625,2783.080078125,2693.389892578125,2696.669921875,0
2019-08-15,2698.139892578125,2705.60009765625,2605.409912109375,2643.0400390625,0
2019-08-16,2653.570068359375,2705.5400390625,2653.260009765625,2703.260009765625,0
2019-08-19,2713.919921875,2758.31005859375,2713.919921875,2752.050048828125,0
2019-08-20,2751.260009765625,2770.030029296875,2732.610107421875,2732.610107421875,0
2019-08-21,2736.260009765625,2783.570068359375,2736.260009765625,2783.550048828125,0
2019-08-22,2778.919921875,2789.169921875,2748.449951171875,2748.820068359375,0
2019-08-23,2762.9599609375,2779.409912109375,2720.5,2720.5,0
2019-08-26,2708.1298828125,2734.60009765625,2684.39990234375,2719.989990234375,0
2019-08-27,2723.070068359375,2749.77001953125,2708.199951171875,2745.780029296875,0
2019-08-28,2745.2099609375,2745.2099609375,2703.72998046875,2727.739990234375,0
2019-08-29,2726.8701171875,2767.199951171875,2720.110107421875,2761.090087890625,0
2019-08-30,2765.840087890625,2796.56005859375,2764.8798828125,2785.219970703125,0
2019-09-02,2782.39990234375,2790.409912109375,2772.27001953125,2779.31005859375,17928500
2019-09-03,2776.510009765625,2778.030029296875,2755.419921875,2767.030029296875,0
2019-09-04,2780.010009765625,2811.050048828125,2780.010009765625,2799.14990234375,0
2019-09-05,2814.580078125,2846.179931640625,2814.070068359375,2845.969970703125,0
2019-09-06,2851.419921875,2871.56005859375,2846.570068359375,2861.89990234375,0
2019-09-09,2868.110107421875,2883.260009765625,2858.800048828125,2864.0400390625,0
2019-09-10,2864.0,2864.1201171875,2802.14990234375,2823.800048828125,0
2019-09-11,2832.7900390625,2863.050048828125,2832.7900390625,2859.419921875,0
2019-09-12,2868.8701171875,2885.260009765625,2843.93994140625,2868.239990234375,0
2019-09-13,2873.280029296875,2877.97998046875,2861.570068359375,2872.070068359375,0
2019-09-16,2861.300048828125,2880.77001953125,2849.010009765625,2874.5,0
2019-09-17,2870.8701171875,2881.090087890625,2851.72998046875,2879.8701171875,0
2019-09-18,2881.840087890625,2899.31005859375,2879.260009765625,2895.31005859375,0
2019-09-19,2897.2099609375,2903.72998046875,2881.5400390625,2893.9599609375,0
2019-09-20,2896.360107421875,2897.429931640625,2864.18994140625,2868.590087890625,0
2019-09-23,2864.35009765625,2864.580078125,2821.159912109375,2828.070068359375,0
2019-09-24,2830.1298828125,2855.669921875,2829.669921875,2843.2099609375,0
2019-09-25,2829.580078125,2830.469970703125,2773.68994140625,2794.090087890625,0
2019-09-26,2796.989990234375,2825.179931640625,2796.989990234375,2815.6298828125,0
2019-09-27,2818.1201171875,2826.169921875,2801.820068359375,2822.68994140625,0
2019-09-30,2819.6298828125,2822.2099609375,2798.22998046875,2814.360107421875,0
2019-10-01,2822.739990234375,2842.75,2785.3701171875,2790.719970703125,0
2019-10-02,2788.5,2788.5,2720.47998046875,2720.570068359375,0
2019-10-04,2728.72998046875,2770.97998046875,2723.989990234375,2770.0,0
2019-10-07,2772.800048828125,2786.93994140625,2761.860107421875,2785.169921875,0
2019-10-08,2790.260009765625,2796.580078125,2689.8701171875,2695.840087890625,0
2019-10-09,2695.909912109375,2731.080078125,2681.10009765625,2730.340087890625,0
2019-10-10,2728.02001953125,2734.489990234375,2699.2099609375,2725.110107421875,0
2019-10-11,2731.02001953125,2802.260009765625,2729.159912109375,2802.260009765625,0
2019-10-14,2798.389892578125,2806.18994140625,2774.550048828125,2803.97998046875,0
2019-10-15,2815.169921875,2821.68994140625,2756.679931640625,2805.820068359375,0
2019-10-16,2802.52001953125,2810.070068359375,2780.570068359375,2801.739990234375,0
2019-10-17,2799.820068359375,2822.22998046875,2789.949951171875,2801.14990234375,0
2019-10-18,2801.02001953125,2811.469970703125,2776.080078125,2778.429931640625,0
2019-10-21,2782.3798828125,2838.669921875,2782.3798828125,2835.989990234375,0
2019-10-22,2844.860107421875,2848.080078125,2825.89990234375,2828.719970703125,0
2019-10-23,2823.5400390625,2823.5400390625,2787.030029296875,2808.93994140625,0
2019-10-24,2817.43994140625,2835.550048828125,2801.239990234375,2833.820068359375,0
2019-10-25,2834.1298828125,2836.489990234375,2794.8798828125,2814.25,0
2019-10-28,2813.699951171875,2827.64990234375,2806.0,2823.14990234375,0
2019-10-29,2823.0,2824.739990234375,2801.9599609375,2809.85009765625,0
2019-10-30,2806.39990234375,2816.6298828125,2788.97998046875,2811.4599609375,0
2019-10-31,2817.169921875,2825.739990234375,2784.510009765625,2796.5,0
2019-11-01,2798.179931640625,2833.409912109375,2798.1298828125,2829.8701171875,0
2019-11-04,2838.31005859375,2890.14990234375,2834.550048828125,2884.260009765625,0
2019-11-05,2888.85009765625,2901.909912109375,2876.81005859375,2901.330078125,0
2019-11-06,2902.52001953125,2907.239990234375,2882.080078125,2907.239990234375,0
2019-11-07,2912.3798828125,2933.43994140625,2907.169921875,2933.3798828125,56884800
2019-11-08,2927.659912109375,2927.72998046875,2906.260009765625,2921.43994140625,0
2019-11-11,2919.39990234375,2935.800048828125,2908.929931640625,2928.35009765625,0
2019-11-12,2931.60009765625,2963.85009765625,2930.7099609375,2949.659912109375,0
2019-11-13,2947.2099609375,2965.10009765625,2925.389892578125,2962.2900390625,0
2019-11-14,2958.340087890625,2994.169921875,2957.56005859375,2977.090087890625,0
2019-11-15,2993.669921875,2999.35009765625,2977.1298828125,2998.919921875,0
2019-11-18,3001.360107421875,3034.530029296875,2998.699951171875,3019.010009765625,0
2019-11-19,3017.050048828125,3047.6298828125,3013.739990234375,3019.97998046875,0
2019-11-20,3012.6201171875,3012.6201171875,2982.929931640625,3005.2900390625,0
2019-11-21,2990.590087890625,3000.969970703125,2967.219970703125,2994.39990234375,0
2019-11-22,2996.010009765625,3020.989990234375,2994.919921875,3011.909912109375,0
2019-11-25,3023.969970703125,3048.760009765625,3022.1298828125,3046.0,0
2019-11-26,3050.050048828125,3066.139892578125,3037.419921875,3061.25,0
2019-11-27,3068.929931640625,3073.25,3051.050048828125,3066.760009765625,0
2019-11-28,3061.889892578125,3062.800048828125,3045.840087890625,3053.719970703125,15577500
2019-11-29,3045.85009765625,3080.25,3036.929931640625,3066.610107421875,0
2019-12-02,3069.949951171875,3081.239990234375,2991.1201171875,2992.02001953125,0
2019-12-03,3005.75,3032.1298828125,2989.510009765625,3005.1298828125,0
2019-12-04,3007.4599609375,3043.639892578125,3007.080078125,3041.97998046875,29955500
2019-12-05,3046.60009765625,3057.64990234375,3034.8701171875,3037.1201171875,23880700
2019-12-06,3045.010009765625,3057.300048828125,3027.919921875,3054.9599609375,25724000
2019-12-09,3053.090087890625,3058.8798828125,3043.389892578125,3053.179931640625,23252800
2019-12-10,3050.550048828125,3050.580078125,2997.679931640625,3028.0400390625,35811200
2019-12-11,3026.1201171875,3029.050048828125,3006.39990234375,3026.169921875,35577600
2019-12-12,3027.360107421875,3057.320068359375,3026.010009765625,3040.06005859375,37976900
2019-12-13,3054.889892578125,3071.830078125,3036.419921875,3049.39990234375,39868100
2019-12-16,3054.219970703125,3092.9599609375,3054.18994140625,3087.18994140625,29460800
2019-12-17,3082.889892578125,3083.949951171875,3052.590087890625,3060.97998046875,34317000
2019-12-18,3059.389892578125,3060.580078125,3031.3798828125,3032.43994140625,33583600
2019-12-19,3038.739990234375,3046.27001953125,3021.919921875,3046.27001953125,36526500
2019-12-20,3049.159912109375,3064.739990234375,3044.820068359375,3050.7099609375,66519500
2019-12-23,3048.989990234375,3064.64990234375,3048.989990234375,3057.550048828125,22468600
2019-12-27,3060.81005859375,3069.840087890625,3020.280029296875,3035.280029296875,20852300
2019-12-30,3036.639892578125,3038.25,3014.330078125,3014.93994140625,0
2020-01-02,3021.800048828125,3075.0,3020.550048828125,3063.43994140625,32217800
2020-01-03,3056.31005859375,3056.469970703125,3010.909912109375,3035.68994140625,27391800
2020-01-06,3016.2900390625,3016.52001953125,2953.93994140625,3001.199951171875,29928200
2020-01-07,3008.639892578125,3053.6298828125,3008.639892578125,3036.830078125,35228000
2020-01-08,3023.6201171875,3048.300048828125,2999.77001953125,3044.260009765625,35295700
2020-01-09,3064.820068359375,3106.739990234375,3064.820068359375,3095.280029296875,43271800
2020-01-10,3104.030029296875,3116.919921875,3100.06005859375,3105.159912109375,25125100
2020-01-13,3108.64990234375,3135.919921875,3089.110107421875,3093.77001953125,30282100
2020-01-14,3096.18994140625,3102.659912109375,3075.0,3099.050048828125,30393600
2020-01-15,3097.6201171875,3115.0,3092.260009765625,3103.570068359375,28355300
2020-01-16,3115.06005859375,3144.52001953125,3112.110107421875,3129.610107421875,15276700
2020-01-17,3139.39990234375,3161.409912109375,3126.800048828125,3152.5400390625,32212800
2020-01-20,3157.639892578125,3178.090087890625,3156.14990234375,3172.719970703125,20826900
2020-01-21,3158.659912109375,3170.25,3136.0,3170.25,25229600
2020-01-22,3182.360107421875,3185.18994140625,3163.860107421875,3179.830078125,27923600
2020-01-23,3174.300048828125,3190.429931640625,3149.93994140625,3170.330078125,32952000
2020-01-24,3178.43994140625,3237.360107421875,3178.43994140625,3225.969970703125,30291600
2020-01-27,3197.159912109375,3197.6201171875,3126.0,3133.8701171875,35274800
2020-01-28,3146.280029296875,3160.219970703125,3106.179931640625,3151.570068359375,38160000
2020-01-29,3155.5400390625,3170.909912109375,3149.179931640625,3157.64990234375,30817600
2020-01-30,3134.050048828125,3137.889892578125,3097.949951171875,3105.56005859375,33890900
2020-01-31,3111.389892578125,3121.419921875,3061.469970703125,3061.719970703125,39000000
2020-02-03,3061.300048828125,3072.530029296875,3036.909912109375,3065.659912109375,33179000
2020-02-04,3078.10009765625,3124.760009765625,3078.10009765625,3124.760009765625,32726800
2020-02-05,3124.199951171875,3213.43994140625,3121.300048828125,3194.75,53941500
2020-02-06,3206.239990234375,3221.320068359375,3186.010009765625,3207.860107421875,35844000
2020-02-07,3202.56005859375,3206.219970703125,3171.820068359375,3179.2099609375,28497800
2020-02-10,3179.43994140625,3182.3798828125,3156.570068359375,3182.3798828125,25731900
2020-02-11,3193.02001953125,3253.3701171875,3193.02001953125,3250.830078125,50186300
2020-02-12,3254.429931640625,3270.9599609375,3253.760009765625,3270.0,38009900
2020-02-13,3259.169921875,3280.43994140625,3222.7900390625,3279.72998046875,43209900
2020-02-14,3286.409912109375,3291.75,3257.530029296875,3265.31005859375,29978300
2020-02-17,3268.239990234375,3273.159912109375,3247.39990234375,3261.47998046875,0
2020-02-18,3246.889892578125,3248.93994140625,3220.530029296875,3234.6201171875,34589600
2020-02-19,3243.919921875,3295.93994140625,3243.840087890625,3295.93994140625,45822700
2020-02-20,3298.85009765625,3302.93994140625,3264.280029296875,3264.280029296875,35679400
2020-02-21,3253.570068359375,3277.050048828125,3219.320068359375,3237.14990234375,43881800
2020-02-24,3125.18994140625,3128.860107421875,3080.199951171875,3114.679931640625,59091400
2020-02-25,3132.260009765625,3160.1201171875,3049.22998046875,3052.02001953125,54144800
2020-02-26,3027.090087890625,3063.64990234375,2910.840087890625,3043.449951171875,66014600
2020-02-27,3005.89990234375,3006.64990234375,2897.080078125,2942.2099609375,71827500
2020-02-28,2851.85009765625,2862.580078125,2781.080078125,2848.7099609375,105344500
2020-03-02,2909.72998046875,2932.669921875,2794.449951171875,2857.550048828125,72203300
2020-03-03,2891.669921875,3003.760009765625,2891.22998046875,2942.669921875,78221500
2020-03-04,2946.570068359375,2978.0400390625,2923.5400390625,2950.919921875,55254000
2020-03-05,2972.31005859375,2987.550048828125,2894.590087890625,2912.0,54294100
2020-03-06,2858.639892578125,2873.219970703125,2792.760009765625,2824.5400390625,70288300
2020-03-09,2673.6298828125,2708.169921875,2613.35009765625,2636.5,99060000
2020-03-10,2655.070068359375,2738.919921875,2614.090087890625,2623.669921875,90529700
2020-03-11,2646.909912109375,2675.949951171875,2600.75,2608.449951171875,72099200
2020-03-12,2479.3701171875,2479.4599609375,2317.179931640625,2320.97998046875,121940900
2020-03-13,2351.530029296875,2533.590087890625,2331.8701171875,2360.5400390625,103439200
2020-03-16,2267.6298828125,2317.090087890625,2128.2900390625,2286.72998046875,111062900
2020-03-17,2333.72998046875,2374.0,2192.239990234375,2295.85009765625,76627500
2020-03-18,2277.159912109375,2278.7900390625,2194.699951171875,2202.22998046875,89173800
2020-03-19,2205.5400390625,2285.9599609375,2171.31005859375,2273.2099609375,85524900
2020-03-20,2330.85009765625,2399.0400390625,2321.3701171875,2349.030029296875,117077000
2020-03-23,2297.719970703125,2369.889892578125,2241.080078125,2316.8798828125,70998800
2020-03-24,2371.590087890625,2491.409912109375,2371.590087890625,2491.409912109375,77472500
2020-03-25,2525.0400390625,2606.449951171875,2462.06005859375,2543.1201171875,72968900
2020-03-26,2520.110107421875,2592.2099609375,2483.56005859375,2592.2099609375,66744100
2020-03-27,2572.949951171875,2572.949951171875,2493.580078125,2506.4599609375,53910500
2020-03-30,2521.300048828125,2572.550048828125,2475.93994140625,2572.06005859375,42884400
2020-03-31,2600.81005859375,2644.860107421875,2567.5400390625,2597.97998046875,60592000
2020-04-01,2572.830078125,2572.830078125,2508.510009765625,2537.610107421875,46049200
2020-04-02,2550.030029296875,2563.429931640625,2502.820068359375,2563.429931640625,45864600
2020-04-03,2560.2099609375,2582.5,2554.27001953125,2561.989990234375,37307000
2020-04-06,2601.7900390625,2670.31005859375,2601.72998046875,2662.8798828125,40507300
2020-04-07,2703.860107421875,2758.550048828125,2677.889892578125,2698.06005859375,49463700
2020-04-08,2697.5,2746.93994140625,2689.8701171875,2746.090087890625,39751500
2020-04-09,2765.530029296875,2805.300048828125,2752.929931640625,2789.77001953125,47581700
2020-04-14,2827.139892578125,2899.550048828125,2827.139892578125,2879.93994140625,42330300
2020-04-15,2886.39990234375,2889.93994140625,2788.409912109375,2793.800048828125,43957300
2020-04-16,2806.409912109375,2849.64990234375,2801.820068359375,2816.64990234375,36319200
2020-04-17,2861.080078125,2884.760009765625,2851.97998046875,2871.080078125,52661000
2020-04-20,2880.830078125,2907.449951171875,2849.360107421875,2906.5,34155100
2020-04-21,2894.659912109375,2896.860107421875,2831.300048828125,2832.10009765625,44153200
2020-04-22,2854.590087890625,2899.760009765625,2854.590087890625,2899.5400390625,35641300
2020-04-23,2906.919921875,2962.760009765625,2903.889892578125,2949.969970703125,37355900
2020-04-24,2916.389892578125,2922.409912109375,2885.840087890625,2886.39990234375,36693500
2020-04-27,2921.68994140625,2962.110107421875,2888.050048828125,2932.1298828125,36025700
2020-04-28,2936.68994140625,2942.800048828125,2841.030029296875,2854.320068359375,53788600
2020-04-29,2862.1298828125,2879.699951171875,2823.580078125,2879.699951171875,51837200
2020-04-30,2890.280029296875,2915.8701171875,2848.659912109375,2854.64990234375,56799400
2020-05-04,2814.97998046875,2814.97998046875,2761.7099609375,2794.64990234375,52118200
2020-05-05,2812.409912109375,2882.580078125,2812.409912109375,2881.800048828125,41221200
2020-05-06,2882.7900390625,2902.669921875,2880.010009765625,2885.739990234375,43491700
2020-05-07,2898.919921875,2950.590087890625,2898.580078125,2949.030029296875,43940600
2020-05-08,2966.429931640625,2994.8701171875,2966.429931640625,2982.989990234375,0
2020-05-11,2998.10009765625,3027.9599609375,2965.6201171875,2987.3798828125,36561900
2020-05-12,2981.39990234375,3026.449951171875,2971.010009765625,3003.510009765625,36305400
2020-05-13,2988.469970703125,3008.2900390625,2960.3798828125,2987.47998046875,41974300
2020-05-14,2964.31005859375,2964.64990234375,2900.780029296875,2914.449951171875,47833300
2020-05-15,2930.89990234375,2965.10009765625,2894.159912109375,2919.35009765625,41575500
2020-05-18,2955.7099609375,3035.39990234375,2955.47998046875,3035.39990234375,44293200
2020-05-19,3057.6201171875,3062.929931640625,3008.070068359375,3049.47998046875,50761900
2020-05-20,3050.389892578125,3108.280029296875,3037.3798828125,3104.7900390625,42468200
2020-05-21,3087.260009765625,3102.800048828125,3067.3798828125,3068.889892578125,25588100
2020-05-22,3038.830078125,3093.219970703125,3032.14990234375,3088.179931640625,30280300
2020-05-25,3107.93994140625,3156.989990234375,3105.090087890625,3155.2099609375,20656800
2020-05-26,3172.429931640625,3189.409912109375,3148.7099609375,3174.25,37637700
2020-05-27,3175.8798828125,3175.8798828125,3094.159912109375,3109.3798828125,57430400
2020-05-28,3119.139892578125,3176.669921875,3119.139892578125,3172.9599609375,45520600
2020-05-29,3152.469970703125,3204.1201171875,3140.85009765625,3185.719970703125,87823400
2020-06-02,3212.429931640625,3252.820068359375,3197.72998046875,3211.260009765625,49855100
2020-06-03,3220.570068359375,3265.580078125,3215.760009765625,3263.469970703125,50527400
2020-06-04,3252.139892578125,3267.110107421875,3227.1201171875,3246.679931640625,42525700
2020-06-05,3249.6298828125,3255.97998046875,3209.909912109375,3250.989990234375,53887800
2020-06-08,3224.60009765625,3226.989990234375,3164.659912109375,3193.239990234375,39610500
2020-06-09,3197.219970703125,3211.820068359375,3155.449951171875,3162.14990234375,47634600
2020-06-10,3174.530029296875,3192.030029296875,3136.8701171875,3154.47998046875,36322200
2020-06-11,3124.75,3124.75,3077.75,3079.510009765625,43199600
2020-06-12,3063.47998046875,3105.43994140625,3038.8701171875,3069.169921875,40449800
2020-06-15,3032.090087890625,3084.889892578125,2988.179931640625,3080.1201171875,0
2020-06-16,3109.110107421875,3171.570068359375,3109.110107421875,3159.590087890625,0
2020-06-17,3156.639892578125,3212.510009765625,3154.5,3204.47998046875,0
2020-06-18,3203.919921875,3221.340087890625,2984.5400390625,3012.2099609375,0
2020-06-19,3022.300048828125,3025.89990234375,2970.77001953125,3006.639892578125,0
2020-06-22,2987.39990234375,2987.39990234375,2939.27001953125,2952.60009765625,50621700
2020-06-23,2965.010009765625,3014.739990234375,2963.81005859375,3000.949951171875,54621900
2020-06-24,2996.889892578125,3008.8798828125,2928.340087890625,2928.340087890625,52431700
2020-06-25,2925.0400390625,2943.669921875,2900.679931640625,2929.820068359375,73614700
2020-06-26,2939.02001953125,2955.699951171875,2909.669921875,2911.830078125,69555600
2020-06-29,2904.659912109375,2930.510009765625,2877.330078125,2897.929931640625,71274800
2020-06-30,2910.8701171875,2958.06005859375,2910.8701171875,2953.64990234375,74468000
2020-07-01,2947.260009765625,2962.6298828125,2918.89990234375,2962.47998046875,38290500
2020-07-02,2969.510009765625,3000.169921875,2947.929931640625,2999.64990234375,48271300
2020-07-03,3001.85009765625,3025.22998046875,2995.3701171875,3003.449951171875,25680600
2020-07-06,3030.5,3049.2099609375,3008.360107421875,3041.570068359375,34594400
2020-07-07,3027.530029296875,3032.35009765625,2994.449951171875,3031.68994140625,41317600
2020-07-08,3022.64990234375,3048.75,3014.260009765625,3020.010009765625,31156800
2020-07-09,3033.580078125,3081.5400390625,3033.580078125,3042.989990234375,39933800
2020-07-10,3042.7900390625,3077.320068359375,3038.669921875,3049.8701171875,32756500
2020-07-13,3069.320068359375,3098.280029296875,3052.85009765625,3098.280029296875,30529500
2020-07-14,3078.080078125,3078.6201171875,3001.02001953125,3026.300048828125,35259100
2020-07-15,3045.3798828125,3078.280029296875,3045.3798828125,3073.3701171875,33183000
2020-07-16,3065.5,3097.1201171875,3057.2900390625,3086.10009765625,33094200
2020-07-17,3099.31005859375,3103.1298828125,3086.2099609375,3098.570068359375,29393400
2020-07-20,3096.409912109375,3155.300048828125,3090.679931640625,3152.300048828125,28654700
2020-07-21,3167.179931640625,3188.639892578125,3136.389892578125,3136.590087890625,33754300
2020-07-22,3136.989990234375,3176.570068359375,3134.080078125,3171.85009765625,27855400
2020-07-23,3176.89990234375,3177.4599609375,3142.080078125,3154.590087890625,26925000
2020-07-24,3140.580078125,3140.580078125,3038.7900390625,3048.919921875,32246200
2020-07-27,3051.199951171875,3076.330078125,3043.81005859375,3066.800048828125,32057100
2020-07-28,3077.389892578125,3085.929931640625,3040.929931640625,3052.64990234375,24508800
2020-07-29,3046.8798828125,3074.909912109375,3039.639892578125,3074.889892578125,30370100
2020-07-30,3074.360107421875,3075.1201171875,2965.2900390625,2992.580078125,39353500
2020-07-31,2995.889892578125,3050.429931640625,2995.889892578125,3005.0,33563400
2020-08-03,3012.919921875,3069.669921875,3012.330078125,3056.429931640625,34403400
2020-08-04,3063.52001953125,3087.199951171875,3019.199951171875,3020.239990234375,0
2020-08-05,3032.139892578125,3043.639892578125,3008.43994140625,3017.260009765625,29565700
2020-08-06,3022.6298828125,3049.47998046875,2993.669921875,2998.199951171875,26220600
2020-08-07,3001.14990234375,3057.989990234375,2999.5400390625,3057.159912109375,27532400
2020-08-10,3061.300048828125,3062.0,3021.43994140625,3028.239990234375,21015200
2020-08-11,3042.39990234375,3084.780029296875,3035.010009765625,3081.280029296875,29365300
2020-08-12,3074.10009765625,3104.340087890625,3055.22998046875,3104.320068359375,30858100
2020-08-13,3098.0,3127.360107421875,3091.8798828125,3123.0,36747300
2020-08-14,3118.52001953125,3120.7900390625,3074.070068359375,3080.39990234375,30650300
2020-08-17,3083.159912109375,3112.610107421875,3069.31005859375,3107.659912109375,26795900
2020-08-18,3104.56005859375,3125.39990234375,3085.7900390625,3093.139892578125,0
2020-08-19,3089.780029296875,3122.699951171875,3085.97998046875,3111.1298828125,0
2020-08-20,3099.610107421875,3099.610107421875,3075.409912109375,3083.280029296875,0
2020-08-21,3086.43994140625,3102.280029296875,3053.93994140625,3087.590087890625,0
2020-08-24,3098.3798828125,3150.1298828125,3098.3798828125,3117.56005859375,0
2020-08-25,3126.909912109375,3144.97998046875,3126.909912109375,3131.550048828125,0
2020-08-26,3127.60009765625,3172.260009765625,3124.330078125,3172.260009765625,0
2020-08-27,3175.39990234375,3183.929931640625,3118.3798828125,3129.2099609375,0
2020-08-28,3133.760009765625,3134.97998046875,3085.909912109375,3109.489990234375,0
2020-08-31,3121.81005859375,3137.2099609375,3103.02001953125,3110.139892578125,0
2020-09-01,3121.43994140625,3156.199951171875,3108.409912109375,3115.760009765625,0
2020-09-02,3130.169921875,3187.760009765625,3130.169921875,3174.25,0
2020-09-03,3184.830078125,3198.050048828125,3035.659912109375,3042.340087890625,0
2020-09-04,3034.830078125,3078.77001953125,2960.830078125,2984.659912109375,0
2020-09-07,2997.239990234375,3074.72998046875,2997.239990234375,3074.449951171875,20518600
2020-09-08,3079.469970703125,3084.830078125,2982.93994140625,3024.02001953125,0
2020-09-09,3020.449951171875,3102.60009765625,3017.8701171875,3091.179931640625,0
2020-09-10,3098.469970703125,3104.530029296875,3065.389892578125,3073.570068359375,0
2020-09-11,3073.010009765625,3088.5,3051.830078125,3068.340087890625,0
2020-09-14,3080.090087890625,3103.840087890625,3077.3798828125,3090.550048828125,0
2020-09-15,3096.969970703125,3107.300048828125,3078.77001953125,3092.949951171875,0
2020-09-16,3100.0,3127.739990234375,3099.89990234375,3117.22998046875,0
2020-09-17,3104.840087890625,3110.0400390625,3070.669921875,3100.830078125,0
2020-09-18,3101.419921875,3147.39990234375,3100.830078125,3118.02001953125,0
2020-09-21,3112.070068359375,3115.27001953125,2977.800048828125,2995.449951171875,0
2020-09-22,3004.68994140625,3052.2900390625,3004.68994140625,3027.679931640625,0
2020-09-23,3043.02001953125,3068.179931640625,3035.22998046875,3040.909912109375,0
2020-09-24,3020.7900390625,3020.800048828125,2986.699951171875,3011.199951171875,0
2020-09-25,3013.929931640625,3015.52001953125,2958.320068359375,3015.510009765625,0
2020-09-28,3032.080078125,3084.080078125,3031.89990234375,3068.27001953125,0
2020-09-29,3069.340087890625,3087.280029296875,3053.280029296875,3079.510009765625,0
2020-09-30,3073.89990234375,3080.7900390625,3046.2900390625,3070.25,0
2020-10-01,3081.3701171875,3128.169921875,3075.070068359375,3114.139892578125,0
2020-10-02,3101.590087890625,3101.590087890625,3060.56005859375,3078.820068359375,0
2020-10-05,3093.18994140625,3126.469970703125,3093.18994140625,3123.3798828125,0
2020-10-06,3132.580078125,3135.949951171875,3110.469970703125,3110.469970703125,0
2020-10-07,3113.010009765625,3116.070068359375,3086.5,3101.18994140625,0
2020-10-08,3118.330078125,3145.840087890625,3115.469970703125,3136.52001953125,0
2020-10-09,3144.0,3174.080078125,3133.699951171875,3173.889892578125,0
2020-10-12,3179.429931640625,3216.340087890625,3171.72998046875,3213.260009765625,0
2020-10-13,3209.929931640625,3218.75,3187.3701171875,3196.169921875,0
2020-10-14,3201.199951171875,3230.5,3200.719970703125,3205.550048828125,0
2020-10-15,3179.929931640625,3179.929931640625,3119.77001953125,3134.5400390625,0
2020-10-16,3143.199951171875,3184.85009765625,3139.989990234375,3161.409912109375,0
2020-10-19,3168.2099609375,3181.070068359375,3146.570068359375,3151.97998046875,0
2020-10-20,3144.340087890625,3157.3701171875,3107.590087890625,3109.39990234375,0
2020-10-21,3113.89990234375,3121.3798828125,3053.280029296875,3062.320068359375,0
2020-10-22,3045.580078125,3061.030029296875,3012.969970703125,3052.110107421875,0
2020-10-23,3042.6298828125,3055.89990234375,3024.739990234375,3028.889892578125,0
2020-10-26,3010.919921875,3010.919921875,2916.4599609375,2920.18994140625,0
2020-10-27,2931.25,2946.760009765625,2904.39990234375,2914.4599609375,0
2020-10-28,2907.1298828125,2907.43994140625,2817.68994140625,2829.31005859375,0
2020-10-29,2826.780029296875,2861.419921875,2808.97998046875,2835.10009765625,0
2020-10-30,2816.780029296875,2840.110107421875,2799.969970703125,2813.3798828125,0
2020-11-02,2828.72998046875,2856.68994140625,2819.7900390625,2833.489990234375,0
2020-11-03,2849.739990234375,2885.9599609375,2846.52001953125,2885.840087890625,0
2020-11-04,2882.510009765625,2964.3798828125,2869.110107421875,2964.360107421875,0
2020-11-05,2989.340087890625,3041.60009765625,2989.2099609375,3021.56005859375,0
2020-11-06,3014.719970703125,3032.22998046875,2987.719970703125,3014.110107421875,0
2020-11-09,3049.0,3084.25,2953.6298828125,2974.85009765625,0
2020-11-10,2976.219970703125,2986.010009765625,2911.8798828125,2940.550048828125,0
2020-11-11,2943.969970703125,3036.139892578125,2942.800048828125,3028.1201171875,0
2020-11-12,3027.840087890625,3054.429931640625,3007.080078125,3027.610107421875,0
2020-11-13,3023.110107421875,3048.260009765625,3016.8701171875,3040.3701171875,0
2020-11-16,3057.780029296875,3064.260009765625,3028.989990234375,3029.97998046875,0
2020-11-17,3026.219970703125,3038.070068359375,3000.139892578125,3000.139892578125,0
2020-11-18,3002.840087890625,3025.010009765625,3000.070068359375,3016.93994140625,0
2020-11-19,3008.179931640625,3034.659912109375,3001.929931640625,3033.31005859375,0
2020-11-20,3034.5400390625,3066.35009765625,3025.760009765625,3066.35009765625,0
2020-11-23,3078.110107421875,3081.0,3054.010009765625,3054.0400390625,0
2020-11-24,3068.139892578125,3074.659912109375,3017.949951171875,3018.530029296875,0
2020-11-25,3026.260009765625,3057.93994140625,3022.719970703125,3049.679931640625,0
2020-11-26,3061.419921875,3093.760009765625,3061.300048828125,3085.47998046875,18925500
2020-11-27,3085.719970703125,3128.550048828125,3079.669921875,3128.52001953125,0
2020-11-30,3124.300048828125,3188.760009765625,3122.330078125,3146.590087890625,0
2020-12-01,3154.8798828125,3162.39990234375,3116.1298828125,3116.1298828125,0
2020-12-02,3117.360107421875,3125.22998046875,3082.169921875,3094.610107421875,0
2020-12-03,3098.47998046875,3110.35009765625,3078.56005859375,3085.330078125,0
2020-12-04,3088.139892578125,3117.659912109375,3087.9599609375,3117.659912109375,0
2020-12-07,3118.3798828125,3128.64990234375,3101.699951171875,3123.550048828125,0
2020-12-08,3124.25,3140.610107421875,3114.2900390625,3139.419921875,0
2020-12-09,3147.39990234375,3155.52001953125,3116.590087890625,3116.669921875,0
2020-12-10,3113.52001953125,3125.75,3085.419921875,3114.429931640625,0
2020-12-11,3108.760009765625,3126.6298828125,3077.3701171875,3101.6298828125,0
2020-12-14,3104.340087890625,3121.969970703125,3081.489990234375,3111.0,26819300
2020-12-15,3112.89990234375,3124.389892578125,3095.949951171875,3112.5400390625,32358100
2020-12-16,3121.699951171875,3147.030029296875,3120.840087890625,3142.610107421875,0
2020-12-17,3148.0,3173.3798828125,3148.0,3163.239990234375,0
2020-12-18,3162.489990234375,3207.260009765625,3158.989990234375,3195.989990234375,0
2020-12-21,3181.800048828125,3183.179931640625,3111.93994140625,3136.2900390625,0
2020-12-22,3149.010009765625,3182.1201171875,3148.739990234375,3179.699951171875,0
2020-12-23,3184.1201171875,3200.449951171875,3175.64990234375,3183.969970703125,0
2020-12-28,3204.8798828125,3225.989990234375,3201.02001953125,3212.320068359375,0
2020-12-29,3218.969970703125,3245.800048828125,3213.360107421875,3217.969970703125,0
2020-12-30,3220.85009765625,3234.39990234375,3212.77001953125,3212.77001953125,0
2021-01-04,3228.81005859375,3262.860107421875,3228.719970703125,3245.4599609375,0
2021-01-05,3241.3701171875,3267.47998046875,3238.780029296875,3253.7900390625,0
2021-01-06,3260.300048828125,3263.260009765625,3223.419921875,3241.2900390625,0
2021-01-07,3243.3798828125,3256.89990234375,3222.6298828125,3250.570068359375,0
2021-01-08,3260.8798828125,3306.260009765625,3260.8798828125,3293.580078125,0
2021-01-11,3294.06005859375,3303.179931640625,3258.639892578125,3274.159912109375,0
2021-01-12,3278.070068359375,3285.0,3265.52001953125,3276.10009765625,0
2021-01-13,3276.179931640625,3303.35009765625,3266.080078125,3293.590087890625,0
2021-01-14,3300.8701171875,3306.60009765625,3285.139892578125,3291.919921875,0
2021-01-15,3282.0400390625,3290.0,3248.449951171875,3262.409912109375,0
2021-01-18,3258.449951171875,3281.0,3253.050048828125,3271.43994140625,21401800
2021-01-19,3288.199951171875,3319.0400390625,3275.52001953125,3311.639892578125,39795900
2021-01-20,3319.9599609375,3360.389892578125,3318.8701171875,3354.419921875,0
2021-01-21,3370.929931640625,3388.080078125,3370.030029296875,3379.8798828125,0
2021-01-22,3373.3701171875,3375.43994140625,3339.47998046875,3370.580078125,0
2021-01-25,3379.139892578125,3395.699951171875,3350.4599609375,3364.929931640625,0
2021-01-26,3363.989990234375,3402.0,3356.6298828125,3392.360107421875,0
2021-01-27,3373.409912109375,3433.530029296875,3339.97998046875,3400.2099609375,0
2021-01-28,3386.590087890625,3411.27001953125,3304.110107421875,3410.47998046875,0
2021-01-29,3401.300048828125,3403.510009765625,3359.159912109375,3375.669921875,0
2021-02-01,3386.2099609375,3426.0400390625,3379.080078125,3412.169921875,0
2021-02-02,3422.18994140625,3479.489990234375,3421.159912109375,3479.489990234375,34309100
2021-02-03,3483.64990234375,3509.080078125,3483.360107421875,3495.760009765625,35210700
2021-02-04,3497.330078125,3520.8798828125,3477.669921875,3503.429931640625,0
2021-02-05,3512.179931640625,3528.5400390625,3503.31005859375,3507.0400390625,0
2021-02-08,3520.429931640625,3543.739990234375,3516.489990234375,3525.6298828125,0
2021-02-09,3526.5,3533.169921875,3496.77001953125,3497.909912109375,0
2021-02-10,3512.68994140625,3512.68994140625,3459.590087890625,3479.10009765625,0
2021-02-11,3484.340087890625,3538.280029296875,3480.10009765625,3537.3701171875,0
2021-02-12,3537.39990234375,3548.27001953125,3529.820068359375,3545.3701171875,0
2021-02-15,3557.81005859375,3581.22998046875,3555.360107421875,3573.239990234375,0
2021-02-16,3576.06005859375,3606.199951171875,3576.06005859375,3590.409912109375,0
2021-02-17,3580.5,3580.989990234375,3538.239990234375,3543.889892578125,0
2021-02-18,3546.9599609375,3559.419921875,3502.989990234375,3511.239990234375,0
2021-02-19,3523.35009765625,3531.7900390625,3510.719970703125,3518.56005859375,0
2021-02-22,3503.889892578125,3505.919921875,3456.14990234375,3458.8701171875,0
2021-02-23,3461.260009765625,3461.699951171875,3300.679931640625,3373.570068359375,0
2021-02-24,3371.889892578125,3395.830078125,3345.85009765625,3367.31005859375,38560400
2021-02-25,3376.10009765625,3408.320068359375,3356.179931640625,3368.219970703125,65293000
2021-02-26,3330.780029296875,3364.419921875,3302.909912109375,3346.39990234375,0
2021-03-01,3373.969970703125,3402.909912109375,3357.02001953125,3377.56005859375,0
2021-03-02,3375.110107421875,3404.60009765625,3364.639892578125,3364.639892578125,0
2021-03-03,3375.389892578125,3381.330078125,3294.5,3319.550048828125,0
2021-03-04,3307.669921875,3307.669921875,3244.25,3270.580078125,0
2021-03-05,3253.429931640625,3270.43994140625,3212.06005859375,3220.260009765625,0
2021-03-08,3236.199951171875,3260.8701171875,3203.969970703125,3252.0400390625,0
2021-03-09,3245.89990234375,3332.02001953125,3228.929931640625,3307.489990234375,0
2021-03-10,3314.159912109375,3334.3701171875,3301.239990234375,3305.7900390625,0
2021-03-11,3315.8701171875,3371.47998046875,3299.050048828125,3360.179931640625,0
2021-03-12,3352.449951171875,3357.800048828125,3322.8701171875,3329.43994140625,0
2021-03-15,3333.070068359375,3360.3701171875,3328.360107421875,3348.5,0
2021-03-16,3364.909912109375,3403.419921875,3352.47998046875,3386.27001953125,0
2021-03-17,3384.3701171875,3391.510009765625,3358.969970703125,3372.7900390625,0
2021-03-18,3378.2900390625,3430.780029296875,3373.679931640625,3400.06005859375,0
2021-03-19,3391.239990234375,3408.02001953125,3356.760009765625,3372.760009765625,0
2021-03-22,3370.590087890625,3407.97998046875,3362.800048828125,3407.010009765625,0
2021-03-23,3405.9599609375,3439.080078125,3386.360107421875,3416.110107421875,0
2021-03-24,3407.820068359375,3431.239990234375,3377.81005859375,3378.199951171875,0
2021-03-25,3366.93994140625,3366.93994140625,3318.81005859375,3349.820068359375,0
2021-03-26,3364.97998046875,3385.60009765625,3361.0400390625,3380.889892578125,0
2021-03-29,3386.679931640625,3404.070068359375,3361.68994140625,3368.639892578125,0
2021-03-30,3366.580078125,3376.1298828125,3357.1298828125,3364.93994140625,0
2021-03-31,3365.639892578125,3403.47998046875,3363.409912109375,3395.0400390625,0
2021-04-01,3409.280029296875,3444.969970703125,3409.280029296875,3443.659912109375,0
2021-04-06,3466.090087890625,3485.5400390625,3442.550048828125,3455.840087890625,0
2021-04-07,3458.60009765625,3460.739990234375,3437.610107421875,3445.070068359375,0
2021-04-08,3452.409912109375,3482.090087890625,3451.89990234375,3475.449951171875,0
2021-04-09,3477.929931640625,3486.97998046875,3459.300048828125,3483.1201171875,0
2021-04-12,3480.85009765625,3492.030029296875,3445.719970703125,3453.75,0
2021-04-13,3456.199951171875,3496.510009765625,3456.110107421875,3487.030029296875,0
2021-04-14,3491.530029296875,3515.14990234375,3481.320068359375,3482.800048828125,0
2021-04-15,3485.889892578125,3523.97998046875,3482.510009765625,3517.239990234375,0
2021-04-16,3524.179931640625,3533.0,3509.080078125,3525.6201171875,0
2021-04-19,3528.3798828125,3539.090087890625,3509.43994140625,3511.389892578125,0
2021-04-20,3508.25,3519.830078125,3459.52001953125,3471.52001953125,0
2021-04-21,3479.340087890625,3496.5400390625,3456.090087890625,3480.68994140625,0
2021-04-22,3489.969970703125,3533.080078125,3489.969970703125,3531.8798828125,0
2021-04-23,3528.4599609375,3529.35009765625,3493.68994140625,3518.8798828125,0
2021-04-26,3524.639892578125,3544.570068359375,3516.5400390625,3535.429931640625,0
2021-04-27,3536.68994140625,3555.489990234375,3526.8701171875,3538.1201171875,0
2021-04-28,3539.659912109375,3548.760009765625,3507.610107421875,3513.1201171875,0
2021-04-29,3520.330078125,3544.340087890625,3481.909912109375,3489.10009765625,0
2021-04-30,3496.639892578125,3523.800048828125,3489.52001953125,3503.010009765625,0
2021-05-03,3509.679931640625,3530.1298828125,3497.9599609375,3512.18994140625,18734100
2021-05-04,3511.1201171875,3514.300048828125,3392.77001953125,3393.820068359375,43870300
2021-05-05,3406.22998046875,3449.739990234375,3405.419921875,3435.840087890625,0
2021-05-06,3432.7900390625,3436.31005859375,3372.699951171875,3385.070068359375,0
2021-05-07,3395.7900390625,3427.580078125,3380.68994140625,3427.580078125,0
2021-05-10,3424.929931640625,3425.330078125,3356.3798828125,3360.739990234375,0
2021-05-11,3347.449951171875,3349.35009765625,3241.449951171875,3296.159912109375,0
2021-05-12,3297.550048828125,3322.199951171875,3262.25,3262.389892578125,0
2021-05-13,3247.699951171875,3296.989990234375,3213.0,3284.580078125,0
2021-05-14,3301.35009765625,3329.050048828125,3284.989990234375,3327.800048828125,0
2021-05-17,3339.6298828125,3353.2900390625,3325.56005859375,3336.409912109375,0
2021-05-18,3346.669921875,3352.85009765625,3316.909912109375,3332.6201171875,0
2021-05-19,3318.909912109375,3319.179931640625,3273.070068359375,3301.56005859375,0
2021-05-20,3308.8798828125,3369.5,3308.8798828125,3369.489990234375,36933300
2021-05-21,3373.330078125,3386.080078125,3366.669921875,3368.97998046875,0
2021-05-25,3383.5,3404.919921875,3380.4599609375,3397.679931640625,0
2021-05-26,3405.260009765625,3427.18994140625,3402.2099609375,3404.93994140625,0
2021-05-27,3400.639892578125,3401.830078125,3375.8798828125,3381.5,0
2021-05-28,3385.780029296875,3436.919921875,3378.010009765625,3425.31005859375,0
2021-05-31,3425.85009765625,3435.030029296875,3412.090087890625,3412.090087890625,0
2021-06-01,3422.489990234375,3449.56005859375,3405.8798828125,3412.139892578125,0
2021-06-02,3411.530029296875,3418.2099609375,3361.889892578125,3363.35009765625,0
2021-06-03,3369.139892578125,3372.090087890625,3335.56005859375,3354.6298828125,0
2021-06-04,3356.97998046875,3390.139892578125,3346.659912109375,3387.449951171875,0
2021-06-07,3387.360107421875,3396.570068359375,3363.030029296875,3391.669921875,0
2021-06-08,3388.159912109375,3422.1298828125,3388.06005859375,3388.93994140625,0
2021-06-09,3391.570068359375,3414.1298828125,3382.64990234375,3412.989990234375,0
2021-06-10,3418.110107421875,3443.699951171875,3404.860107421875,3443.419921875,0
2021-06-11,3448.93994140625,3483.409912109375,3447.199951171875,3475.3798828125,0
2021-06-14,3480.239990234375,3518.68994140625,3480.239990234375,3508.39990234375,0
2021-06-15,3515.550048828125,3532.35009765625,3502.800048828125,3503.139892578125,0
2021-06-16,3506.010009765625,3512.949951171875,3488.760009765625,3499.030029296875,0
2021-06-17,3487.800048828125,3507.989990234375,3457.199951171875,3507.9599609375,0
2021-06-18,3509.60009765625,3523.909912109375,3489.3701171875,3489.3701171875,0
2021-06-21,3479.7099609375,3493.60009765625,3461.919921875,3486.1201171875,0
2021-06-22,3487.300048828125,3514.8701171875,3476.10009765625,3512.739990234375,0
2021-06-23,3520.699951171875,3520.699951171875,3478.699951171875,3478.699951171875,0
2021-06-24,3487.860107421875,3552.030029296875,3484.449951171875,3536.81005859375,0
2021-06-25,3536.7099609375,3564.14990234375,3532.02001953125,3562.97998046875,0
2021-06-28,3561.2900390625,3590.77001953125,3553.47998046875,3582.219970703125,0
2021-06-29,3583.0,3616.510009765625,3583.0,3605.47998046875,0
2021-06-30,3609.0400390625,3621.10009765625,3561.7900390625,3564.070068359375,0
2021-07-01,3578.639892578125,3583.800048828125,3521.9599609375,3550.510009765625,26244600
2021-07-02,3553.429931640625,3573.5400390625,3553.429931640625,3568.77001953125,21916400
2021-07-05,3570.22998046875,3570.75,3545.989990234375,3566.860107421875,0
2021-07-06,3567.72998046875,3604.889892578125,3561.75,3601.929931640625,0
2021-07-07,3602.989990234375,3656.389892578125,3593.8798828125,3643.800048828125,0
2021-07-08,3639.5,3640.300048828125,3557.7900390625,3587.429931640625,0
2021-07-09,3598.31005859375,3620.35009765625,3581.570068359375,3607.159912109375,0
2021-07-12,3609.030029296875,3662.85009765625,3605.10009765625,3633.8798828125,0
2021-07-13,3629.3701171875,3646.590087890625,3598.889892578125,3645.77001953125,0
2021-07-14,3638.030029296875,3647.93994140625,3610.889892578125,3645.22998046875,0
2021-07-15,3637.010009765625,3638.080078125,3602.1201171875,3617.35009765625,0
2021-07-16,3619.6298828125,3629.8701171875,3601.530029296875,3612.2900390625,0
2021-07-19,3603.14990234375,3603.14990234375,3524.9599609375,3567.419921875,0
2021-07-20,3577.219970703125,3595.68994140625,3554.4599609375,3570.199951171875,0
2021-07-21,3583.969970703125,3606.139892578125,3564.340087890625,3594.820068359375,0
2021-07-22,3601.64990234375,3651.159912109375,3598.760009765625,3648.52001953125,0
2021-07-23,3662.47998046875,3676.7099609375,3649.360107421875,3668.389892578125,0
2021-07-26,3664.260009765625,3677.85009765625,3635.239990234375,3644.419921875,0
2021-07-27,3637.800048828125,3650.4599609375,3615.580078125,3623.489990234375,0
2021-07-28,3626.39990234375,3665.75,3625.860107421875,3661.669921875,0
2021-07-29,3665.320068359375,3683.77001953125,3663.469970703125,3679.739990234375,0
2021-07-30,3664.010009765625,3691.679931640625,3630.110107421875,3681.3701171875,0
2021-08-02,3694.010009765625,3720.679931640625,3671.340087890625,3717.93994140625,0
2021-08-03,3717.2099609375,3735.570068359375,3694.530029296875,3720.5,0
2021-08-04,3729.919921875,3772.6298828125,3729.60009765625,3761.8798828125,0
2021-08-05,3760.27001953125,3818.5,3760.27001953125,3818.5,0
2021-08-06,3819.77001953125,3830.610107421875,3777.280029296875,3790.2099609375,0
2021-08-09,3796.169921875,3844.639892578125,3796.169921875,3832.260009765625,0
2021-08-10,3837.43994140625,3874.590087890625,3837.1298828125,3839.360107421875,0
2021-08-11,3843.239990234375,3843.919921875,3810.760009765625,3812.919921875,0
2021-08-12,3812.139892578125,3839.0400390625,3789.530029296875,3838.6298828125,0
2021-08-13,3835.760009765625,3838.5,3817.409912109375,3824.659912109375,0
2021-08-16,3813.179931640625,3828.530029296875,3799.75,3819.949951171875,0
2021-08-17,3813.56005859375,3853.840087890625,3806.050048828125,3853.489990234375,0
2021-08-18,3858.9599609375,3887.580078125,3858.669921875,3879.050048828125,0
2021-08-19,3867.929931640625,3867.929931640625,3792.06005859375,3841.75,0
2021-08-20,3841.47998046875,3890.1298828125,3817.43994140625,3877.659912109375,0
2021-08-23,3892.510009765625,3914.10009765625,3885.760009765625,3914.0,0
2021-08-24,3925.419921875,3942.72998046875,3917.909912109375,3929.7099609375,0
2021-08-25,3924.820068359375,3942.419921875,3904.330078125,3909.449951171875,0
2021-08-26,3899.60009765625,3900.489990234375,3874.550048828125,3884.919921875,0
2021-08-27,3883.320068359375,3920.72998046875,3879.389892578125,3919.3701171875,0
2021-08-30,3924.7900390625,3952.06005859375,3923.929931640625,3946.760009765625,0
2021-08-31,3955.659912109375,3969.89990234375,3886.610107421875,3900.6201171875,0
2021-09-01,3913.110107421875,3955.81005859375,3913.110107421875,3940.89990234375,0
2021-09-02,3943.14990234375,3968.830078125,3931.8798828125,3956.1201171875,0
2021-09-03,3955.5,3955.820068359375,3896.570068359375,3936.260009765625,0
2021-09-06,3945.610107421875,3974.14990234375,3945.60009765625,3967.919921875,13387000
2021-09-07,3967.820068359375,3990.760009765625,3965.6201171875,3979.110107421875,0
2021-09-08,3969.449951171875,3969.449951171875,3926.43994140625,3936.18994140625,0
2021-09-09,3922.659912109375,3950.830078125,3905.719970703125,3935.10009765625,0
2021-09-10,3940.659912109375,3958.969970703125,3935.139892578125,3943.320068359375,0
2021-09-13,3944.110107421875,3952.699951171875,3864.6298828125,3867.3798828125,0
2021-09-14,3867.340087890625,3927.260009765625,3863.0400390625,3927.25,0
2021-09-15,3930.239990234375,3936.659912109375,3892.510009765625,3892.510009765625,0
2021-09-16,3893.530029296875,3905.300048828125,3882.169921875,3900.969970703125,0
2021-09-17,3916.47998046875,3952.89990234375,3882.56005859375,3882.56005859375,0
2021-09-20,3855.31005859375,3856.1298828125,3791.340087890625,3828.070068359375,0
2021-09-21,3835.2099609375,3914.360107421875,3835.2099609375,3907.3701171875,0
2021-09-22,3918.429931640625,3927.97998046875,3877.5400390625,3896.159912109375,0
2021-09-23,3917.260009765625,3961.739990234375,3917.260009765625,3951.760009765625,0
2021-09-24,3946.570068359375,3954.989990234375,3896.389892578125,3901.550048828125,0
2021-09-27,3915.1201171875,3937.56005859375,3842.139892578125,3844.780029296875,0
2021-09-28,3835.81005859375,3835.81005859375,3718.780029296875,3733.590087890625,0
2021-09-29,3754.14990234375,3789.800048828125,3726.18994140625,3728.39990234375,0
2021-09-30,3742.2900390625,3787.97998046875,3726.1298828125,3741.97998046875,0
2021-10-01,3724.239990234375,3724.300048828125,3664.60009765625,3672.550048828125,0
2021-10-04,3664.22998046875,3681.330078125,3618.919921875,3622.6298828125,0
2021-10-05,3620.39990234375,3684.6298828125,3618.18994140625,3683.0400390625,0
2021-10-06,3671.1201171875,3671.31005859375,3577.260009765625,3605.47998046875,0
2021-10-07,3619.929931640625,3643.860107421875,3572.8798828125,3619.18994140625,0
2021-10-08,3618.300048828125,3621.449951171875,3580.159912109375,3587.699951171875,0
2021-10-11,3581.949951171875,3592.590087890625,3539.030029296875,3576.35009765625,0
2021-10-12,3559.43994140625,3609.639892578125,3535.7099609375,3583.4599609375,0
2021-10-13,3580.52001953125,3670.3798828125,3571.169921875,3649.530029296875,0
2021-10-14,3662.419921875,3712.27001953125,3661.159912109375,3711.419921875,0
2021-10-15,3719.780029296875,3727.409912109375,3706.800048828125,3726.239990234375,0
2021-10-18,3718.419921875,3724.429931640625,3697.8701171875,3721.659912109375,0
2021-10-19,3732.260009765625,3745.5,3699.2099609375,3741.929931640625,0
2021-10-20,3730.800048828125,3765.35009765625,3723.7099609375,3749.22998046875,0
2021-10-21,3737.300048828125,3809.360107421875,3732.7900390625,3780.260009765625,0
2021-10-22,3786.3701171875,3818.1298828125,3781.10009765625,3796.4599609375,0
2021-10-25,3805.1201171875,3829.39990234375,3793.820068359375,3826.85009765625,0
2021-10-26,3831.56005859375,3872.969970703125,3826.570068359375,3847.06005859375,0
2021-10-27,3833.639892578125,3856.050048828125,3811.60009765625,3813.570068359375,0
2021-10-28,3810.070068359375,3838.860107421875,3796.1201171875,3836.75,0
2021-10-29,3822.1298828125,3824.14990234375,3784.110107421875,3822.639892578125,0
2021-11-01,3840.97998046875,3870.610107421875,3840.97998046875,3869.0400390625,0
2021-11-02,3870.77001953125,3897.4599609375,3865.780029296875,3889.6298828125,0
2021-11-03,3892.89990234375,3940.489990234375,3892.25,3920.889892578125,0
2021-11-04,3936.97998046875,3947.800048828125,3909.1298828125,3943.81005859375,0
2021-11-05,3947.530029296875,3981.739990234375,3882.590087890625,3895.72998046875,0
2021-11-08,3893.75,3933.35009765625,3890.7900390625,3927.0400390625,0
2021-11-09,3918.47998046875,3929.320068359375,3898.159912109375,3906.64990234375,0
2021-11-10,3906.9599609375,3911.4599609375,3848.820068359375,3874.909912109375,0
2021-11-11,3869.530029296875,3885.669921875,3826.0,3884.169921875,0
2021-11-12,3879.89990234375,3901.5400390625,3872.2099609375,3899.840087890625,0
2021-11-15,3894.22998046875,3906.989990234375,3876.02001953125,3894.9599609375,0
2021-11-16,3898.929931640625,3927.2900390625,3886.340087890625,3921.469970703125,0
2021-11-17,3928.840087890625,3975.18994140625,3928.659912109375,3950.06005859375,0
2021-11-18,3956.4599609375,3986.030029296875,3954.419921875,3966.75,0
2021-11-19,3971.159912109375,4010.0400390625,3964.93994140625,3986.9599609375,0
2021-11-22,3991.85009765625,4009.860107421875,3942.02001953125,3942.2099609375,0
2021-11-23,3920.9599609375,3920.9599609375,3841.89990234375,3851.830078125,0
2021-11-24,3853.06005859375,3865.159912109375,3779.469970703125,3826.610107421875,0
2021-11-25,3841.159912109375,3883.97998046875,3841.050048828125,3870.27001953125,21951900
2021-11-26,3821.389892578125,3891.169921875,3810.1298828125,3821.830078125,0
2021-11-29,3845.889892578125,3864.14990234375,3818.830078125,3842.929931640625,0
2021-11-30,3829.449951171875,3901.35009765625,3820.419921875,3838.550048828125,0
2021-12-01,3851.02001953125,3883.22998046875,3806.81005859375,3876.52001953125,0
2021-12-02,3860.5400390625,3862.219970703125,3759.35009765625,3773.219970703125,0
2021-12-03,3785.050048828125,3829.699951171875,3748.89990234375,3759.02001953125,0
2021-12-06,3777.699951171875,3801.919921875,3739.27001953125,3752.949951171875,0
2021-12-07,3766.639892578125,3893.64990234375,3765.010009765625,3891.550048828125,0
2021-12-08,3890.139892578125,3911.080078125,3856.60009765625,3862.389892578125,0
2021-12-09,3869.0,3892.85009765625,3857.1298828125,3863.06005859375,0
2021-12-10,3838.239990234375,3853.239990234375,3803.35009765625,3832.8701171875,0
2021-12-13,3834.669921875,3894.389892578125,3833.35009765625,3862.9599609375,0
2021-12-14,3865.699951171875,3869.719970703125,3779.580078125,3787.77001953125,0
2021-12-15,3791.4599609375,3840.199951171875,3791.35009765625,3836.469970703125,0
2021-12-16,3887.35009765625,3911.81005859375,3827.4599609375,3827.4599609375,0
2021-12-17,3817.6298828125,3826.909912109375,3771.6201171875,3819.68994140625,0
2021-12-20,3767.469970703125,3800.030029296875,3742.739990234375,3792.3798828125,0
2021-12-21,3807.639892578125,3830.739990234375,3786.510009765625,3795.919921875,0
2021-12-22,3808.25,3850.300048828125,3801.3701171875,3850.300048828125,0
2021-12-23,3855.489990234375,3875.0400390625,3833.820068359375,3870.260009765625,0
2021-12-27,3864.159912109375,3913.510009765625,3857.760009765625,3905.419921875,0
2021-12-28,3905.419921875,3950.75,3904.199951171875,3933.570068359375,0
2021-12-29,3929.280029296875,3931.3701171875,3889.2099609375,3904.25,0
2021-12-30,3902.820068359375,3928.260009765625,3901.080078125,3920.169921875,0
2022-01-03,3927.25,3948.969970703125,3903.929931640625,3926.8701171875,0
2022-01-04,3940.590087890625,3950.06005859375,3824.389892578125,3831.949951171875,0
2022-01-05,3825.909912109375,3844.300048828125,3810.35009765625,3828.39990234375,0
2022-01-06,3789.489990234375,3789.489990234375,3709.820068359375,3749.669921875,0
2022-01-07,3744.590087890625,3745.5,3685.3701171875,3708.169921875,0
2022-01-10,3719.47998046875,3723.77001953125,3576.7099609375,3584.75,0
2022-01-11,3598.610107421875,3662.760009765625,3598.610107421875,3642.530029296875,0
2022-01-12,3661.330078125,3680.35009765625,3642.070068359375,3656.409912109375,0
2022-01-13,3645.199951171875,3650.070068359375,3583.3701171875,3593.199951171875,0
2022-01-14,3577.22998046875,3577.47998046875,3528.52001953125,3532.969970703125,0
2022-01-17,3537.68994140625,3565.419921875,3510.800048828125,3558.0400390625,0
2022-01-18,3546.6201171875,3546.800048828125,3483.760009765625,3501.6298828125,0
2022-01-19,3483.4599609375,3556.699951171875,3459.89990234375,3527.929931640625,0
2022-01-20,3532.530029296875,3591.64990234375,3518.199951171875,3590.909912109375,0
2022-01-21,3563.659912109375,3563.659912109375,3473.77001953125,3504.31005859375,0
2022-01-24,3481.590087890625,3487.179931640625,3336.330078125,3344.110107421875,0
2022-01-25,3362.4599609375,3382.6298828125,3327.320068359375,3355.159912109375,0
2022-01-26,3368.7099609375,3429.06005859375,3368.7099609375,3411.320068359375,0
2022-01-27,3373.659912109375,3415.360107421875,3319.43994140625,3411.8701171875,0
2022-01-28,3403.239990234375,3421.77001953125,3364.050048828125,3412.090087890625,0
2022-01-31,3436.25,3474.7099609375,3426.10009765625,3458.080078125,0
2022-02-01,3474.97998046875,3520.43994140625,3472.739990234375,3504.820068359375,0
2022-02-02,3521.030029296875,3560.320068359375,3521.030029296875,3524.050048828125,0
2022-02-03,3513.60009765625,3531.570068359375,3452.320068359375,3454.5,0
2022-02-04,3461.419921875,3471.31005859375,3398.580078125,3407.260009765625,0
2022-02-07,3417.469970703125,3428.39990234375,3382.719970703125,3413.77001953125,0
2022-02-08,3412.02001953125,3415.010009765625,3340.1201171875,3366.9599609375,0
2022-02-09,3380.659912109375,3454.989990234375,3379.510009765625,3438.2900390625,0
2022-02-10,3441.449951171875,3448.77001953125,3367.9599609375,3383.25,0
2022-02-11,3358.9599609375,3375.669921875,3326.179931640625,3339.570068359375,0
2022-02-14,3294.489990234375,3295.409912109375,3219.77001953125,3276.6298828125,0
2022-02-15,3267.1201171875,3349.800048828125,3262.89990234375,3345.820068359375,0
2022-02-16,3360.27001953125,3371.300048828125,3301.110107421875,3322.43994140625,0
2022-02-17,3328.739990234375,3340.81005859375,3277.030029296875,3286.4599609375,0
2022-02-18,3283.47998046875,3284.889892578125,3209.5400390625,3213.389892578125,0
2022-02-21,3222.02001953125,3239.110107421875,3131.610107421875,3155.669921875,28304100
2022-02-22,3096.760009765625,3172.239990234375,3075.030029296875,3148.43994140625,0
2022-02-23,3154.050048828125,3193.81005859375,3133.780029296875,3138.8701171875,0
2022-02-24,3044.43994140625,3102.1201171875,2997.18994140625,3093.2900390625,0
2022-02-25,3116.179931640625,3194.43994140625,3106.530029296875,3190.89990234375,0
2022-02-28,3170.9599609375,3242.080078125,3149.72998046875,3236.389892578125,0
2022-03-01,3232.7900390625,3234.6298828125,3142.330078125,3187.5,0
2022-03-02,3176.010009765625,3226.929931640625,3147.7099609375,3207.06005859375,0
2022-03-03,3202.22998046875,3230.580078125,3144.889892578125,3147.89990234375,0
2022-03-04,3118.97998046875,3147.89990234375,3037.889892578125,3038.219970703125,0
2022-03-07,2990.97998046875,3063.969970703125,2929.110107421875,2996.760009765625,0
2022-03-08,2975.969970703125,3048.580078125,2895.030029296875,2920.929931640625,0
2022-03-09,2955.7900390625,3106.110107421875,2955.7900390625,3106.110107421875,0
2022-03-10,3107.81005859375,3108.550048828125,3019.47998046875,3023.8798828125,0
2022-03-11,3031.570068359375,3127.360107421875,2999.72998046875,3067.75,0
2022-03-14,3094.60009765625,3141.159912109375,3061.429931640625,3115.97998046875,0
2022-03-15,3101.919921875,3132.39990234375,3049.610107421875,3114.330078125,0
2022-03-16,3147.360107421875,3256.64990234375,3144.159912109375,3247.669921875,0
2022-03-17,3264.1298828125,3281.3701171875,3229.280029296875,3257.60009765625,0
2022-03-18,3262.47998046875,3301.570068359375,3210.830078125,3301.570068359375,0
2022-03-21,3301.72998046875,3302.969970703125,3260.070068359375,3283.090087890625,0
2022-03-22,3282.31005859375,3322.389892578125,3267.85009765625,3320.18994140625,0
2022-03-23,3329.280029296875,3348.14990234375,3265.239990234375,3278.199951171875,0
2022-03-24,3275.050048828125,3292.5400390625,3248.2099609375,3260.280029296875,0
2022-03-25,3260.909912109375,3325.010009765625,3245.39990234375,3266.280029296875,32232700
2022-03-28,3272.739990234375,3305.639892578125,3266.7900390625,3271.6201171875,0
2022-03-29,3300.530029296875,3393.530029296875,3297.780029296875,3362.31005859375,0
2022-03-30,3357.81005859375,3357.8701171875,3321.06005859375,3348.580078125,0
2022-03-31,3365.570068359375,3372.7900390625,3301.3798828125,3302.840087890625,0
2022-04-01,3305.8701171875,3315.43994140625,3280.090087890625,3305.260009765625,0
2022-04-04,3313.0400390625,3352.10009765625,3297.14990234375,3345.340087890625,0
2022-04-05,3349.139892578125,3378.47998046875,3333.550048828125,3350.860107421875,0
2022-04-06,3346.340087890625,3354.93994140625,3257.27001953125,3286.260009765625,0
2022-04-07,3290.969970703125,3319.7900390625,3276.090087890625,3278.56005859375,0
2022-04-08,3305.449951171875,3318.760009765625,3253.8701171875,3273.389892578125,0
2022-04-11,3257.530029296875,3272.31005859375,3208.419921875,3216.68994140625,0
2022-04-12,3186.85009765625,3210.56005859375,3156.050048828125,3191.260009765625,0
2022-04-13,3183.719970703125,3199.010009765625,3158.330078125,3192.320068359375,0
2022-04-14,3195.239990234375,3232.06005859375,3185.080078125,3200.969970703125,0
2022-04-19,3184.929931640625,3216.300048828125,3126.5400390625,3209.159912109375,0
2022-04-20,3207.3798828125,3264.080078125,3200.93994140625,3255.06005859375,0
2022-04-21,3252.050048828125,3304.2900390625,3250.4599609375,3270.6201171875,0
2022-04-22,3242.4599609375,3242.4599609375,3172.6201171875,3172.6201171875,0
2022-04-25,3139.699951171875,3172.389892578125,3111.820068359375,3146.530029296875,0
2022-04-26,3164.760009765625,3171.639892578125,3079.22998046875,3079.530029296875,0
2022-04-27,3078.0400390625,3109.919921875,3060.7099609375,3091.050048828125,0
2022-04-28,3103.580078125,3152.77001953125,3103.580078125,3135.840087890625,0
2022-04-29,3153.0400390625,3171.7900390625,3124.580078125,3129.0400390625,0
2022-05-02,3102.919921875,3108.239990234375,3021.409912109375,3061.949951171875,0
2022-05-03,3070.330078125,3084.89990234375,3060.449951171875,3084.639892578125,0
2022-05-04,3079.14990234375,3092.300048828125,3060.18994140625,3065.110107421875,0
2022-05-05,3102.3798828125,3149.860107421875,3066.010009765625,3076.360107421875,0
2022-05-06,3062.60009765625,3062.60009765625,2970.75,3000.02001953125,0
2022-05-09,2984.820068359375,2997.35009765625,2900.43994140625,2900.43994140625,0
2022-05-10,2921.22998046875,2967.4599609375,2910.760009765625,2929.610107421875,0
2022-05-11,2944.2099609375,2977.949951171875,2907.780029296875,2977.949951171875,0
2022-05-12,2942.429931640625,2990.2099609375,2900.469970703125,2974.360107421875,0
2022-05-13,2995.2900390625,3078.89990234375,2990.860107421875,3075.9599609375,0
2022-05-16,3068.570068359375,3092.2099609375,3057.840087890625,3074.010009765625,0
2022-05-17,3087.60009765625,3121.5,3071.06005859375,3110.5400390625,0
2022-05-18,3106.35009765625,3115.080078125,3041.679931640625,3041.679931640625,0
2022-05-19,3013.64990234375,3045.840087890625,2975.570068359375,3045.840087890625,0
2022-05-20,3050.2099609375,3105.159912109375,3050.2099609375,3073.260009765625,0
2022-05-23,3106.409912109375,3120.1298828125,3075.2900390625,3092.699951171875,0
2022-05-24,3071.31005859375,3099.010009765625,3058.64990234375,3059.97998046875,23370800
2022-05-25,3069.080078125,3072.639892578125,3026.22998046875,3056.159912109375,0
2022-05-26,3051.159912109375,3100.919921875,3051.050048828125,3096.5400390625,0
2022-05-27,3105.0,3181.590087890625,3105.0,3178.929931640625,0
2022-05-30,3195.969970703125,3232.14990234375,3195.969970703125,3226.969970703125,0
2022-05-31,3217.360107421875,3221.169921875,3170.679931640625,3174.860107421875,0
2022-06-01,3183.89990234375,3194.02001953125,3139.3798828125,3143.3798828125,0
2022-06-02,3149.969970703125,3193.830078125,3149.330078125,3193.31005859375,0
2022-06-03,3210.419921875,3226.090087890625,3172.85009765625,3177.5400390625,0
2022-06-06,3191.2900390625,3214.739990234375,3191.2900390625,3199.169921875,0
2022-06-07,3180.4599609375,3189.0400390625,3152.7900390625,3188.0,0
2022-06-08,3196.280029296875,3202.31005859375,3156.669921875,3179.590087890625,0
2022-06-09,3165.830078125,3165.830078125,3108.699951171875,3109.580078125,0
2022-06-10,3094.570068359375,3095.570068359375,3020.39990234375,3020.39990234375,0
2022-06-13,2997.030029296875,2998.8701171875,2890.260009765625,2902.3798828125,0
2022-06-14,2920.639892578125,2938.830078125,2842.77001953125,2845.820068359375,0
2022-06-15,2865.550048828125,2887.429931640625,2834.2099609375,2878.110107421875,0
2022-06-16,2871.35009765625,2873.47998046875,2775.89990234375,2792.6298828125,0
2022-06-17,2797.469970703125,2839.10009765625,2791.919921875,2823.550048828125,0
2022-06-20,2831.389892578125,2855.389892578125,2810.22998046875,2835.18994140625,0
2022-06-21,2843.280029296875,2870.199951171875,2837.25,2850.1201171875,0
2022-06-22,2825.02001953125,2865.699951171875,2780.93994140625,2857.239990234375,0
2022-06-23,2851.14990234375,2852.35009765625,2803.97998046875,2840.300048828125,0
2022-06-24,2848.9599609375,2937.699951171875,2848.389892578125,2919.320068359375,0
2022-06-27,2928.81005859375,2979.010009765625,2928.0,2958.530029296875,0
2022-06-28,2966.6298828125,2988.010009765625,2949.989990234375,2950.699951171875,0
2022-06-29,2925.27001953125,2927.239990234375,2874.75,2907.820068359375,0
2022-06-30,2884.68994140625,2887.93994140625,2841.429931640625,2885.6201171875,0
2022-07-01,2873.530029296875,2902.669921875,2834.18994140625,2894.52001953125,0
2022-07-04,2900.510009765625,2921.719970703125,2879.830078125,2881.389892578125,0
2022-07-05,2892.2099609375,2913.72998046875,2819.7900390625,2847.64990234375,0
2022-07-06,2875.56005859375,2932.919921875,2875.56005859375,2928.8798828125,0
2022-07-07,2942.2900390625,2971.179931640625,2927.030029296875,2969.22998046875,0
2022-07-08,2969.1201171875,3007.239990234375,2945.860107421875,3005.60009765625,0
2022-07-11,2984.2099609375,3003.199951171875,2960.989990234375,2979.06005859375,0
2022-07-12,2964.010009765625,2968.669921875,2923.639892578125,2953.260009765625,0
2022-07-13,2945.77001953125,2946.5400390625,2877.31005859375,2925.169921875,0
2022-07-14,2921.050048828125,2938.050048828125,2857.75,2875.320068359375,0
2022-07-15,2884.030029296875,2938.570068359375,2881.530029296875,2937.56005859375,0
2022-07-18,2940.10009765625,2961.590087890625,2918.840087890625,2925.300048828125,0
2022-07-19,2906.989990234375,2977.56005859375,2871.989990234375,2973.8798828125,23206100
2022-07-20,2980.159912109375,2998.010009765625,2957.64990234375,2987.2099609375,0
2022-07-21,2991.06005859375,3043.77001953125,2988.989990234375,3043.77001953125,0
2022-07-22,3041.43994140625,3077.969970703125,3022.47998046875,3048.780029296875,0
2022-07-25,3042.10009765625,3043.3701171875,3003.510009765625,3011.800048828125,0
2022-07-26,3009.419921875,3018.330078125,2989.5,2993.090087890625,0
2022-07-27,3003.2900390625,3048.090087890625,2987.260009765625,3036.7900390625,0
2022-07-28,3047.31005859375,3068.510009765625,3023.889892578125,3068.510009765625,0
2022-07-29,3084.389892578125,3137.14990234375,3084.389892578125,3125.340087890625,0
2022-08-01,3130.639892578125,3160.02001953125,3119.97998046875,3143.889892578125,0
2022-08-02,3132.580078125,3132.580078125,3086.0400390625,3119.830078125,0
2022-08-03,3127.840087890625,3163.4599609375,3093.25,3159.93994140625,0
2022-08-04,3168.389892578125,3224.43994140625,3168.22998046875,3198.989990234375,0
2022-08-05,3199.239990234375,3207.239990234375,3142.199951171875,3145.14990234375,0
2022-08-08,3161.68994140625,3180.18994140625,3157.47998046875,3162.159912109375,0
2022-08-09,3161.68994140625,3180.18994140625,3102.139892578125,3106.179931640625,0
2022-08-10,3097.530029296875,3161.409912109375,3064.070068359375,3156.780029296875,0
2022-08-11,3166.89990234375,3206.330078125,3158.3701171875,3194.10009765625,0
2022-08-12,3190.06005859375,3203.489990234375,3172.75,3192.169921875,0
2022-08-15,3204.9599609375,3211.669921875,3180.02001953125,3188.31005859375,0
2022-08-16,3193.320068359375,3203.949951171875,3156.1201171875,3177.320068359375,0
2022-08-17,3181.0400390625,3195.840087890625,3129.18994140625,3134.030029296875,0
2022-08-18,3132.85009765625,3145.81005859375,3123.510009765625,3138.820068359375,0
2022-08-19,3122.3701171875,3141.4599609375,3104.5400390625,3109.610107421875,0
2022-08-22,3092.97998046875,3103.4599609375,3035.06005859375,3041.489990234375,0
2022-08-23,3029.510009765625,3036.409912109375,2993.77001953125,2999.719970703125,0
2022-08-24,2986.409912109375,3036.43994140625,2968.81005859375,3035.14990234375,0
2022-08-25,3041.22998046875,3070.9599609375,3041.030029296875,3057.780029296875,0
2022-08-26,3069.47998046875,3077.300048828125,2972.070068359375,2979.77001953125,0
2022-08-29,2951.639892578125,2956.35009765625,2930.719970703125,2935.199951171875,0
2022-08-30,2937.659912109375,2986.1201171875,2930.030029296875,2944.27001953125,0
2022-08-31,2951.090087890625,2970.360107421875,2921.419921875,2923.7099609375,0
2022-09-01,2907.8701171875,2907.8701171875,2857.43994140625,2861.27001953125,0
2022-09-02,2877.2099609375,2940.27001953125,2874.35009765625,2934.639892578125,0
2022-09-05,2890.419921875,2909.2099609375,2859.43994140625,2904.179931640625,15655900
2022-09-06,2902.760009765625,2943.8701171875,2894.81005859375,2919.929931640625,0
2022-09-07,2903.75,2935.6298828125,2887.909912109375,2927.18994140625,0
2022-09-08,2938.5400390625,2961.3701171875,2886.1298828125,2955.010009765625,0
2022-09-09,2959.050048828125,3014.090087890625,2959.050048828125,3010.2900390625,0
2022-09-12,3014.550048828125,3044.35009765625,3001.02001953125,3035.39990234375,0
2022-09-13,3039.159912109375,3063.0,2941.800048828125,2943.659912109375,0
2022-09-14,2937.0400390625,2967.320068359375,2906.139892578125,2925.280029296875,0
2022-09-15,2930.68994140625,2948.6201171875,2892.739990234375,2898.0400390625,0
2022-09-16,2879.719970703125,2879.719970703125,2803.550048828125,2817.52001953125,0
2022-09-19,2809.739990234375,2819.7099609375,2774.77001953125,2807.4599609375,0
2022-09-20,2818.469970703125,2824.340087890625,2760.5400390625,2777.679931640625,0
2022-09-21,2768.570068359375,2808.7099609375,2750.909912109375,2805.429931640625,0
2022-09-22,2767.050048828125,2781.159912109375,2702.860107421875,2702.860107421875,0
2022-09-23,2703.409912109375,2704.7900390625,2625.239990234375,2656.280029296875,0
2022-09-26,2643.5400390625,2693.0400390625,2640.39990234375,2654.10009765625,0
2022-09-27,2668.489990234375,2709.610107421875,2655.1298828125,2655.1298828125,0
2022-09-28,2645.35009765625,2671.679931640625,2599.389892578125,2669.090087890625,0
2022-09-29,2659.639892578125,2659.64990234375,2593.889892578125,2607.4599609375,0
2022-09-30,2619.7099609375,2678.280029296875,2616.280029296875,2670.820068359375,0
2022-10-03,2658.179931640625,2716.4599609375,2630.139892578125,2716.4599609375,0
2022-10-04,2741.179931640625,2831.47998046875,2740.68994140625,2831.47998046875,0
2022-10-05,2824.260009765625,2844.5,2785.18994140625,2797.080078125,0
2022-10-06,2812.030029296875,2824.52001953125,2788.169921875,2803.18994140625,0
2022-10-07,2791.97998046875,2800.02001953125,2730.330078125,2730.389892578125,0
2022-10-10,2718.3798828125,2747.800048828125,2693.8701171875,2696.2900390625,0
2022-10-11,2681.429931640625,2717.10009765625,2655.530029296875,2691.139892578125,0
2022-10-12,2691.52001953125,2701.47998046875,2661.070068359375,2664.43994140625,0
2022-10-13,2652.0400390625,2696.52001953125,2588.590087890625,2694.35009765625,0
2022-10-14,2718.93994140625,2769.719970703125,2697.239990234375,2714.889892578125,0
2022-10-17,2715.780029296875,2782.1298828125,2705.56005859375,2765.090087890625,0
2022-10-18,2778.659912109375,2837.320068359375,2777.31005859375,2800.550048828125,0
2022-10-19,2809.280029296875,2810.639892578125,2717.429931640625,2718.919921875,0
2022-10-20,2714.0400390625,2757.25,2699.780029296875,2755.22998046875,0
2022-10-21,2742.68994140625,2753.449951171875,2700.070068359375,2736.10009765625,0
2022-10-24,2753.179931640625,2791.169921875,2744.7099609375,2771.679931640625,0
2022-10-25,2781.97998046875,2861.419921875,2779.52001953125,2857.330078125,0
2022-10-26,2853.860107421875,2891.760009765625,2834.43994140625,2890.8798828125,0
2022-10-27,2878.97998046875,2879.010009765625,2812.18994140625,2845.919921875,0
2022-10-28,2824.1201171875,2854.409912109375,2815.590087890625,2849.639892578125,0
2022-10-31,2856.050048828125,2863.530029296875,2838.949951171875,2845.219970703125,0
2022-11-01,2859.889892578125,2894.969970703125,2843.72998046875,2857.469970703125,0
2022-11-02,2859.840087890625,2875.72998046875,2838.800048828125,2838.800048828125,0
2022-11-03,2810.47998046875,2829.949951171875,2782.889892578125,2799.449951171875,0
2022-11-04,2803.820068359375,2858.10009765625,2803.820068359375,2835.070068359375,0
2022-11-07,2831.22998046875,2864.0,2820.389892578125,2850.340087890625,0
2022-11-08,2854.760009765625,2943.669921875,2847.860107421875,2942.820068359375,0
2022-11-09,2928.8798828125,2953.449951171875,2908.72998046875,2942.06005859375,0
2022-11-10,2931.77001953125,3069.669921875,2890.0,3068.010009765625,0
2022-11-11,3085.75,3096.2099609375,3054.22998046875,3089.31005859375,0
2022-11-14,3095.2099609375,3135.8701171875,3077.35009765625,3119.6201171875,0
2022-11-15,3126.360107421875,3159.739990234375,3110.02001953125,3129.610107421875,0
2022-11-16,3125.110107421875,3134.830078125,3066.510009765625,3080.419921875,0
2022-11-17,3087.2900390625,3101.570068359375,3047.830078125,3081.0400390625,0
2022-11-18,3089.260009765625,3110.3798828125,3058.429931640625,3100.610107421875,0
2022-11-21,3100.550048828125,3110.2900390625,3071.56005859375,3090.429931640625,0
2022-11-22,3081.300048828125,3094.719970703125,3055.889892578125,3088.530029296875,0
2022-11-23,3095.25,3106.989990234375,3065.1201171875,3100.25,0
2022-11-24,3099.159912109375,3135.52001953125,3094.889892578125,3127.3701171875,16399700
2022-11-25,3126.1298828125,3127.489990234375,3110.31005859375,3118.18994140625,0
2022-11-28,3108.139892578125,3115.030029296875,3069.2900390625,3073.4599609375,0
2022-11-29,3076.949951171875,3081.0400390625,3024.7900390625,3025.830078125,0
2022-11-30,3036.10009765625,3075.35009765625,3035.75,3069.9599609375,0
2022-12-01,3096.3798828125,3154.1298828125,3096.3798828125,3134.820068359375,0
2022-12-02,3128.110107421875,3161.969970703125,3097.179931640625,3137.6298828125,0
2022-12-05,3131.3798828125,3133.56005859375,3103.14990234375,3111.25,0
2022-12-06,3101.610107421875,3109.340087890625,3035.669921875,3048.2099609375,0
2022-12-07,3037.68994140625,3052.52001953125,3023.030029296875,3028.010009765625,0
2022-12-08,3033.7099609375,3052.18994140625,3010.550048828125,3043.489990234375,0
2022-12-09,3046.510009765625,3065.010009765625,3023.93994140625,3043.52001953125,0
2022-12-12,3032.429931640625,3058.110107421875,3021.510009765625,3052.919921875,0
2022-12-13,3061.679931640625,3145.27001953125,3039.300048828125,3095.739990234375,0
2022-12-14,3086.1201171875,3087.760009765625,3060.1201171875,3079.800048828125,0
2022-12-15,3059.949951171875,3060.320068359375,2976.179931640625,2978.3701171875,0
2022-12-16,2970.139892578125,2978.77001953125,2913.050048828125,2931.820068359375,0
2022-12-19,2935.2099609375,2958.530029296875,2929.830078125,2932.739990234375,0
2022-12-20,2910.080078125,2921.2900390625,2891.219970703125,2901.739990234375,0
2022-12-21,2914.669921875,2948.85009765625,2914.510009765625,2947.199951171875,0
2022-12-22,2945.68994140625,2959.070068359375,2901.110107421875,2907.989990234375,0
2022-12-23,2910.010009765625,2926.300048828125,2887.0400390625,2903.570068359375,0
2022-12-27,2914.06005859375,2928.070068359375,2894.77001953125,2902.830078125,0
2022-12-28,2904.199951171875,2916.0,2890.4599609375,2899.2099609375,0
2022-12-29,2891.139892578125,2953.2099609375,2886.6201171875,2953.179931640625,0
2022-12-30,2946.6201171875,2948.68994140625,2920.77001953125,2921.1201171875,0
2023-01-02,2929.110107421875,2934.989990234375,2897.139892578125,2906.580078125,0
2023-01-03,2904.669921875,2970.530029296875,2903.68994140625,2942.60009765625,0
2023-01-04,2953.070068359375,3003.449951171875,2952.14990234375,2996.659912109375,0
2023-01-05,2990.75,3013.8798828125,2987.590087890625,3006.639892578125,0
2023-01-06,3010.659912109375,3032.419921875,2978.669921875,3027.719970703125,0
2023-01-09,3041.830078125,3093.590087890625,3031.64990234375,3091.64990234375,0
2023-01-10,3083.8798828125,3101.85009765625,3067.429931640625,3092.699951171875,0
2023-01-11,3101.550048828125,3161.659912109375,3101.550048828125,3147.25,0
2023-01-12,3146.8798828125,3178.27001953125,3127.10009765625,3157.719970703125,0
2023-01-13,3162.8701171875,3205.389892578125,3161.8798828125,3196.0,0
2023-01-16,3203.489990234375,3220.320068359375,3202.199951171875,3213.3798828125,13309100
2023-01-17,3211.27001953125,3226.330078125,3183.080078125,3212.2099609375,0
2023-01-18,3217.9599609375,3235.449951171875,3205.030029296875,3209.1298828125,0
2023-01-19,3199.18994140625,3205.0,3141.31005859375,3141.389892578125,0
2023-01-20,3146.659912109375,3159.669921875,3134.969970703125,3153.300048828125,0
2023-01-23,3165.949951171875,3201.52001953125,3158.909912109375,3198.530029296875,0
2023-01-24,3202.25,3210.570068359375,3162.89990234375,3171.780029296875,0
2023-01-25,3170.510009765625,3171.300048828125,3122.260009765625,3155.389892578125,0
2023-01-26,3163.550048828125,3216.1298828125,3162.89990234375,3203.639892578125,0
2023-01-27,3203.969970703125,3207.27001953125,3183.199951171875,3203.449951171875,0
2023-01-30,3197.669921875,3197.669921875,3149.2900390625,3187.090087890625,0
2023-01-31,3178.89990234375,3184.8701171875,3148.56005859375,3180.090087890625,0
2023-02-01,3186.1298828125,3205.239990234375,3171.550048828125,3194.68994140625,0
2023-02-02,3207.719970703125,3335.97998046875,3207.6298828125,3335.97998046875,0
2023-02-03,3319.56005859375,3340.610107421875,3286.969970703125,3338.570068359375,0
2023-02-06,3331.43994140625,3332.080078125,3297.469970703125,3308.4599609375,0
2023-02-07,3304.52001953125,3312.9599609375,3279.239990234375,3300.8798828125,0
2023-02-08,3318.669921875,3343.8701171875,3297.699951171875,3297.989990234375,0
2023-02-09,3307.39990234375,3327.06005859375,3291.280029296875,3292.31005859375,0
2023-02-10,3282.469970703125,3282.469970703125,3229.93994140625,3245.659912109375,0
2023-02-13,3245.56005859375,3269.31005859375,3233.72998046875,3268.7099609375,0
2023-02-14,3271.43994140625,3311.60009765625,3255.5,3265.93994140625,0
2023-02-15,3267.340087890625,3291.820068359375,3265.070068359375,3289.68994140625,0
2023-02-16,3303.080078125,3315.18994140625,3266.800048828125,3284.2900390625,0
2023-02-17,3268.409912109375,3278.139892578125,3227.949951171875,3268.1201171875,0
2023-02-20,3272.81005859375,3275.7900390625,3251.35009765625,3266.199951171875,11098500
2023-02-21,3261.60009765625,3265.18994140625,3222.389892578125,3241.6298828125,0
2023-02-22,3235.0400390625,3246.010009765625,3212.75,3234.3701171875,0
2023-02-23,3240.52001953125,3279.72998046875,3240.52001953125,3255.139892578125,0
2023-02-24,3262.110107421875,3271.6298828125,3200.35009765625,3200.35009765625,0
2023-02-27,3206.75,3248.340087890625,3206.75,3233.169921875,0
2023-02-28,3224.10009765625,3235.0,3206.840087890625,3207.340087890625,0
2023-03-01,3215.9599609375,3241.590087890625,3196.929931640625,3204.52001953125,0
2023-03-02,3195.10009765625,3202.280029296875,3161.02001953125,3202.25,0
2023-03-03,3215.3701171875,3250.260009765625,3215.3701171875,3245.679931640625,0
2023-03-06,3255.679931640625,3280.5400390625,3249.52001953125,3278.3701171875,0
2023-03-07,3269.159912109375,3309.530029296875,3257.7900390625,3262.139892578125,0
2023-03-08,3245.570068359375,3271.52001953125,3242.89990234375,3266.300048828125,0
2023-03-09,3261.169921875,3283.02001953125,3238.300048828125,3279.219970703125,0
2023-03-10,3250.159912109375,3273.18994140625,3227.260009765625,3255.25,0
2023-03-13,3255.27001953125,3258.39990234375,3165.159912109375,3196.81005859375,0
2023-03-14,3208.449951171875,3266.6201171875,3206.530029296875,3254.18994140625,0
2023-03-15,3248.72998046875,3249.280029296875,3155.030029296875,3177.090087890625,0
2023-03-16,3202.449951171875,3247.219970703125,3165.300048828125,3244.530029296875,0
2023-03-17,3255.6201171875,3280.77001953125,3208.2900390625,3226.18994140625,0
2023-03-20,3213.7099609375,3235.4599609375,3158.449951171875,3221.35009765625,0
2023-03-21,3236.97998046875,3251.409912109375,3231.31005859375,3238.090087890625,0
2023-03-22,3236.85009765625,3245.27001953125,3224.6201171875,3227.81005859375,0
2023-03-23,3222.3798828125,3273.389892578125,3214.81005859375,3273.159912109375,0
2023-03-24,3267.89990234375,3269.949951171875,3206.219970703125,3222.27001953125,0
2023-03-27,3240.02001953125,3276.7099609375,3239.760009765625,3261.5400390625,0
2023-03-28,3267.489990234375,3279.840087890625,3220.77001953125,3224.77001953125,0
2023-03-29,3236.280029296875,3263.669921875,3236.280029296875,3261.47998046875,0
2023-03-30,3275.2900390625,3326.22998046875,3275.2900390625,3323.659912109375,0
2023-03-31,3324.7099609375,3335.6298828125,3289.070068359375,3325.260009765625,0
2023-04-03,3324.639892578125,3324.639892578125,3280.780029296875,3291.989990234375,0
2023-04-04,3296.760009765625,3310.909912109375,3289.300048828125,3290.81005859375,0
2023-04-05,3290.330078125,3305.489990234375,3283.02001953125,3298.610107421875,0
2023-04-06,3298.81005859375,3323.97998046875,3298.81005859375,3322.2099609375,0
2023-04-11,3327.64990234375,3334.110107421875,3299.300048828125,3308.0400390625,0
2023-04-12,3306.820068359375,3345.260009765625,3293.739990234375,3308.18994140625,0
2023-04-13,3309.60009765625,3322.679931640625,3298.239990234375,3322.679931640625,0
2023-04-14,3328.02001953125,3346.010009765625,3310.4599609375,3315.81005859375,0
2023-04-17,3320.75,3350.4599609375,3319.530029296875,3321.2099609375,0
2023-04-18,3325.590087890625,3349.6298828125,3314.43994140625,3321.550048828125,0
2023-04-19,3313.949951171875,3314.360107421875,3286.81005859375,3294.260009765625,0
2023-04-20,3287.1298828125,3288.090087890625,3227.0400390625,3241.449951171875,21575400
2023-04-21,3237.449951171875,3276.010009765625,3218.820068359375,3275.0400390625,0
2023-04-24,3269.35009765625,3317.06005859375,3269.239990234375,3300.4599609375,0
2023-04-25,3292.239990234375,3301.590087890625,3269.27001953125,3274.22998046875,0
2023-04-26,3259.889892578125,3259.889892578125,3232.080078125,3254.159912109375,0
2023-04-27,3258.239990234375,3264.419921875,3233.199951171875,3252.050048828125,0
2023-04-28,3264.639892578125,3272.719970703125,3237.6298828125,3268.840087890625,0
2023-05-02,3268.929931640625,3294.06005859375,3251.89990234375,3254.489990234375,0
2023-05-03,3258.800048828125,3265.72998046875,3242.300048828125,3265.14990234375,0
2023-05-04,3265.610107421875,3276.9599609375,3238.1298828125,3275.169921875,0
2023-05-05,3285.969970703125,3289.989990234375,3257.030029296875,3280.419921875,19965300
2023-05-08,3285.43994140625,3288.5400390625,3274.389892578125,3280.449951171875,0
2023-05-09,3276.199951171875,3276.300048828125,3226.419921875,3236.820068359375,0
2023-05-10,3232.699951171875,3235.3701171875,3194.199951171875,3233.300048828125,0
2023-05-11,3245.64990234375,3250.02001953125,3210.93994140625,3218.949951171875,0
2023-05-12,3227.090087890625,3230.25,3209.139892578125,3230.159912109375,0
2023-05-15,3236.9599609375,3247.719970703125,3228.179931640625,3234.139892578125,0
2023-05-16,3235.949951171875,3248.89990234375,3221.7099609375,3238.31005859375,0
2023-05-17,3232.030029296875,3237.6201171875,3205.300048828125,3214.840087890625,0
2023-05-18,3228.840087890625,3271.159912109375,3228.840087890625,3263.389892578125,0
2023-05-19,3278.47998046875,3296.510009765625,3271.0,3286.39990234375,0
2023-05-22,3284.909912109375,3286.469970703125,3257.969970703125,3278.820068359375,0
2023-05-23,3276.669921875,3292.27001953125,3262.8701171875,3264.22998046875,0
2023-05-24,3245.419921875,3245.419921875,3189.06005859375,3192.719970703125,0
2023-05-25,3207.169921875,3210.2900390625,3185.9599609375,3186.35009765625,0
2023-05-26,3195.39990234375,3234.7900390625,3181.81005859375,3228.179931640625,0
2023-05-29,3243.929931640625,3246.590087890625,3223.909912109375,3226.050048828125,0
2023-05-30,3234.81005859375,3252.610107421875,3214.919921875,3218.7099609375,0
2023-05-31,3207.030029296875,3219.489990234375,3180.340087890625,3199.68994140625,0
2023-06-01,3212.489990234375,3242.330078125,3211.3798828125,3242.330078125,0
2023-06-02,3254.260009765625,3271.14990234375,3229.35009765625,3239.239990234375,0
2023-06-05,3234.820068359375,3246.25,3221.449951171875,3223.929931640625,0
2023-06-06,3216.7099609375,3231.050048828125,3213.050048828125,3226.0,0
2023-06-07,3229.5400390625,3234.27001953125,3210.050048828125,3213.419921875,0
2023-06-08,3207.739990234375,3207.739990234375,3171.449951171875,3202.0,0
2023-06-09,3203.64990234375,3212.18994140625,3193.1201171875,3198.389892578125,0
2023-06-12,3212.820068359375,3230.530029296875,3211.27001953125,3230.0,0
2023-06-13,3243.35009765625,3258.02001953125,3233.090087890625,3249.530029296875,0
2023-06-14,3245.070068359375,3253.75,3234.969970703125,3251.989990234375,0
2023-06-15,3246.6298828125,3255.60009765625,3216.989990234375,3251.5400390625,0
2023-06-16,3257.919921875,3290.1298828125,3257.919921875,3272.070068359375,0
2023-06-19,3265.31005859375,3265.6298828125,3196.050048828125,3206.169921875,15856700
2023-06-20,3200.159912109375,3200.159912109375,3168.080078125,3170.4599609375,0
2023-06-21,3169.070068359375,3175.64990234375,3145.8701171875,3150.669921875,0
2023-06-22,3133.050048828125,3161.639892578125,3122.969970703125,3161.639892578125,0
2023-06-23,3161.469970703125,3168.830078125,3131.219970703125,3152.639892578125,0
2023-06-26,3159.830078125,3167.6298828125,3128.14990234375,3133.219970703125,0
2023-06-27,3135.8701171875,3136.219970703125,3091.72998046875,3096.72998046875,0
2023-06-28,3105.159912109375,3149.7099609375,3104.699951171875,3145.409912109375,0
2023-06-29,3144.5400390625,3155.280029296875,3134.969970703125,3144.75,0
2023-06-30,3147.300048828125,3206.570068359375,3147.1298828125,3203.219970703125,0
2023-07-03,3207.22998046875,3212.669921875,3176.639892578125,3177.320068359375,0
2023-07-04,3173.39990234375,3194.0,3166.8701171875,3185.5,0
2023-07-05,3169.659912109375,3170.72998046875,3156.10009765625,3159.830078125,0
2023-07-06,3152.090087890625,3152.090087890625,3084.830078125,3089.010009765625,0
2023-07-07,3084.139892578125,3111.2099609375,3060.52001953125,3096.72998046875,0
2023-07-10,3089.1298828125,3114.110107421875,3080.7099609375,3109.8798828125,0
2023-07-11,3119.7099609375,3139.830078125,3117.85009765625,3124.60009765625,0
2023-07-12,3130.300048828125,3185.860107421875,3129.590087890625,3180.510009765625,0
2023-07-13,3186.39990234375,3221.27001953125,3186.3701171875,3208.5400390625,0
2023-07-14,3205.330078125,3233.2900390625,3205.030029296875,3218.139892578125,0
2023-07-17,3206.719970703125,3208.5400390625,3184.179931640625,3199.510009765625,0
2023-07-18,3196.409912109375,3200.820068359375,3184.949951171875,3196.570068359375,0
2023-07-19,3205.81005859375,3230.530029296875,3205.81005859375,3224.929931640625,0
2023-07-20,3213.60009765625,3215.820068359375,3190.85009765625,3210.81005859375,0
2023-07-21,3206.14990234375,3227.780029296875,3176.080078125,3227.47998046875,0
2023-07-24,3219.199951171875,3248.409912109375,3219.199951171875,3234.050048828125,0
2023-07-25,3230.300048828125,3263.56005859375,3217.25,3261.550048828125,0
2023-07-26,3257.949951171875,3259.010009765625,3209.929931640625,3234.14990234375,0
2023-07-27,3240.760009765625,3342.52001953125,3240.760009765625,3317.10009765625,0
2023-07-28,3300.469970703125,3308.18994140625,3281.330078125,3302.530029296875,0
2023-07-31,3304.050048828125,3336.2099609375,3297.31005859375,3328.669921875,0
2023-08-01,3326.27001953125,3330.31005859375,3304.3701171875,3304.3798828125,0
2023-08-02,3290.179931640625,3291.14990234375,3224.35009765625,3236.81005859375,0
2023-08-03,3222.320068359375,3222.320068359375,3171.300048828125,3197.52001953125,0
2023-08-04,3204.1298828125,3204.8701171875,3147.580078125,3182.159912109375,0
2023-08-07,3172.260009765625,3192.719970703125,3155.27001953125,3161.6298828125,0
2023-08-08,3153.159912109375,3155.6298828125,3118.7900390625,3121.590087890625,0
2023-08-09,3133.5,3170.699951171875,3131.260009765625,3138.449951171875,0
2023-08-10,3145.22998046875,3175.590087890625,3131.7900390625,3157.070068359375,0
2023-08-11,3150.909912109375,3159.14990234375,3128.239990234375,3128.260009765625,0
2023-08-14,3123.070068359375,3150.110107421875,3122.510009765625,3148.39990234375,0
2023-08-15,3151.18994140625,3155.7099609375,3112.77001953125,3125.080078125,0
2023-08-16,3118.550048828125,3123.800048828125,3112.43994140625,3117.679931640625,0
2023-08-17,3102.85009765625,3107.31005859375,3078.239990234375,3079.280029296875,0
2023-08-18,3070.97998046875,3070.97998046875,3035.64990234375,3060.1298828125,0
2023-08-21,3058.320068359375,3083.89990234375,3053.360107421875,3053.659912109375,0
2023-08-22,3066.02001953125,3105.6201171875,3066.02001953125,3098.179931640625,0
2023-08-23,3106.929931640625,3122.199951171875,3097.139892578125,3120.47998046875,0
2023-08-24,3131.570068359375,3160.7099609375,3086.429931640625,3087.18994140625,0
2023-08-25,3075.85009765625,3101.909912109375,3071.409912109375,3082.550048828125,0
2023-08-28,3102.02001953125,3122.2099609375,3097.14990234375,3119.530029296875,0
2023-08-29,3126.659912109375,3159.2099609375,3120.27001953125,3157.2900390625,0
2023-08-30,3155.949951171875,3162.3701171875,3136.6298828125,3154.469970703125,0
2023-08-31,3160.64990234375,3195.97998046875,3159.780029296875,3177.06005859375,0
2023-09-01,3175.5,3179.580078125,3152.93994140625,3158.7900390625,0
2023-09-04,3160.840087890625,3183.659912109375,3154.85009765625,3156.47998046875,0
2023-09-05,3151.080078125,3160.35009765625,3141.030029296875,3141.030029296875,0
2023-09-06,3135.320068359375,3143.64990234375,3123.610107421875,3129.360107421875,0
2023-09-07,3117.969970703125,3122.159912109375,3094.85009765625,3109.800048828125,0
2023-09-08,3120.110107421875,3121.840087890625,3081.659912109375,3090.840087890625,0
2023-09-11,3097.669921875,3114.35009765625,3087.139892578125,3096.989990234375,0
2023-09-12,3098.06005859375,3102.260009765625,3069.1201171875,3076.8701171875,0
2023-09-13,3067.860107421875,3084.590087890625,3049.830078125,3079.56005859375,0
2023-09-14,3083.719970703125,3116.409912109375,3070.56005859375,3114.389892578125,0
2023-09-15,3127.02001953125,3154.35009765625,3111.0400390625,3111.679931640625,0
2023-09-18,3102.830078125,3106.8701171875,3053.0,3056.510009765625,0
2023-09-19,3044.18994140625,3048.139892578125,3011.659912109375,3020.02001953125,0
2023-09-20,3023.199951171875,3072.139892578125,3023.199951171875,3066.699951171875,0
2023-09-21,3046.93994140625,3050.97998046875,3008.02001953125,3008.2900390625,0
2023-09-22,2993.02001953125,3026.610107421875,2990.260009765625,3024.77001953125,0
2023-09-25,3021.4599609375,3022.4599609375,2978.030029296875,2996.4599609375,0
2023-09-26,2988.35009765625,2990.72998046875,2963.3701171875,2967.56005859375,0
2023-09-27,2963.179931640625,2982.929931640625,2959.580078125,2964.919921875,0
2023-09-28,2965.7900390625,2990.780029296875,2960.340087890625,2990.659912109375,0
2023-09-29,3001.889892578125,3046.929931640625,3001.889892578125,3019.780029296875,0
2023-10-02,3024.889892578125,3037.800048828125,2978.97998046875,2994.840087890625,0
2023-10-03,2983.530029296875,2993.6298828125,2959.550048828125,2963.820068359375,0
2023-10-04,2948.179931640625,2988.81005859375,2934.5,2983.300048828125,0
2023-10-05,2991.610107421875,3018.719970703125,2974.2900390625,2977.06005859375,0
2023-10-06,2983.590087890625,3006.75,2954.02001953125,2999.469970703125,0
2023-10-09,2993.919921875,3006.580078125,2967.6298828125,2974.39990234375,0
2023-10-10,2988.719970703125,3044.419921875,2988.719970703125,3043.72998046875,0
2023-10-11,3040.419921875,3059.8798828125,3026.280029296875,3035.070068359375,0
2023-10-12,3043.47998046875,3057.320068359375,3026.8798828125,3035.169921875,0
2023-10-13,3028.510009765625,3028.5400390625,2947.25,2947.25,0
2023-10-16,2945.389892578125,2949.93994140625,2923.1298828125,2941.219970703125,0
2023-10-17,2936.330078125,2952.610107421875,2905.989990234375,2940.699951171875,0
2023-10-18,2938.080078125,2942.219970703125,2907.800048828125,2911.68994140625,0
2023-10-19,2902.830078125,2945.0,2893.110107421875,2895.169921875,0
2023-10-20,2881.43994140625,2882.2099609375,2841.39990234375,2843.3798828125,0
2023-10-23,2842.610107421875,2854.179931640625,2804.179931640625,2843.35009765625,0
2023-10-24,2845.56005859375,2878.52001953125,2831.7900390625,2873.530029296875,0
2023-10-25,2873.169921875,2877.010009765625,2822.18994140625,2841.969970703125,0
2023-10-26,2830.199951171875,2854.3798828125,2796.610107421875,2834.320068359375,0
2023-10-27,2833.639892578125,2845.02001953125,2815.89990234375,2825.669921875,0
2023-10-30,2831.1201171875,2853.97998046875,2788.3798828125,2790.820068359375,0
2023-10-31,2793.429931640625,2851.0,2793.18994140625,2845.050048828125,0
2023-11-01,2854.81005859375,2865.090087890625,2836.659912109375,2861.199951171875,0
2023-11-02,2873.7099609375,2944.5,2873.7099609375,2914.989990234375,0
2023-11-03,2921.8798828125,2974.949951171875,2917.800048828125,2956.530029296875,0
2023-11-06,2958.89990234375,2966.699951171875,2933.639892578125,2942.510009765625,0
2023-11-07,2934.3701171875,2980.18994140625,2922.409912109375,2972.919921875,0
2023-11-08,2965.89990234375,3009.97998046875,2964.510009765625,2993.52001953125,0
2023-11-09,2991.110107421875,3024.510009765625,2986.06005859375,3023.25,0
2023-11-10,3008.830078125,3010.0,2964.14990234375,2975.449951171875,0
2023-11-13,2983.239990234375,2999.280029296875,2975.1201171875,2994.800048828125,0
2023-11-14,2996.080078125,3073.280029296875,2989.929931640625,3070.199951171875,0
2023-11-15,3072.070068359375,3113.72998046875,3067.260009765625,3107.9599609375,0
2023-11-16,3103.969970703125,3108.429931640625,3090.949951171875,3091.68994140625,0
2023-11-17,3093.5400390625,3126.89990234375,3093.5400390625,3107.469970703125,0
2023-11-20,3110.7900390625,3138.260009765625,3107.760009765625,3133.969970703125,0
2023-11-21,3136.5,3145.35009765625,3106.449951171875,3111.27001953125,0
2023-11-22,3107.699951171875,3144.419921875,3106.090087890625,3140.840087890625,0
2023-11-23,3137.639892578125,3141.360107421875,3122.469970703125,3138.6201171875,18385700
2023-11-24,3134.969970703125,3138.679931640625,3121.18994140625,3136.739990234375,0
2023-11-27,3131.300048828125,3154.56005859375,3128.31005859375,3128.389892578125,0
2023-11-28,3122.340087890625,3134.239990234375,3111.090087890625,3134.239990234375,0
2023-11-29,3141.139892578125,3197.929931640625,3141.139892578125,3192.159912109375,0
2023-11-30,3199.3798828125,3209.340087890625,3179.780029296875,3196.580078125,0
2023-12-01,3204.27001953125,3210.2900390625,3184.610107421875,3209.0400390625,0
2023-12-04,3206.969970703125,3226.260009765625,3177.030029296875,3186.0,0
2023-12-05,3186.070068359375,3205.64990234375,3178.89990234375,3199.159912109375,0
2023-12-06,3206.139892578125,3235.969970703125,3202.679931640625,3228.800048828125,0
2023-12-07,3219.010009765625,3226.8701171875,3202.929931640625,3220.090087890625,0
2023-12-08,3222.830078125,3256.219970703125,3219.030029296875,3251.070068359375,0
2023-12-11,3249.9599609375,3270.8701171875,3245.7099609375,3266.27001953125,0
2023-12-12,3273.639892578125,3299.679931640625,3266.85009765625,3288.570068359375,0
2023-12-13,3287.919921875,3298.1298828125,3274.719970703125,3282.1298828125,0
2023-12-14,3303.199951171875,3354.18994140625,3302.030029296875,3324.93994140625,0
2023-12-15,3329.889892578125,3351.659912109375,3314.6298828125,3329.43994140625,0
2023-12-18,3321.85009765625,3328.610107421875,3301.610107421875,3306.260009765625,0
2023-12-19,3310.7099609375,3334.340087890625,3308.22998046875,3332.530029296875,0
2023-12-20,3332.530029296875,3340.800048828125,3318.800048828125,3337.610107421875,0
2023-12-21,3324.179931640625,3326.639892578125,3304.409912109375,3325.639892578125,0
2023-12-22,3319.3798828125,3328.159912109375,3303.6201171875,3324.530029296875,0
2023-12-27,3329.570068359375,3350.47998046875,3329.570068359375,3339.89990234375,0
2023-12-28,3344.510009765625,3350.169921875,3325.93994140625,3336.18994140625,0
2023-12-29,3337.7900390625,3342.52001953125,3331.93994140625,3337.409912109375,0
2024-01-02,3344.820068359375,3373.550048828125,3310.590087890625,3324.590087890625,0
2024-01-03,3311.93994140625,3321.2900390625,3250.5,3261.18994140625,0
2024-01-04,3254.9599609375,3260.669921875,3190.330078125,3228.75,0
2024-01-05,3217.510009765625,3231.340087890625,3187.260009765625,3226.360107421875,0
2024-01-08,3229.9599609375,3271.35009765625,3212.93994140625,3268.969970703125,0
2024-01-09,3281.75,3284.2099609375,3244.85009765625,3276.699951171875,0
2024-01-10,3279.159912109375,3284.510009765625,3244.800048828125,3260.199951171875,0
2024-01-11,3269.469970703125,3286.320068359375,3235.10009765625,3235.27001953125,0
2024-01-12,3243.760009765625,3289.679931640625,3243.760009765625,3275.5,0
2024-01-15,3268.159912109375,3277.719970703125,3253.22998046875,3254.449951171875,0
2024-01-16,3234.780029296875,3269.280029296875,3217.75,3260.929931640625,0
2024-01-17,3244.1298828125,3244.1298828125,3207.4599609375,3224.6201171875,0
2024-01-18,3231.699951171875,3270.530029296875,3230.2900390625,3269.14990234375,0
2024-01-19,3280.10009765625,3287.179931640625,3256.52001953125,3267.739990234375,0
2024-01-22,3277.64990234375,3313.699951171875,3277.179931640625,3304.31005859375,0
2024-01-23,3307.9599609375,3314.39990234375,3288.469970703125,3288.6298828125,0
2024-01-24,3300.89990234375,3351.610107421875,3299.47998046875,3339.159912109375,0
2024-01-25,3332.110107421875,3344.320068359375,3315.31005859375,3335.320068359375,0
2024-01-26,3335.969970703125,3361.2099609375,3317.85009765625,3359.8701171875,0
2024-01-29,3345.10009765625,3348.419921875,3321.75,3343.860107421875,0
2024-01-30,3356.6298828125,3366.75,3338.010009765625,3353.659912109375,0
2024-01-31,3348.739990234375,3358.639892578125,3337.919921875,3342.320068359375,0
2024-02-01,3338.969970703125,3363.719970703125,3336.159912109375,3353.300048828125,0
2024-02-02,3363.64990234375,3377.6298828125,3324.610107421875,3324.6201171875,0
2024-02-05,3324.239990234375,3351.77001953125,3317.610107421875,3348.010009765625,0
2024-02-06,3352.050048828125,3396.889892578125,3336.010009765625,3392.949951171875,0
2024-02-07,3392.77001953125,3398.590087890625,3359.8798828125,3376.760009765625,0
2024-02-08,3382.110107421875,3418.050048828125,3382.110107421875,3403.340087890625,0
2024-02-09,3403.550048828125,3428.610107421875,3399.989990234375,3414.739990234375,0
2024-02-12,3421.75,3436.25,3418.389892578125,3429.2900390625,15498300
2024-02-13,3415.110107421875,3415.110107421875,3346.1298828125,3369.56005859375,0
2024-02-14,3369.090087890625,3388.010009765625,3360.830078125,3386.909912109375,0
2024-02-15,3398.239990234375,3410.409912109375,3384.43994140625,3386.6201171875,0
2024-02-16,3400.35009765625,3422.97998046875,3387.5400390625,3408.929931640625,0
2024-02-19,3391.570068359375,3393.56005859375,3374.1298828125,3384.969970703125,0
2024-02-20,3376.889892578125,3379.989990234375,3351.929931640625,3360.8798828125,0
2024-02-21,3355.840087890625,3361.889892578125,3327.7099609375,3339.510009765625,0
2024-02-22,3351.6201171875,3419.030029296875,3350.510009765625,3405.010009765625,0
2024-02-23,3407.699951171875,3410.389892578125,3390.070068359375,3394.360107421875,0
2024-02-26,3384.10009765625,3408.610107421875,3381.75,3400.679931640625,0
2024-02-27,3396.909912109375,3428.679931640625,3392.199951171875,3427.320068359375,0
2024-02-28,3424.909912109375,3426.469970703125,3380.580078125,3389.31005859375,0
2024-02-29,3390.679931640625,3410.8701171875,3369.260009765625,3388.330078125,0
2024-03-01,3402.43994140625,3429.85009765625,3392.64990234375,3429.239990234375,0
2024-03-04,3435.719970703125,3445.68994140625,3433.2900390625,3439.56005859375,15936600
2024-03-05,3435.169921875,3451.39990234375,3419.550048828125,3426.47998046875,17169300
2024-03-06,3425.31005859375,3449.97998046875,3423.9599609375,3448.7900390625,19851500
2024-03-07,3438.389892578125,3490.43994140625,3426.60009765625,3485.02001953125,20998000
2024-03-08,3486.090087890625,3489.0,3462.409912109375,3464.0,0
2024-03-11,3447.27001953125,3447.27001953125,3420.419921875,3431.81005859375,22145600
2024-03-12,3435.14990234375,3472.1201171875,3428.719970703125,3464.110107421875,20697800
2024-03-13,3468.14990234375,3474.840087890625,3436.85009765625,3438.550048828125,21684900
2024-03-14,3444.56005859375,3455.320068359375,3412.0,3422.550048828125,21567700
2024-03-15,3416.050048828125,3423.22998046875,3379.679931640625,3379.679931640625,68118500
2024-03-18,3381.090087890625,3399.280029296875,3377.85009765625,3383.64990234375,17989000
2024-03-19,3383.820068359375,3393.570068359375,3366.780029296875,3391.179931640625,17373500
2024-03-20,3390.909912109375,3399.669921875,3364.3798828125,3369.89990234375,15120000
2024-03-21,3371.68994140625,3423.6201171875,3371.68994140625,3420.2099609375,19364100
2024-03-22,3419.679931640625,3429.110107421875,3409.300048828125,3423.030029296875,17735100
2024-03-25,3422.93994140625,3432.97998046875,3409.909912109375,3420.030029296875,17185300
2024-03-26,3420.030029296875,3449.4599609375,3415.02001953125,3445.22998046875,18858000
2024-03-27,3445.22998046875,3466.6201171875,3442.1298828125,3457.360107421875,20082400
2024-03-28,3457.47998046875,3462.489990234375,3449.469970703125,3454.3798828125,22324000
2024-04-02,3454.52001953125,3472.68994140625,3396.169921875,3396.260009765625,23334500
2024-04-03,3396.260009765625,3415.1201171875,3384.0400390625,3406.300048828125,19645900
2024-04-04,3406.330078125,3415.31005859375,3392.219970703125,3410.199951171875,16866300
2024-04-05,3408.469970703125,3408.469970703125,3354.60009765625,3371.330078125,23979100
2024-04-08,3368.6201171875,3401.669921875,3368.6201171875,3396.830078125,20042400
2024-04-09,3395.669921875,3407.340087890625,3377.179931640625,3389.43994140625,25206500
2024-04-10,3389.449951171875,3416.77001953125,3363.830078125,3383.510009765625,0
2024-04-11,3381.510009765625,3383.81005859375,3336.840087890625,3354.300048828125,0
2024-04-12,3357.0400390625,3398.02001953125,3318.639892578125,3326.260009765625,23325400
2024-04-15,3325.800048828125,3368.43994140625,3320.360107421875,3334.320068359375,19907100
2024-04-16,3332.860107421875,3332.860107421875,3280.860107421875,3292.219970703125,0
2024-04-17,3291.219970703125,3291.219970703125,3256.969970703125,3257.06005859375,16137100
2024-04-18,3258.72998046875,3259.580078125,3176.760009765625,3210.840087890625,19765900
2024-04-19,3208.52001953125,3208.52001953125,3175.550048828125,3187.199951171875,25679300
2024-04-22,3187.35009765625,3226.72998046875,3187.35009765625,3216.949951171875,22081600
2024-04-23,3217.1298828125,3289.070068359375,3217.1298828125,3286.909912109375,22208200
2024-04-24,3288.110107421875,3332.139892578125,3286.2900390625,3299.60009765625,0
2024-04-25,3299.97998046875,3302.050048828125,3257.969970703125,3266.760009765625,32949700
2024-04-26,3268.93994140625,3330.3798828125,3268.93994140625,3322.489990234375,0
2024-04-29,3322.590087890625,3337.1298828125,3308.590087890625,3309.22998046875,19957700
2024-04-30,3309.0400390625,3316.330078125,3271.139892578125,3274.0,21961100
2024-05-02,3273.5,3273.9599609375,3238.389892578125,3239.820068359375,7075300
2024-05-03,3240.8798828125,3294.610107421875,3240.8798828125,3266.219970703125,20045000
2024-05-06,3266.39990234375,3295.419921875,3263.550048828125,3291.739990234375,15085300
2024-05-07,3294.2900390625,3360.010009765625,3273.6201171875,3359.2099609375,33690400
2024-05-08,3359.570068359375,3370.77001953125,3338.889892578125,3350.4599609375,22953100
2024-05-09,3350.25,3384.300048828125,3343.919921875,3384.300048828125,16125200
2024-05-10,3385.169921875,3410.800048828125,3385.02001953125,3404.0400390625,22791300
2024-05-13,3403.89990234375,3412.60009765625,3389.409912109375,3397.6298828125,17255800
2024-05-14,3396.389892578125,3422.77001953125,3394.260009765625,3422.77001953125,0
2024-05-15,3425.949951171875,3466.820068359375,3425.949951171875,3461.6201171875,20713500
2024-05-16,3461.639892578125,3475.919921875,3440.85009765625,3444.030029296875,22281300
2024-05-17,3444.06005859375,3444.06005859375,3405.419921875,3431.2099609375,25230400
2024-05-20,3433.409912109375,3463.780029296875,3428.580078125,3457.2900390625,12572100
2024-05-21,3457.110107421875,3457.110107421875,3421.5,3433.489990234375,19458100
2024-05-22,3433.030029296875,3455.199951171875,3423.409912109375,3452.199951171875,18647500
2024-05-23,3452.31005859375,3473.389892578125,3435.530029296875,3449.9599609375,21716100
2024-05-24,3446.919921875,3446.919921875,3407.47998046875,3437.3701171875,0
2024-05-27,3437.25,3442.6201171875,3429.0,3439.830078125,8800800
2024-05-28,3439.780029296875,3449.260009765625,3409.070068359375,3410.830078125,15938100
2024-05-29,3410.81005859375,3410.81005859375,3358.860107421875,3362.39990234375,16561100
2024-05-30,3361.97998046875,3363.669921875,3338.27001953125,3350.840087890625,15823100
2024-05-31,3350.780029296875,3350.8798828125,3323.239990234375,3336.1298828125,0
2024-06-03,3336.679931640625,3387.360107421875,3336.679931640625,3367.639892578125,16839700
2024-06-04,3367.72998046875,3384.7900390625,3346.419921875,3358.949951171875,26905700
2024-06-05,3359.06005859375,3419.080078125,3359.06005859375,3415.89990234375,22511100
2024-06-06,3415.93994140625,3475.81005859375,3415.93994140625,3444.8701171875,0
2024-06-07,3444.9599609375,3459.7099609375,3429.550048828125,3454.72998046875,17669900
2024-06-10,3454.669921875,3454.669921875,3426.5400390625,3449.77001953125,14501700
2024-06-11,3449.739990234375,3460.27001953125,3417.27001953125,3428.60009765625,19047400
2024-06-12,3430.760009765625,3472.9599609375,3420.929931640625,3461.590087890625,18757800
2024-06-13,3461.85009765625,3469.639892578125,3399.969970703125,3400.570068359375,19725200
2024-06-14,3404.7099609375,3408.739990234375,3347.739990234375,3353.260009765625,0
2024-06-17,3353.320068359375,3383.010009765625,3322.550048828125,3322.719970703125,20096900
2024-06-18,3323.06005859375,3347.39990234375,3322.9599609375,3337.199951171875,17429800
2024-06-19,3336.419921875,3336.419921875,3268.169921875,3269.389892578125,22818800
2024-06-20,3272.830078125,3311.550048828125,3272.580078125,3311.419921875,22937700
2024-06-21,3312.1298828125,3312.81005859375,3274.840087890625,3286.6298828125,51672100
2024-06-24,3286.669921875,3305.360107421875,3275.419921875,3300.6298828125,16957600
2024-06-25,3300.68994140625,3308.10009765625,3266.419921875,3307.739990234375,17542800
2024-06-26,3307.93994140625,3362.800048828125,3307.93994140625,3328.969970703125,0
2024-06-27,3329.0400390625,3344.719970703125,3320.820068359375,3330.669921875,16988500
2024-06-28,3330.81005859375,3351.18994140625,3322.31005859375,3326.6298828125,21183400
2024-07-01,3326.68994140625,3353.820068359375,3304.60009765625,3310.64990234375,17262100
2024-07-02,3309.780029296875,3310.85009765625,3268.6298828125,3301.050048828125,0
2024-07-03,3302.25,3343.260009765625,3302.25,3333.580078125,16137000
2024-07-04,3333.699951171875,3356.52001953125,3333.699951171875,3347.89990234375,10844500
2024-07-05,3348.1201171875,3412.2900390625,3348.1201171875,3393.9599609375,16844400
2024-07-08,3393.8701171875,3417.8701171875,3376.949951171875,3379.669921875,15302900
2024-07-09,3379.489990234375,3380.010009765625,3318.14990234375,3325.139892578125,18133800
2024-07-10,3325.18994140625,3363.72998046875,3325.159912109375,3363.5,0
2024-07-11,3362.7099609375,3400.89990234375,3362.7099609375,3394.81005859375,0
2024-07-12,3394.260009765625,3416.830078125,3378.85009765625,3408.929931640625,16828500
2024-07-15,3408.699951171875,3420.780029296875,3380.1201171875,3384.60009765625,11069400
2024-07-16,3384.580078125,3384.580078125,3365.14990234375,3375.31005859375,12434400
2024-07-17,3374.800048828125,3378.8701171875,3343.429931640625,3348.530029296875,14881400
2024-07-18,3348.60009765625,3386.1298828125,3339.610107421875,3345.64990234375,16533700
2024-07-19,3345.239990234375,3348.280029296875,3282.10009765625,3284.550048828125,18987700
2024-07-22,3292.179931640625,3338.1201171875,3291.5,3321.1201171875,14505400
2024-07-23,3316.010009765625,3366.25,3313.75,3343.800048828125,16354700
2024-07-24,3325.830078125,3338.550048828125,3313.610107421875,3317.800048828125,15782000
2024-07-25,3311.219970703125,3312.510009765625,3261.52001953125,3301.18994140625,21893100
2024-07-26,3295.6201171875,3336.669921875,3286.830078125,3333.280029296875,14334300
2024-07-29,3345.889892578125,3361.510009765625,3336.739990234375,3342.550048828125,13266700
2024-07-30,3347.669921875,3371.090087890625,3344.360107421875,3347.81005859375,14157600
2024-07-31,3361.110107421875,3366.300048828125,3331.52001953125,3358.840087890625,25355000
2024-08-01,3361.419921875,3370.1201171875,3315.780029296875,3316.6201171875,18549300
2024-08-02,3294.81005859375,3294.81005859375,3238.949951171875,3249.8798828125,23625200
2024-08-05,3244.949951171875,3244.949951171875,3125.179931640625,3195.75,31037100
2024-08-06,3203.56005859375,3222.0,3172.760009765625,3210.5400390625,0
2024-08-07,3216.389892578125,3246.530029296875,3202.0,3236.070068359375,0
2024-08-08,3215.25,3243.4599609375,3193.719970703125,3240.60009765625,22389400
2024-08-09,3245.3798828125,3276.929931640625,3243.389892578125,3269.39990234375,16978500
2024-08-12,3274.8798828125,3284.2900390625,3254.77001953125,3260.580078125,12463900
2024-08-13,3269.949951171875,3275.830078125,3233.969970703125,3272.909912109375,13670300
2024-08-14,3286.3701171875,3303.280029296875,3277.8701171875,3291.570068359375,12238900
2024-08-15,3303.5,3342.199951171875,3291.85009765625,3340.10009765625,14854000
2024-08-16,3351.60009765625,3361.820068359375,3333.60009765625,3344.10009765625,16578200
2024-08-19,3342.360107421875,3357.610107421875,3333.9599609375,3350.659912109375,13597700
2024-08-20,3364.35009765625,3371.360107421875,3324.219970703125,3324.47998046875,12048200
2024-08-21,3321.8798828125,3354.81005859375,3321.8798828125,3340.7099609375,12275100
2024-08-22,3337.739990234375,3360.419921875,3336.2099609375,3336.2099609375,10731900
2024-08-23,3336.8798828125,3351.889892578125,3320.25,3341.5400390625,12473700
2024-08-26,3332.969970703125,3335.0400390625,3320.02001953125,3324.1201171875,8568400
2024-08-27,3321.179931640625,3352.0400390625,3319.02001953125,3348.419921875,13285200
2024-08-28,3353.60009765625,3382.2099609375,3353.43994140625,3359.719970703125,12900000
2024-08-29,3361.7099609375,3406.3701171875,3358.610107421875,3403.5,13235200
2024-08-30,3393.18994140625,3411.699951171875,3388.919921875,3400.570068359375,40892400
2024-09-02,3399.260009765625,3402.8798828125,3372.830078125,3385.330078125,10639800
2024-09-03,3389.81005859375,3397.35009765625,3328.68994140625,3334.469970703125,17115600
2024-09-04,3301.72998046875,3302.260009765625,3273.8701171875,3283.47998046875,18511500
2024-09-05,3276.0400390625,3287.969970703125,3257.080078125,3269.159912109375,14979100
2024-09-06,3264.0,3279.85009765625,3223.56005859375,3225.77001953125,17229200
2024-09-09,3241.2099609375,3266.239990234375,3239.429931640625,3259.6298828125,11787300
2024-09-10,3262.800048828125,3278.60009765625,3238.72998046875,3246.4599609375,15480300
2024-09-11,3255.43994140625,3272.239990234375,3237.81005859375,3257.39990234375,16286600
2024-09-12,3290.830078125,3313.780029296875,3273.0400390625,3284.14990234375,16355200
2024-09-13,3285.64990234375,3317.8701171875,3284.8798828125,3313.570068359375,14932100
2024-09-16,3302.7900390625,3307.409912109375,3283.739990234375,3288.919921875,12104900
2024-09-17,3296.179931640625,3334.3701171875,3296.179931640625,3315.0,15018700
2024-09-18,3310.919921875,3315.919921875,3288.89990234375,3307.52001953125,12758700
2024-09-19,3328.0400390625,3355.47998046875,3321.469970703125,3339.7900390625,21435500
2024-09-20,3331.139892578125,3331.75,3261.27001953125,3264.2900390625,45137200
2024-09-23,3281.14990234375,3298.580078125,3263.469970703125,3275.2099609375,13155600
2024-09-24,3284.739990234375,3314.43994140625,3284.010009765625,3296.35009765625,15211200
2024-09-25,3294.030029296875,3301.510009765625,3268.219970703125,3298.89990234375,15569400
2024-09-26,3309.320068359375,3378.419921875,3309.320068359375,3363.429931640625,21323300
2024-09-27,3366.360107421875,3446.3798828125,3366.139892578125,3446.3798828125,23914700
2024-09-30,3434.969970703125,3458.6201171875,3411.3701171875,3413.340087890625,20261100
2024-10-01,3435.2900390625,3441.7099609375,3376.219970703125,3384.8701171875,17945600
2024-10-02,3386.090087890625,3386.090087890625,3343.60009765625,3367.85009765625,14607300
2024-10-03,3359.300048828125,3359.300048828125,3320.60009765625,3329.580078125,13353700
2024-10-04,3319.360107421875,3363.179931640625,3316.639892578125,3343.35009765625,13215800
2024-10-07,3354.81005859375,3363.659912109375,3325.8701171875,3341.300048828125,13197500
2024-10-08,3335.77001953125,3344.340087890625,3307.27001953125,3341.0400390625,15364900
2024-10-09,3338.429931640625,3376.47998046875,3333.6298828125,3376.18994140625,13864400
2024-10-10,3375.77001953125,3378.39990234375,3352.969970703125,3368.25,16834300
2024-10-11,3367.8798828125,3391.800048828125,3353.10009765625,3386.2900390625,13767800
2024-10-14,3395.800048828125,3424.429931640625,3394.919921875,3415.31005859375,14791400
2024-10-15,3435.010009765625,3439.85009765625,3382.6201171875,3392.419921875,22802100
2024-10-16,3390.139892578125,3399.639892578125,3369.1298828125,3390.030029296875,17523800
2024-10-17,3407.139892578125,3443.56005859375,3407.139892578125,3423.070068359375,15823300
2024-10-18,3422.199951171875,3448.739990234375,3422.199951171875,3434.5400390625,17552000
2024-10-21,3423.330078125,3437.760009765625,3386.14990234375,3390.18994140625,14929000
2024-10-22,3383.489990234375,3419.6201171875,3381.64990234375,3385.489990234375,20670100
2024-10-23,3382.280029296875,3423.1201171875,3381.27001953125,3406.56005859375,19577700
2024-10-24,3413.570068359375,3440.0,3413.570068359375,3413.860107421875,15841400
2024-10-25,3417.89990234375,3429.489990234375,3404.489990234375,3420.429931640625,14316400
2024-10-28,3425.830078125,3434.679931640625,3404.909912109375,3420.8701171875,17001400
2024-10-29,3426.27001953125,3435.35009765625,3404.31005859375,3415.169921875,16320200
2024-10-30,3400.830078125,3404.260009765625,3348.050048828125,3349.0400390625,18029500
2024-10-31,3330.409912109375,3331.5400390625,3283.2099609375,3302.239990234375,22556500
2024-11-01,3309.18994140625,3340.139892578125,3297.030029296875,3329.8798828125,13570100
2024-11-04,3327.989990234375,3346.4599609375,3314.35009765625,3315.080078125,15482600
2024-11-05,3314.340087890625,3337.929931640625,3308.639892578125,3336.469970703125,19697200
2024-11-06,3343.2900390625,3406.530029296875,3307.60009765625,3314.929931640625,30373500
2024-11-07,3319.820068359375,3396.1201171875,3317.679931640625,3384.3798828125,24349100
2024-11-08,3393.340087890625,3406.699951171875,3365.81005859375,3381.2900390625,20545500
2024-11-11,3399.260009765625,3449.760009765625,3398.18994140625,3417.800048828125,22433300
2024-11-12,3403.199951171875,3422.2099609375,3375.090087890625,3382.260009765625,28665500
2024-11-13,3370.929931640625,3370.929931640625,3314.489990234375,3332.7900390625,24102700
2024-11-14,3339.330078125,3388.64990234375,3322.1298828125,3385.81005859375,23512100
2024-11-15,3364.280029296875,3378.590087890625,3345.14990234375,3352.330078125,24509000
2024-11-18,3345.429931640625,3361.5400390625,3321.64990234375,3333.56005859375,15690100
2024-11-19,3338.2099609375,3345.739990234375,3272.800048828125,3313.760009765625,20287400
2024-11-20,3333.050048828125,3339.81005859375,3308.1298828125,3317.81005859375,15010400
2024-11-21,3324.35009765625,3329.75,3299.699951171875,3329.06005859375,15645300
2024-11-22,3333.510009765625,3378.429931640625,3332.530029296875,3370.0400390625,20294400
2024-11-25,3392.14990234375,3409.010009765625,3385.110107421875,3405.169921875,35654000
2024-11-26,3390.56005859375,3434.010009765625,3383.820068359375,3402.820068359375,16081100
2024-11-27,3402.56005859375,3405.280029296875,3374.860107421875,3390.669921875,11903300
2024-11-28,3409.2900390625,3419.0400390625,3394.929931640625,3396.830078125,9955300
2024-11-29,3394.0,3430.050048828125,3386.300048828125,3429.570068359375,13682600
2024-12-02,3420.320068359375,3457.739990234375,3409.06005859375,3457.739990234375,16931000
2024-12-03,3462.1298828125,3468.8701171875,3432.5,3467.860107421875,17721400
2024-12-04,3474.070068359375,3513.300048828125,3470.659912109375,3512.570068359375,17628000
2024-12-05,3506.010009765625,3530.85009765625,3505.280029296875,3521.8701171875,18602400
2024-12-06,3513.56005859375,3529.030029296875,3505.3701171875,3528.77001953125,16584500
2024-12-09,3534.080078125,3546.159912109375,3518.93994140625,3537.639892578125,27520000
2024-12-10,3528.8701171875,3564.47998046875,3523.1298828125,3552.260009765625,27590400
2024-12-11,3554.070068359375,3555.56005859375,3535.8701171875,3548.93994140625,18950500
2024-12-12,3544.989990234375,3559.679931640625,3536.8798828125,3547.580078125,18371200
2024-12-13,3549.570068359375,3552.27001953125,3518.669921875,3521.260009765625,18609300
2024-12-16,3511.72998046875,3515.760009765625,3497.14990234375,3513.64990234375,16882700
2024-12-17,3501.3701171875,3514.449951171875,3489.239990234375,3489.239990234375,19298000
2024-12-18,3493.199951171875,3510.31005859375,3493.199951171875,3504.97998046875,17265700
2024-12-19,3468.699951171875,3468.780029296875,3432.64990234375,3432.85009765625,24877500
2024-12-20,3404.6201171875,3421.070068359375,3369.090087890625,3413.81005859375,46354300
2024-12-23,3404.169921875,3433.72998046875,3397.10009765625,3427.72998046875,11940100
2024-12-27,3421.199951171875,3453.010009765625,3418.139892578125,3452.27001953125,12688300
2024-12-30,3441.659912109375,3441.909912109375,3412.389892578125,3417.14990234375,9813200
2025-01-02,3414.510009765625,3436.639892578125,3413.8798828125,3436.6201171875,15203800
2025-01-03,3437.14990234375,3437.6298828125,3403.340087890625,3415.10009765625,13082700
2025-01-06,3424.52001953125,3487.570068359375,3424.52001953125,3482.360107421875,23470200
2025-01-07,3486.360107421875,3532.409912109375,3479.719970703125,3519.68994140625,20239400
2025-01-08,3523.4599609375,3532.419921875,3475.919921875,3489.169921875,19756700
2025-01-09,3483.110107421875,3502.77001953125,3480.139892578125,3487.679931640625,11782400
2025-01-10,3486.64990234375,3525.719970703125,3483.02001953125,3499.090087890625,18503900
2025-01-13,3486.7099609375,3495.60009765625,3456.820068359375,3491.090087890625,17829200
2025-01-14,3506.139892578125,3535.47998046875,3491.239990234375,3497.31005859375,19378300
2025-01-15,3504.280029296875,3559.35009765625,3502.610107421875,3544.070068359375,20999400
2025-01-16,3554.780029296875,3578.72998046875,3530.830078125,3549.739990234375,20561800
2025-01-17,3556.070068359375,3587.77001953125,3551.93994140625,3586.860107421875,20793700
2025-01-20,3586.260009765625,3611.47998046875,3566.8798828125,3608.449951171875,12442200
2025-01-21,3603.1201171875,3641.85009765625,3603.1201171875,3641.85009765625,13925000
2025-01-22,3650.219970703125,3670.93994140625,3649.56005859375,3663.550048828125,18308100
2025-01-23,3650.60009765625,3671.85009765625,3643.409912109375,3657.010009765625,17020100
2025-01-24,3664.719970703125,3678.840087890625,3634.18994140625,3648.18994140625,19821300
2025-01-27,3625.469970703125,3640.139892578125,3597.639892578125,3630.89990234375,21642800
2025-01-28,3629.699951171875,3696.60009765625,3627.179931640625,3681.699951171875,21680000
2025-01-29,3687.320068359375,3719.699951171875,3685.14990234375,3701.2099609375,26585000
2025-01-30,3702.760009765625,3718.510009765625,3694.31005859375,3714.929931640625,21901300
2025-01-31,3719.679931640625,3734.090087890625,3711.419921875,3727.360107421875,18605900
2025-02-03,3684.75,3687.409912109375,3653.949951171875,3680.320068359375,20775300
2025-02-04,3682.570068359375,3739.4599609375,3676.530029296875,3726.10009765625,28033800
2025-02-05,3716.25,3771.010009765625,3711.9599609375,3770.969970703125,18307700
2025-02-06,3781.7099609375,3842.14990234375,3779.010009765625,3827.760009765625,25189600
2025-02-07,3823.64990234375,3828.110107421875,3780.389892578125,3785.47998046875,18594800
2025-02-10,3800.110107421875,3809.1201171875,3769.050048828125,3802.679931640625,18905500
2025-02-11,3800.2900390625,3836.3701171875,3798.4599609375,3832.320068359375,16526500
2025-02-12,3836.1298828125,3842.10009765625,3801.580078125,3833.159912109375,19291500
2025-02-13,3844.6298828125,3861.739990234375,3814.760009765625,3859.4599609375,23236000
2025-02-14,3846.719970703125,3856.8701171875,3828.43994140625,3835.110107421875,20424600
2025-02-17,3834.090087890625,3876.719970703125,3825.409912109375,3874.719970703125,15635600
2025-02-18,3878.179931640625,3899.530029296875,3852.35009765625,3876.60009765625,19419000
2025-02-19,3877.739990234375,3905.010009765625,3848.699951171875,3856.969970703125,22836200
2025-02-20,3870.7900390625,3887.7099609375,3848.02001953125,3848.81005859375,23499400
2025-02-21,3864.719970703125,3867.159912109375,3843.1298828125,3857.030029296875,23086000
2025-02-24,3869.010009765625,3889.6298828125,3830.81005859375,3858.8798828125,19242300
2025-02-25,3839.929931640625,3877.25,3831.699951171875,3839.389892578125,21689700
2025-02-26,3849.090087890625,3868.239990234375,3827.18994140625,3849.2099609375,25769000
2025-02-27,3825.8798828125,3827.56005859375,3777.909912109375,3803.1201171875,31511400
2025-02-28,3786.139892578125,3787.010009765625,3747.1201171875,3777.1298828125,44351200
2025-03-03,3777.139892578125,3885.4599609375,3776.300048828125,3856.5,28829000
2025-03-04,3834.35009765625,3842.570068359375,3719.14990234375,3719.14990234375,35219200
2025-03-05,3774.659912109375,3861.5400390625,3771.239990234375,3834.7099609375,41184700
2025-03-06,3852.530029296875,3878.1201171875,3819.080078125,3866.159912109375,41327000
2025-03-07,3850.0,3850.0,3775.199951171875,3795.159912109375,27557300
2025-03-10,3817.340087890625,3824.52001953125,3708.0400390625,3719.35009765625,30498500
2025-03-11,3729.14990234375,3766.1298828125,3676.02001953125,3685.68994140625,29348300
2025-03-12,3701.090087890625,3741.02001953125,3692.669921875,3739.840087890625,25078100
2025-03-13,3730.56005859375,3738.8798828125,3687.8798828125,3703.239990234375,23009600
2025-03-14,3688.570068359375,3779.330078125,3688.530029296875,3773.35009765625,28742200
2025-03-17,3776.860107421875,3812.81005859375,3772.699951171875,3810.409912109375,21085200
2025-03-18,3829.530029296875,3877.110107421875,3820.72998046875,3850.72998046875,25108700
2025-03-19,3848.169921875,3850.330078125,3811.409912109375,3828.300048828125,20590200
2025-03-20,3829.860107421875,3837.219970703125,3755.68994140625,3766.800048828125,23825900
2025-03-21,3753.3798828125,3765.1201171875,3713.469970703125,3751.429931640625,49108400
2025-03-24,3774.93994140625,3799.25,3760.419921875,3778.300048828125,18731200
2025-03-25,3782.8701171875,3821.239990234375,3761.320068359375,3797.610107421875,16944200
2025-03-26,3804.110107421875,3809.7900390625,3727.090087890625,3727.909912109375,18444700
2025-03-27,3697.469970703125,3703.669921875,3672.340087890625,3695.97998046875,20338900
2025-03-28,3676.1201171875,3693.43994140625,3647.52001953125,3651.669921875,25379500
2025-03-31,3616.610107421875,3617.8798828125,3569.580078125,3588.239990234375,25795800
2025-04-01,3616.85009765625,3645.510009765625,3607.7900390625,3636.419921875,19484100
2025-04-02,3624.8701171875,3627.699951171875,3564.830078125,3613.719970703125,18572600
2025-04-03,3540.570068359375,3573.489990234375,3470.159912109375,3474.969970703125,30093900
2025-04-04,3463.97998046875,3469.090087890625,3275.0400390625,3318.31005859375,52459400
2025-04-07,3093.919921875,3377.800048828125,3010.360107421875,3212.800048828125,68631100
2025-04-08,3237.06005859375,3318.64990234375,3204.580078125,3294.89990234375,39251700
2025-04-09,3230.97998046875,3237.139892578125,3146.580078125,3187.7900390625,36078200
2025-04-10,3428.2900390625,3465.219970703125,3311.830078125,3311.830078125,38850500
2025-04-11,3349.6201171875,3358.60009765625,3256.97998046875,3297.429931640625,33615400
2025-04-14,3344.699951171875,3403.6201171875,3344.699951171875,3388.550048828125,23783900
2025-04-15,3399.6298828125,3449.139892578125,3399.6298828125,3444.64990234375,19388500
2025-04-16,3421.0400390625,3452.8701171875,3396.97998046875,3452.8701171875,19260100
2025-04-17,3449.2900390625,3454.580078125,3396.75,3412.85009765625,19561500
2025-04-22,3404.110107421875,3423.659912109375,3368.300048828125,3423.659912109375,21785400
2025-04-23,3446.139892578125,3567.93994140625,3443.72998046875,3541.8701171875,28007600
2025-04-24,3536.110107421875,3584.669921875,3509.60009765625,3583.18994140625,22910000
2025-04-25,3595.840087890625,3611.669921875,3571.889892578125,3588.2900390625,26181000
2025-04-28,3599.2099609375,3619.909912109375,3583.760009765625,3586.510009765625,20659400
2025-04-29,3598.659912109375,3622.2900390625,3593.9599609375,3606.360107421875,18844200
2025-04-30,3618.18994140625,3651.659912109375,3590.169921875,3634.7900390625,31663000
2025-05-02,3664.389892578125,3729.3798828125,3663.830078125,3728.929931640625,27480500
2025-05-05,3723.3701171875,3749.6298828125,3718.340087890625,3744.510009765625,14881900
2025-05-06,3747.860107421875,3749.199951171875,3658.25,3697.110107421875,24077100
2025-05-07,3697.93994140625,3706.3798828125,3676.5400390625,3680.010009765625,24400900
2025-05-08,3696.639892578125,3728.8701171875,3686.949951171875,3722.47998046875,23978600
2025-05-09,3737.52001953125,3759.429931640625,3732.550048828125,3745.47998046875,21604200
2025-05-12,3776.860107421875,3820.199951171875,3756.159912109375,3796.699951171875,30329200
2025-05-13,3814.2099609375,3820.2099609375,3796.6298828125,3819.469970703125,20370800
2025-05-14,3817.9599609375,3830.360107421875,3775.719970703125,3783.320068359375,20888400
2025-05-15,3766.25,3819.77001953125,3765.909912109375,3819.659912109375,22900200
2025-05-16,3826.7099609375,3862.89990234375,3819.699951171875,3842.669921875,20875600
2025-05-19,3829.610107421875,3850.780029296875,3809.639892578125,3850.199951171875,15041500
2025-05-20,3856.5400390625,3886.889892578125,3845.919921875,3870.3798828125,20751400
2025-05-21,3862.659912109375,3888.550048828125,3849.320068359375,3887.0,19605000
2025-05-22,3866.969970703125,3868.409912109375,3813.110107421875,3846.760009765625,21310900
2025-05-23,3850.280029296875,3874.889892578125,3735.159912109375,3773.68994140625,30565700
2025-05-26,3821.2099609375,3849.570068359375,3820.14990234375,3831.030029296875,13452200
2025-05-27,3839.949951171875,3884.929931640625,3831.06005859375,3870.820068359375,19368400
2025-05-28,3872.31005859375,3885.429931640625,3849.1298828125,3849.199951171875,21836500
2025-05-29,3882.030029296875,3906.6298828125,3843.89990234375,3852.02001953125,16284500
2025-05-30,3852.1201171875,3881.72998046875,3844.14990234375,3846.85009765625,37644000
2025-06-02,3825.22998046875,3836.10009765625,3790.409912109375,3824.139892578125,20451700
2025-06-03,3841.159912109375,3868.22998046875,3820.989990234375,3867.610107421875,19358200
2025-06-04,3889.75,3929.919921875,3889.070068359375,3925.9599609375,20181800
2025-06-05,3931.52001953125,3973.179931640625,3924.56005859375,3955.52001953125,15704200
2025-06-06,3946.06005859375,3957.75,3928.989990234375,3942.93994140625,13807700
2025-06-09,3934.320068359375,3939.820068359375,3914.820068359375,3936.18994140625,12446900
2025-06-10,3926.429931640625,3936.419921875,3898.3701171875,3925.93994140625,19305300
2025-06-11,3922.35009765625,3947.570068359375,3911.3798828125,3912.5400390625,19851900
2025-06-12,3890.989990234375,3900.929931640625,3857.8701171875,3860.739990234375,24912300
2025-06-13,3820.75,3831.8701171875,3793.81005859375,3813.659912109375,28435200
2025-06-16,3821.389892578125,3850.260009765625,3805.360107421875,3849.06005859375,18960700
2025-06-17,3829.590087890625,3831.570068359375,3791.25,3799.7900390625,18948700
2025-06-18,3789.5,3790.8798828125,3750.85009765625,3766.5,26135600
2025-06-19,3740.219970703125,3753.610107421875,3721.919921875,3733.669921875,12908600
2025-06-20,3751.1201171875,3791.239990234375,3749.830078125,3751.169921875,51239900
2025-06-23,3730.719970703125,3774.669921875,3725.280029296875,3762.3701171875,15695200
2025-06-24,3782.639892578125,3847.68994140625,3781.18994140625,3834.889892578125,20912900
2025-06-25,3851.52001953125,3854.320068359375,3800.830078125,3805.389892578125,17676800
2025-06-26,3821.199951171875,3847.159912109375,3811.469970703125,3839.419921875,16351800
2025-06-27,3870.919921875,3874.389892578125,3843.139892578125,3873.340087890625,15877600
2025-06-30,3895.590087890625,3901.030029296875,3868.02001953125,3877.2099609375,19418800
2025-07-01,3877.3798828125,3886.919921875,3838.860107421875,3847.030029296875,15598300
2025-07-02,3853.590087890625,3865.75,3827.820068359375,3861.0400390625,15322800
2025-07-03,3877.409912109375,3884.669921875,3859.1298828125,3881.360107421875,15461200
2025-07-04,3862.7900390625,3880.5400390625,3854.0400390625,3872.409912109375,11366800
2025-07-07,3871.070068359375,3898.52001953125,3863.14990234375,3897.1298828125,14561100
2025-07-08,3903.169921875,3945.6298828125,3892.530029296875,3941.64990234375,18971200
2025-07-09,3937.1201171875,3974.659912109375,3929.5,3964.550048828125,19102000
2025-07-10,3980.860107421875,3994.93994140625,3960.840087890625,3974.1201171875,21738600
2025-07-11,3953.550048828125,3954.320068359375,3913.610107421875,3914.300048828125,15326600
2025-07-14,3875.64990234375,3899.6298828125,3869.0,3898.93994140625,11873200
2025-07-15,3902.550048828125,3928.52001953125,3899.5400390625,3902.699951171875,15188300
2025-07-16,3884.77001953125,3931.1298828125,3877.699951171875,3891.699951171875,16695200
2025-07-17,3927.110107421875,3959.800048828125,3924.35009765625,3957.830078125,16067400
2025-07-18,3967.909912109375,3979.260009765625,3934.93994140625,3941.050048828125,17344600
2025-07-21,3945.199951171875,3954.639892578125,3918.18994140625,3925.300048828125,22963600
2025-07-22,3907.81005859375,3907.81005859375,3845.85009765625,3869.570068359375,19780700
2025-07-23,3874.659912109375,3879.85009765625,3824.64990234375,3835.31005859375,26295300
2025-07-24,3828.64990234375,3878.02001953125,3828.64990234375,3863.1298828125,31205800
2025-07-25,3845.679931640625,3857.5,3830.669921875,3855.699951171875,19975700
2025-07-28,3874.85009765625,3899.2900390625,3840.139892578125,3840.919921875,19007500
2025-07-29,3859.929931640625,3904.260009765625,3859.929931640625,3890.89990234375,20591900
2025-07-30,3889.0,3915.4599609375,3885.27001953125,3907.830078125,14393400
2025-07-31,3920.639892578125,3939.81005859375,3846.010009765625,3851.469970703125,20145900
2025-08-01,3826.050048828125,3826.72998046875,3740.64990234375,3760.7099609375,20797100
2025-08-04,3769.050048828125,3796.610107421875,3767.510009765625,3772.3798828125,15967000
2025-08-05,3783.760009765625,3828.68994140625,3783.469970703125,3800.449951171875,17576600
2025-08-06,3815.7900390625,3819.800048828125,3760.070068359375,3771.989990234375,16451200
2025-08-07,3769.840087890625,3782.8798828125,3711.929931640625,3765.489990234375,32204200
2025-08-08,3765.989990234375,3790.27001953125,3761.110107421875,3775.3701171875,20514600
2025-08-11,3784.27001953125,3789.4599609375,3755.139892578125,3768.6201171875,12233600
2025-08-12,3775.7900390625,3783.760009765625,3712.27001953125,3740.2900390625,21014700
2025-08-13,3748.1201171875,3776.199951171875,3746.81005859375,3759.169921875,16601400
2025-08-14,3762.2099609375,3783.139892578125,3757.739990234375,3771.5400390625,13058800
2025-08-15,3787.260009765625,3793.780029296875,3766.080078125,3766.080078125,14536000
2025-08-18,3769.219970703125,3776.8798828125,3755.300048828125,3775.7099609375,10200400
2025-08-19,3776.389892578125,3781.610107421875,3764.830078125,3770.22998046875,13069900
2025-08-20,3752.050048828125,3776.6201171875,3731.0400390625,3756.679931640625,14147800
2025-08-21,3756.64990234375,3763.830078125,3745.52001953125,3755.169921875,11225800
2025-08-22,3741.800048828125,3787.010009765625,3739.6298828125,3779.739990234375,12765100
2025-08-25,3773.070068359375,3785.25,3760.800048828125,3768.8701171875,9571000
2025-08-26,3760.909912109375,3779.27001953125,3743.449951171875,3757.14990234375,25083800
2025-08-27,3759.0,3765.39990234375,3740.39990234375,3747.47998046875,11781000
2025-08-28,3753.280029296875,3763.89990234375,3734.199951171875,3743.169921875,13389900
2025-08-29,3734.85009765625,3745.889892578125,3702.659912109375,3703.580078125,13788500
2025-09-01,3708.43994140625,3739.199951171875,3707.889892578125,3739.199951171875,11750100
2025-09-02,3730.449951171875,3730.449951171875,3632.219970703125,3634.340087890625,18454700
2025-09-03,3654.8798828125,3672.43994140625,3605.10009765625,3614.0,20025300
2025-09-04,3610.169921875,3638.530029296875,3607.389892578125,3623.610107421875,20950900
2025-09-05,3635.110107421875,3646.780029296875,3619.760009765625,3628.2099609375,15450700
2025-09-08,3643.27001953125,3659.280029296875,3613.2099609375,3635.10009765625,18562100
2025-09-09,3632.530029296875,3640.8701171875,3609.39990234375,3626.7900390625,14488100
2025-09-10,3637.2099609375,3660.31005859375,3598.85009765625,3600.35009765625,19136000
2025-09-11,3596.39990234375,3602.2900390625,3566.340087890625,3567.300048828125,15284300
2025-09-12,3578.6201171875,3587.3798828125,3553.4599609375,3564.419921875,15039900
2025-09-15,3573.97998046875,3599.43994140625,3563.280029296875,3580.550048828125,14822300
2025-09-16,3586.239990234375,3592.97998046875,3545.02001953125,3548.659912109375,20005300
2025-09-17,3551.800048828125,3580.780029296875,3551.800048828125,3574.070068359375,18068100
2025-09-18,3590.889892578125,3663.110107421875,3588.909912109375,3655.31005859375,19803500
2025-09-19,3654.139892578125,3658.159912109375,3623.75,3631.919921875,56333600
2025-09-22,3628.669921875,3635.860107421875,3606.72998046875,3628.260009765625,17629700
2025-09-23,3632.840087890625,3663.31005859375,3628.510009765625,3643.56005859375,16959800
2025-09-24,3643.919921875,3665.8798828125,3633.199951171875,3653.43994140625,18920000
2025-09-25,3647.330078125,3652.8701171875,3591.929931640625,3611.7099609375,17499400
2025-09-26,3606.679931640625,3609.090087890625,3579.64990234375,3589.639892578125,14800700
2025-09-29,3599.360107421875,3624.719970703125,3599.360107421875,3618.949951171875,12768800
2025-09-30,3614.889892578125,3649.0400390625,3600.179931640625,3648.4599609375,15477300
2025-10-01,3633.489990234375,3678.64990234375,3628.570068359375,3674.31005859375,16449200
2025-10-02,3695.2099609375,3748.489990234375,3695.2099609375,3727.93994140625,19681500
2025-10-03,3738.550048828125,3753.02001953125,3715.550048828125,3734.199951171875,14539500
2025-10-06,3743.7099609375,3761.139892578125,3723.239990234375,3742.5,15478400
2025-10-07,3744.679931640625,3755.389892578125,3732.219970703125,3733.070068359375,13661200
2025-10-08,3727.530029296875,3737.6298828125,3708.56005859375,3732.06005859375,16345300
2025-10-09,3735.39990234375,3752.5400390625,3719.590087890625,3747.469970703125,13855300
2025-10-10,3745.2900390625,3749.469970703125,3658.070068359375,3658.280029296875,16917100
2025-10-13,3665.60009765625,3697.050048828125,3659.43994140625,3684.679931640625,13933500
2025-10-14,3661.85009765625,3668.199951171875,3628.929931640625,3646.409912109375,14725800
2025-10-15,3654.10009765625,3674.030029296875,3643.840087890625,3658.60009765625,15636400
2025-10-16,3657.89990234375,3708.3798828125,3657.260009765625,3701.60009765625,14752500
2025-10-17,3688.89990234375,3688.89990234375,3626.10009765625,3656.3701171875,21934600
2025-10-20,3673.93994140625,3758.77001953125,3673.81005859375,3756.030029296875,15601700
2025-10-21,3760.169921875,3795.93994140625,3753.9599609375,3789.9599609375,17230700
2025-10-22,3791.800048828125,3791.800048828125,3750.389892578125,3750.389892578125,31510300
2025-10-23,3754.93994140625,3769.2099609375,3711.780029296875,3741.050048828125,25735300
2025-10-24,3745.679931640625,3754.77001953125,3725.93994140625,3727.5400390625,17732500
2025-10-27,3744.60009765625,3751.9599609375,3712.639892578125,3730.110107421875,19524100
2025-10-28,3718.81005859375,3744.719970703125,3716.219970703125,3718.14990234375,22372800
2025-10-29,3713.9599609375,3721.300048828125,3668.9599609375,3672.179931640625,20850900
2025-10-30,3670.780029296875,3686.830078125,3650.43994140625,3650.449951171875,23307000
2025-10-31,3647.31005859375,3647.909912109375,3621.10009765625,3629.179931640625,18859000
2025-11-03,3627.610107421875,3663.030029296875,3624.340087890625,3630.47998046875,20890000
2025-11-04,3603.89990234375,3618.93994140625,3564.820068359375,3610.860107421875,21643900
2025-11-05,3599.2099609375,3599.260009765625,3524.31005859375,3561.969970703125,28265400
2025-11-06,3562.050048828125,3572.8701171875,3496.699951171875,3498.239990234375,22809200
2025-11-07,3509.72998046875,3519.719970703125,3464.409912109375,3465.60009765625,22477800
2025-11-10,3498.510009765625,3521.550048828125,3493.5400390625,3496.68994140625,19238200
2025-11-11,3498.739990234375,3518.7900390625,3486.030029296875,3515.360107421875,18127700
2025-11-12,3523.39990234375,3609.25,3523.360107421875,3575.93994140625,30714500
2025-11-13,3586.360107421875,3603.719970703125,3546.360107421875,3548.580078125,24726000
2025-11-14,3532.39990234375,3538.219970703125,3474.5,3534.639892578125,25365200
2025-11-17,3546.169921875,3551.1298828125,3470.860107421875,3476.7099609375,16188400
2025-11-18,3450.0400390625,3450.68994140625,3407.669921875,3416.4599609375,19487600
2025-11-19,3415.820068359375,3454.800048828125,3411.580078125,3420.989990234375,20528500
2025-11-20,3438.669921875,3472.31005859375,3432.669921875,3432.93994140625,17265700
2025-11-21,3415.110107421875,3431.27001953125,3381.85009765625,3409.219970703125,23713200
2025-11-24,3428.260009765625,3465.85009765625,3428.260009765625,3459.679931640625,43493500
2025-11-25,3466.330078125,3503.840087890625,3453.8798828125,3496.9599609375,18059900
2025-11-26,3504.60009765625,3532.570068359375,3480.550048828125,3528.419921875,17214300
2025-11-27,3523.830078125,3567.60009765625,3521.0,3563.360107421875,10356400
2025-11-28,3565.179931640625,3597.2099609375,3562.8701171875,3591.780029296875,14753600
2025-12-01,3579.489990234375,3581.610107421875,3539.840087890625,3547.419921875,17145200
2025-12-02,3542.219970703125,3558.47998046875,3529.590087890625,3546.969970703125,13044400
2025-12-03,3554.219970703125,3590.330078125,3546.56005859375,3556.300048828125,16657400
2025-12-04,3570.409912109375,3596.320068359375,3561.949951171875,3582.340087890625,16711300
2025-12-05,3589.3701171875,3615.64990234375,3577.610107421875,3607.8798828125,15279600
2025-12-08,3609.010009765625,3610.389892578125,3576.72998046875,3581.97998046875,17636200
2025-12-09,3575.97998046875,3590.800048828125,3570.8701171875,3583.7900390625,18951700
2025-12-10,3580.969970703125,3588.35009765625,3560.0,3568.510009765625,17493100
2025-12-11,3565.43994140625,3573.14990234375,3541.830078125,3562.449951171875,17215000
2025-12-12,3568.64990234375,3587.949951171875,3552.14990234375,3552.43994140625,15632900
2025-12-15,3559.5400390625,3566.85009765625,3538.22998046875,3550.590087890625,15679500
2025-12-16,3533.719970703125,3546.2900390625,3513.780029296875,3534.52001953125,18241000
2025-12-17,3542.070068359375,3546.199951171875,3517.489990234375,3527.719970703125,19410500
2025-12-18,3523.840087890625,3557.820068359375,3520.919921875,3557.820068359375,19263000
2025-12-19,3546.909912109375,3569.389892578125,3538.719970703125,3566.780029296875,43209900
2025-12-22,3573.320068359375,3595.340087890625,3569.889892578125,3592.97998046875,12504100
2025-12-23,3592.3701171875,3601.010009765625,3582.35009765625,3586.840087890625,10160800
2025-12-29,3587.4599609375,3607.699951171875,3571.389892578125,3599.820068359375,12640100
2025-12-30,3601.68994140625,3626.830078125,3599.780029296875,3622.27001953125,8580100
